{"intensity":2,"laneId":676645909,"dateObserved":"2020-07-07T00:00:00/2020-07-08T00:00:00","location":{"coordinates":[3.9096322,43.6157418],"type":"Point"},"id":"MMM_EcoCompt_X2H20063161_202007070000","type":"TrafficFlowObserved","vehicleType":"bicycle","reversedLane":false}
{"intensity":359,"laneId":676645909,"dateObserved":"2020-07-08T00:00:00/2020-07-09T00:00:00","location":{"coordinates":[3.9096322,43.6157418],"type":"Point"},"id":"MMM_EcoCompt_X2H20063161_202007080000","type":"TrafficFlowObserved","vehicleType":"bicycle","reversedLane":false}
{"intensity":357,"laneId":676645909,"dateObserved":"2020-07-09T00:00:00/2020-07-10T00:00:00","location":{"coordinates":[3.9096322,43.6157418],"type":"Point"},"id":"MMM_EcoCompt_X2H20063161_202007090000","type":"TrafficFlowObserved","vehicleType":"bicycle","reversedLane":false}
{"intensity":247,"laneId":676645909,"dateObserved":"2020-07-10T00:00:00/2020-07-11T00:00:00","location":{"coordinates":[3.9096322,43.6157418],"type":"Point"},"id":"MMM_EcoCompt_X2H20063161_202007100000","type":"TrafficFlowObserved","vehicleType":"bicycle","reversedLane":false}
{"intensity":82,"laneId":676645909,"dateObserved":"2020-07-11T00:00:00/2020-07-12T00:00:00","location":{"coordinates":[3.9096322,43.6157418],"type":"Point"},"id":"MMM_EcoCompt_X2H20063161_202007110000","type":"TrafficFlowObserved","vehicleType":"bicycle","reversedLane":false}
{"intensity":73,"laneId":676645909,"dateObserved":"2020-07-12T00:00:00/2020-07-13T00:00:00","location":{"coordinates":[3.9096322,43.6157418],"type":"Point"},"id":"MMM_EcoCompt_X2H20063161_202007120000","type":"TrafficFlowObserved","vehicleType":"bicycle","reversedLane":false}
{"intensity":151,"laneId":676645909,"dateObserved":"2020-07-13T00:00:00/2020-07-14T00:00:00","location":{"coordinates":[3.9096322,43.6157418],"type":"Point"},"id":"MMM_EcoCompt_X2H20063161_202007130000","type":"TrafficFlowObserved","vehicleType":"bicycle","reversedLane":false}
{"intensity":92,"laneId":676645909,"dateObserved":"2020-07-14T00:00:00/2020-07-15T00:00:00","location":{"coordinates":[3.9096322,43.6157418],"type":"Point"},"id":"MMM_EcoCompt_X2H20063161_202007140000","type":"TrafficFlowObserved","vehicleType":"bicycle","reversedLane":false}
{"intensity":294,"laneId":676645909,"dateObserved":"2020-07-15T00:00:00/2020-07-16T00:00:00","location":{"coordinates":[3.9096322,43.6157418],"type":"Point"},"id":"MMM_EcoCompt_X2H20063161_202007150000","type":"TrafficFlowObserved","vehicleType":"bicycle","reversedLane":false}
{"intensity":298,"laneId":676645909,"dateObserved":"2020-07-16T00:00:00/2020-07-17T00:00:00","location":{"coordinates":[3.9096322,43.6157418],"type":"Point"},"id":"MMM_EcoCompt_X2H20063161_202007160000","type":"TrafficFlowObserved","vehicleType":"bicycle","reversedLane":false}
{"intensity":261,"laneId":676645909,"dateObserved":"2020-07-17T00:00:00/2020-07-18T00:00:00","location":{"coordinates":[3.9096322,43.6157418],"type":"Point"},"id":"MMM_EcoCompt_X2H20063161_202007170000","type":"TrafficFlowObserved","vehicleType":"bicycle","reversedLane":false}
{"intensity":80,"laneId":676645909,"dateObserved":"2020-07-18T00:00:00/2020-07-19T00:00:00","location":{"coordinates":[3.9096322,43.6157418],"type":"Point"},"id":"MMM_EcoCompt_X2H20063161_202007180000","type":"TrafficFlowObserved","vehicleType":"bicycle","reversedLane":false}
{"intensity":88,"laneId":676645909,"dateObserved":"2020-07-19T00:00:00/2020-07-20T00:00:00","location":{"coordinates":[3.9096322,43.6157418],"type":"Point"},"id":"MMM_EcoCompt_X2H20063161_202007190000","type":"TrafficFlowObserved","vehicleType":"bicycle","reversedLane":false}
{"intensity":314,"laneId":676645909,"dateObserved":"2020-07-20T00:00:00/2020-07-21T00:00:00","location":{"coordinates":[3.9096322,43.6157418],"type":"Point"},"id":"MMM_EcoCompt_X2H20063161_202007200000","type":"TrafficFlowObserved","vehicleType":"bicycle","reversedLane":false}
{"intensity":402,"laneId":676645909,"dateObserved":"2020-07-21T00:00:00/2020-07-22T00:00:00","location":{"coordinates":[3.9096322,43.6157418],"type":"Point"},"id":"MMM_EcoCompt_X2H20063161_202007210000","type":"TrafficFlowObserved","vehicleType":"bicycle","reversedLane":false}
{"intensity":346,"laneId":676645909,"dateObserved":"2020-07-22T00:00:00/2020-07-23T00:00:00","location":{"coordinates":[3.9096322,43.6157418],"type":"Point"},"id":"MMM_EcoCompt_X2H20063161_202007220000","type":"TrafficFlowObserved","vehicleType":"bicycle","reversedLane":false}
{"intensity":327,"laneId":676645909,"dateObserved":"2020-07-23T00:00:00/2020-07-24T00:00:00","location":{"coordinates":[3.9096322,43.6157418],"type":"Point"},"id":"MMM_EcoCompt_X2H20063161_202007230000","type":"TrafficFlowObserved","vehicleType":"bicycle","reversedLane":false}
{"intensity":232,"laneId":676645909,"dateObserved":"2020-07-24T00:00:00/2020-07-25T00:00:00","location":{"coordinates":[3.9096322,43.6157418],"type":"Point"},"id":"MMM_EcoCompt_X2H20063161_202007240000","type":"TrafficFlowObserved","vehicleType":"bicycle","reversedLane":false}
{"intensity":71,"laneId":676645909,"dateObserved":"2020-07-25T00:00:00/2020-07-26T00:00:00","location":{"coordinates":[3.9096322,43.6157418],"type":"Point"},"id":"MMM_EcoCompt_X2H20063161_202007250000","type":"TrafficFlowObserved","vehicleType":"bicycle","reversedLane":false}
{"intensity":78,"laneId":676645909,"dateObserved":"2020-07-26T00:00:00/2020-07-27T00:00:00","location":{"coordinates":[3.9096322,43.6157418],"type":"Point"},"id":"MMM_EcoCompt_X2H20063161_202007260000","type":"TrafficFlowObserved","vehicleType":"bicycle","reversedLane":false}
{"intensity":279,"laneId":676645909,"dateObserved":"2020-07-27T00:00:00/2020-07-28T00:00:00","location":{"coordinates":[3.9096322,43.6157418],"type":"Point"},"id":"MMM_EcoCompt_X2H20063161_202007270000","type":"TrafficFlowObserved","vehicleType":"bicycle","reversedLane":false}
{"intensity":366,"laneId":676645909,"dateObserved":"2020-07-28T00:00:00/2020-07-29T00:00:00","location":{"coordinates":[3.9096322,43.6157418],"type":"Point"},"id":"MMM_EcoCompt_X2H20063161_202007280000","type":"TrafficFlowObserved","vehicleType":"bicycle","reversedLane":false}
{"intensity":277,"laneId":676645909,"dateObserved":"2020-07-29T00:00:00/2020-07-30T00:00:00","location":{"coordinates":[3.9096322,43.6157418],"type":"Point"},"id":"MMM_EcoCompt_X2H20063161_202007290000","type":"TrafficFlowObserved","vehicleType":"bicycle","reversedLane":false}
{"intensity":301,"laneId":676645909,"dateObserved":"2020-07-30T00:00:00/2020-07-31T00:00:00","location":{"coordinates":[3.9096322,43.6157418],"type":"Point"},"id":"MMM_EcoCompt_X2H20063161_202007300000","type":"TrafficFlowObserved","vehicleType":"bicycle","reversedLane":false}
{"intensity":243,"laneId":676645909,"dateObserved":"2020-07-31T00:00:00/2020-08-01T00:00:00","location":{"coordinates":[3.9096322,43.6157418],"type":"Point"},"id":"MMM_EcoCompt_X2H20063161_202007310000","type":"TrafficFlowObserved","vehicleType":"bicycle","reversedLane":false}
{"intensity":45,"laneId":676645909,"dateObserved":"2020-08-01T00:00:00/2020-08-02T00:00:00","location":{"coordinates":[3.9096322,43.6157418],"type":"Point"},"id":"MMM_EcoCompt_X2H20063161_202008010000","type":"TrafficFlowObserved","vehicleType":"bicycle","reversedLane":false}
{"intensity":89,"laneId":676645909,"dateObserved":"2020-08-02T00:00:00/2020-08-03T00:00:00","location":{"coordinates":[3.9096322,43.6157418],"type":"Point"},"id":"MMM_EcoCompt_X2H20063161_202008020000","type":"TrafficFlowObserved","vehicleType":"bicycle","reversedLane":false}
{"intensity":263,"laneId":676645909,"dateObserved":"2020-08-03T00:00:00/2020-08-04T00:00:00","location":{"coordinates":[3.9096322,43.6157418],"type":"Point"},"id":"MMM_EcoCompt_X2H20063161_202008030000","type":"TrafficFlowObserved","vehicleType":"bicycle","reversedLane":false}
{"intensity":327,"laneId":676645909,"dateObserved":"2020-08-04T00:00:00/2020-08-05T00:00:00","location":{"coordinates":[3.9096322,43.6157418],"type":"Point"},"id":"MMM_EcoCompt_X2H20063161_202008040000","type":"TrafficFlowObserved","vehicleType":"bicycle","reversedLane":false}
{"intensity":288,"laneId":676645909,"dateObserved":"2020-08-05T00:00:00/2020-08-06T00:00:00","location":{"coordinates":[3.9096322,43.6157418],"type":"Point"},"id":"MMM_EcoCompt_X2H20063161_202008050000","type":"TrafficFlowObserved","vehicleType":"bicycle","reversedLane":false}
{"intensity":281,"laneId":676645909,"dateObserved":"2020-08-06T00:00:00/2020-08-07T00:00:00","location":{"coordinates":[3.9096322,43.6157418],"type":"Point"},"id":"MMM_EcoCompt_X2H20063161_202008060000","type":"TrafficFlowObserved","vehicleType":"bicycle","reversedLane":false}
{"intensity":243,"laneId":676645909,"dateObserved":"2020-08-07T00:00:00/2020-08-08T00:00:00","location":{"coordinates":[3.9096322,43.6157418],"type":"Point"},"id":"MMM_EcoCompt_X2H20063161_202008070000","type":"TrafficFlowObserved","vehicleType":"bicycle","reversedLane":false}
{"intensity":65,"laneId":676645909,"dateObserved":"2020-08-08T00:00:00/2020-08-09T00:00:00","location":{"coordinates":[3.9096322,43.6157418],"type":"Point"},"id":"MMM_EcoCompt_X2H20063161_202008080000","type":"TrafficFlowObserved","vehicleType":"bicycle","reversedLane":false}
{"intensity":80,"laneId":676645909,"dateObserved":"2020-08-09T00:00:00/2020-08-10T00:00:00","location":{"coordinates":[3.9096322,43.6157418],"type":"Point"},"id":"MMM_EcoCompt_X2H20063161_202008090000","type":"TrafficFlowObserved","vehicleType":"bicycle","reversedLane":false}
{"intensity":294,"laneId":676645909,"dateObserved":"2020-08-10T00:00:00/2020-08-11T00:00:00","location":{"coordinates":[3.9096322,43.6157418],"type":"Point"},"id":"MMM_EcoCompt_X2H20063161_202008100000","type":"TrafficFlowObserved","vehicleType":"bicycle","reversedLane":false}
{"intensity":309,"laneId":676645909,"dateObserved":"2020-08-11T00:00:00/2020-08-12T00:00:00","location":{"coordinates":[3.9096322,43.6157418],"type":"Point"},"id":"MMM_EcoCompt_X2H20063161_202008110000","type":"TrafficFlowObserved","vehicleType":"bicycle","reversedLane":false}
{"intensity":300,"laneId":676645909,"dateObserved":"2020-08-12T00:00:00/2020-08-13T00:00:00","location":{"coordinates":[3.9096322,43.6157418],"type":"Point"},"id":"MMM_EcoCompt_X2H20063161_202008120000","type":"TrafficFlowObserved","vehicleType":"bicycle","reversedLane":false}
{"intensity":260,"laneId":676645909,"dateObserved":"2020-08-13T00:00:00/2020-08-14T00:00:00","location":{"coordinates":[3.9096322,43.6157418],"type":"Point"},"id":"MMM_EcoCompt_X2H20063161_202008130000","type":"TrafficFlowObserved","vehicleType":"bicycle","reversedLane":false}
{"intensity":178,"laneId":676645909,"dateObserved":"2020-08-14T00:00:00/2020-08-15T00:00:00","location":{"coordinates":[3.9096322,43.6157418],"type":"Point"},"id":"MMM_EcoCompt_X2H20063161_202008140000","type":"TrafficFlowObserved","vehicleType":"bicycle","reversedLane":false}
{"intensity":73,"laneId":676645909,"dateObserved":"2020-08-15T00:00:00/2020-08-16T00:00:00","location":{"coordinates":[3.9096322,43.6157418],"type":"Point"},"id":"MMM_EcoCompt_X2H20063161_202008150000","type":"TrafficFlowObserved","vehicleType":"bicycle","reversedLane":false}
{"intensity":72,"laneId":676645909,"dateObserved":"2020-08-16T00:00:00/2020-08-17T00:00:00","location":{"coordinates":[3.9096322,43.6157418],"type":"Point"},"id":"MMM_EcoCompt_X2H20063161_202008160000","type":"TrafficFlowObserved","vehicleType":"bicycle","reversedLane":false}
{"intensity":220,"laneId":676645909,"dateObserved":"2020-08-17T00:00:00/2020-08-18T00:00:00","location":{"coordinates":[3.9096322,43.6157418],"type":"Point"},"id":"MMM_EcoCompt_X2H20063161_202008170000","type":"TrafficFlowObserved","vehicleType":"bicycle","reversedLane":false}
{"intensity":281,"laneId":676645909,"dateObserved":"2020-08-18T00:00:00/2020-08-19T00:00:00","location":{"coordinates":[3.9096322,43.6157418],"type":"Point"},"id":"MMM_EcoCompt_X2H20063161_202008180000","type":"TrafficFlowObserved","vehicleType":"bicycle","reversedLane":false}
{"intensity":249,"laneId":676645909,"dateObserved":"2020-08-19T00:00:00/2020-08-20T00:00:00","location":{"coordinates":[3.9096322,43.6157418],"type":"Point"},"id":"MMM_EcoCompt_X2H20063161_202008190000","type":"TrafficFlowObserved","vehicleType":"bicycle","reversedLane":false}
{"intensity":297,"laneId":676645909,"dateObserved":"2020-08-20T00:00:00/2020-08-21T00:00:00","location":{"coordinates":[3.9096322,43.6157418],"type":"Point"},"id":"MMM_EcoCompt_X2H20063161_202008200000","type":"TrafficFlowObserved","vehicleType":"bicycle","reversedLane":false}
{"intensity":261,"laneId":676645909,"dateObserved":"2020-08-21T00:00:00/2020-08-22T00:00:00","location":{"coordinates":[3.9096322,43.6157418],"type":"Point"},"id":"MMM_EcoCompt_X2H20063161_202008210000","type":"TrafficFlowObserved","vehicleType":"bicycle","reversedLane":false}
{"intensity":51,"laneId":676645909,"dateObserved":"2020-08-22T00:00:00/2020-08-23T00:00:00","location":{"coordinates":[3.9096322,43.6157418],"type":"Point"},"id":"MMM_EcoCompt_X2H20063161_202008220000","type":"TrafficFlowObserved","vehicleType":"bicycle","reversedLane":false}
{"intensity":105,"laneId":676645909,"dateObserved":"2020-08-23T00:00:00/2020-08-24T00:00:00","location":{"coordinates":[3.9096322,43.6157418],"type":"Point"},"id":"MMM_EcoCompt_X2H20063161_202008230000","type":"TrafficFlowObserved","vehicleType":"bicycle","reversedLane":false}
{"intensity":309,"laneId":676645909,"dateObserved":"2020-08-24T00:00:00/2020-08-25T00:00:00","location":{"coordinates":[3.9096322,43.6157418],"type":"Point"},"id":"MMM_EcoCompt_X2H20063161_202008240000","type":"TrafficFlowObserved","vehicleType":"bicycle","reversedLane":false}
{"intensity":333,"laneId":676645909,"dateObserved":"2020-08-25T00:00:00/2020-08-26T00:00:00","location":{"coordinates":[3.9096322,43.6157418],"type":"Point"},"id":"MMM_EcoCompt_X2H20063161_202008250000","type":"TrafficFlowObserved","vehicleType":"bicycle","reversedLane":false}
{"intensity":324,"laneId":676645909,"dateObserved":"2020-08-26T00:00:00/2020-08-27T00:00:00","location":{"coordinates":[3.9096322,43.6157418],"type":"Point"},"id":"MMM_EcoCompt_X2H20063161_202008260000","type":"TrafficFlowObserved","vehicleType":"bicycle","reversedLane":false}
{"intensity":290,"laneId":676645909,"dateObserved":"2020-08-27T00:00:00/2020-08-28T00:00:00","location":{"coordinates":[3.9096322,43.6157418],"type":"Point"},"id":"MMM_EcoCompt_X2H20063161_202008270000","type":"TrafficFlowObserved","vehicleType":"bicycle","reversedLane":false}
{"intensity":247,"laneId":676645909,"dateObserved":"2020-08-28T00:00:00/2020-08-29T00:00:00","location":{"coordinates":[3.9096322,43.6157418],"type":"Point"},"id":"MMM_EcoCompt_X2H20063161_202008280000","type":"TrafficFlowObserved","vehicleType":"bicycle","reversedLane":false}
{"intensity":52,"laneId":676645909,"dateObserved":"2020-08-29T00:00:00/2020-08-30T00:00:00","location":{"coordinates":[3.9096322,43.6157418],"type":"Point"},"id":"MMM_EcoCompt_X2H20063161_202008290000","type":"TrafficFlowObserved","vehicleType":"bicycle","reversedLane":false}
{"intensity":119,"laneId":676645909,"dateObserved":"2020-08-30T00:00:00/2020-08-31T00:00:00","location":{"coordinates":[3.9096322,43.6157418],"type":"Point"},"id":"MMM_EcoCompt_X2H20063161_202008300000","type":"TrafficFlowObserved","vehicleType":"bicycle","reversedLane":false}
{"intensity":326,"laneId":676645909,"dateObserved":"2020-08-31T00:00:00/2020-09-01T00:00:00","location":{"coordinates":[3.9096322,43.6157418],"type":"Point"},"id":"MMM_EcoCompt_X2H20063161_202008310000","type":"TrafficFlowObserved","vehicleType":"bicycle","reversedLane":false}
{"intensity":355,"laneId":676645909,"dateObserved":"2020-09-01T00:00:00/2020-09-02T00:00:00","location":{"coordinates":[3.9096322,43.6157418],"type":"Point"},"id":"MMM_EcoCompt_X2H20063161_202009010000","type":"TrafficFlowObserved","vehicleType":"bicycle","reversedLane":false}
{"intensity":350,"laneId":676645909,"dateObserved":"2020-09-02T00:00:00/2020-09-03T00:00:00","location":{"coordinates":[3.9096322,43.6157418],"type":"Point"},"id":"MMM_EcoCompt_X2H20063161_202009020000","type":"TrafficFlowObserved","vehicleType":"bicycle","reversedLane":false}
{"intensity":363,"laneId":676645909,"dateObserved":"2020-09-03T00:00:00/2020-09-04T00:00:00","location":{"coordinates":[3.9096322,43.6157418],"type":"Point"},"id":"MMM_EcoCompt_X2H20063161_202009030000","type":"TrafficFlowObserved","vehicleType":"bicycle","reversedLane":false}
{"intensity":293,"laneId":676645909,"dateObserved":"2020-09-04T00:00:00/2020-09-05T00:00:00","location":{"coordinates":[3.9096322,43.6157418],"type":"Point"},"id":"MMM_EcoCompt_X2H20063161_202009040000","type":"TrafficFlowObserved","vehicleType":"bicycle","reversedLane":false}
{"intensity":100,"laneId":676645909,"dateObserved":"2020-09-05T00:00:00/2020-09-06T00:00:00","location":{"coordinates":[3.9096322,43.6157418],"type":"Point"},"id":"MMM_EcoCompt_X2H20063161_202009050000","type":"TrafficFlowObserved","vehicleType":"bicycle","reversedLane":false}
{"intensity":102,"laneId":676645909,"dateObserved":"2020-09-06T00:00:00/2020-09-07T00:00:00","location":{"coordinates":[3.9096322,43.6157418],"type":"Point"},"id":"MMM_EcoCompt_X2H20063161_202009060000","type":"TrafficFlowObserved","vehicleType":"bicycle","reversedLane":false}
{"intensity":371,"laneId":676645909,"dateObserved":"2020-09-07T00:00:00/2020-09-08T00:00:00","location":{"coordinates":[3.9096322,43.6157418],"type":"Point"},"id":"MMM_EcoCompt_X2H20063161_202009070000","type":"TrafficFlowObserved","vehicleType":"bicycle","reversedLane":false}
{"intensity":410,"laneId":676645909,"dateObserved":"2020-09-08T00:00:00/2020-09-09T00:00:00","location":{"coordinates":[3.9096322,43.6157418],"type":"Point"},"id":"MMM_EcoCompt_X2H20063161_202009080000","type":"TrafficFlowObserved","vehicleType":"bicycle","reversedLane":false}
{"intensity":272,"laneId":676645909,"dateObserved":"2020-09-09T00:00:00/2020-09-10T00:00:00","location":{"coordinates":[3.9096322,43.6157418],"type":"Point"},"id":"MMM_EcoCompt_X2H20063161_202009090000","type":"TrafficFlowObserved","vehicleType":"bicycle","reversedLane":false}
{"intensity":368,"laneId":676645909,"dateObserved":"2020-09-10T00:00:00/2020-09-11T00:00:00","location":{"coordinates":[3.9096322,43.6157418],"type":"Point"},"id":"MMM_EcoCompt_X2H20063161_202009100000","type":"TrafficFlowObserved","vehicleType":"bicycle","reversedLane":false}
{"intensity":339,"laneId":676645909,"dateObserved":"2020-09-11T00:00:00/2020-09-12T00:00:00","location":{"coordinates":[3.9096322,43.6157418],"type":"Point"},"id":"MMM_EcoCompt_X2H20063161_202009110000","type":"TrafficFlowObserved","vehicleType":"bicycle","reversedLane":false}
{"intensity":106,"laneId":676645909,"dateObserved":"2020-09-12T00:00:00/2020-09-13T00:00:00","location":{"coordinates":[3.9096322,43.6157418],"type":"Point"},"id":"MMM_EcoCompt_X2H20063161_202009120000","type":"TrafficFlowObserved","vehicleType":"bicycle","reversedLane":false}
{"intensity":120,"laneId":676645909,"dateObserved":"2020-09-13T00:00:00/2020-09-14T00:00:00","location":{"coordinates":[3.9096322,43.6157418],"type":"Point"},"id":"MMM_EcoCompt_X2H20063161_202009130000","type":"TrafficFlowObserved","vehicleType":"bicycle","reversedLane":false}
{"intensity":426,"laneId":676645909,"dateObserved":"2020-09-14T00:00:00/2020-09-15T00:00:00","location":{"coordinates":[3.9096322,43.6157418],"type":"Point"},"id":"MMM_EcoCompt_X2H20063161_202009140000","type":"TrafficFlowObserved","vehicleType":"bicycle","reversedLane":false}
{"intensity":492,"laneId":676645909,"dateObserved":"2020-09-15T00:00:00/2020-09-16T00:00:00","location":{"coordinates":[3.9096322,43.6157418],"type":"Point"},"id":"MMM_EcoCompt_X2H20063161_202009150000","type":"TrafficFlowObserved","vehicleType":"bicycle","reversedLane":false}
{"intensity":390,"laneId":676645909,"dateObserved":"2020-09-16T00:00:00/2020-09-17T00:00:00","location":{"coordinates":[3.9096322,43.6157418],"type":"Point"},"id":"MMM_EcoCompt_X2H20063161_202009160000","type":"TrafficFlowObserved","vehicleType":"bicycle","reversedLane":false}
{"intensity":420,"laneId":676645909,"dateObserved":"2020-09-17T00:00:00/2020-09-18T00:00:00","location":{"coordinates":[3.9096322,43.6157418],"type":"Point"},"id":"MMM_EcoCompt_X2H20063161_202009170000","type":"TrafficFlowObserved","vehicleType":"bicycle","reversedLane":false}
{"intensity":326,"laneId":676645909,"dateObserved":"2020-09-18T00:00:00/2020-09-19T00:00:00","location":{"coordinates":[3.9096322,43.6157418],"type":"Point"},"id":"MMM_EcoCompt_X2H20063161_202009180000","type":"TrafficFlowObserved","vehicleType":"bicycle","reversedLane":false}
{"intensity":73,"laneId":676645909,"dateObserved":"2020-09-19T00:00:00/2020-09-20T00:00:00","location":{"coordinates":[3.9096322,43.6157418],"type":"Point"},"id":"MMM_EcoCompt_X2H20063161_202009190000","type":"TrafficFlowObserved","vehicleType":"bicycle","reversedLane":false}
{"intensity":120,"laneId":676645909,"dateObserved":"2020-09-20T00:00:00/2020-09-21T00:00:00","location":{"coordinates":[3.9096322,43.6157418],"type":"Point"},"id":"MMM_EcoCompt_X2H20063161_202009200000","type":"TrafficFlowObserved","vehicleType":"bicycle","reversedLane":false}
{"intensity":412,"laneId":676645909,"dateObserved":"2020-09-21T00:00:00/2020-09-22T00:00:00","location":{"coordinates":[3.9096322,43.6157418],"type":"Point"},"id":"MMM_EcoCompt_X2H20063161_202009210000","type":"TrafficFlowObserved","vehicleType":"bicycle","reversedLane":false}
{"intensity":327,"laneId":676645909,"dateObserved":"2020-09-22T00:00:00/2020-09-23T00:00:00","location":{"coordinates":[3.9096322,43.6157418],"type":"Point"},"id":"MMM_EcoCompt_X2H20063161_202009220000","type":"TrafficFlowObserved","vehicleType":"bicycle","reversedLane":false}
{"intensity":378,"laneId":676645909,"dateObserved":"2020-09-23T00:00:00/2020-09-24T00:00:00","location":{"coordinates":[3.9096322,43.6157418],"type":"Point"},"id":"MMM_EcoCompt_X2H20063161_202009230000","type":"TrafficFlowObserved","vehicleType":"bicycle","reversedLane":false}
{"intensity":405,"laneId":676645909,"dateObserved":"2020-09-24T00:00:00/2020-09-25T00:00:00","location":{"coordinates":[3.9096322,43.6157418],"type":"Point"},"id":"MMM_EcoCompt_X2H20063161_202009240000","type":"TrafficFlowObserved","vehicleType":"bicycle","reversedLane":false}
{"intensity":287,"laneId":676645909,"dateObserved":"2020-09-25T00:00:00/2020-09-26T00:00:00","location":{"coordinates":[3.9096322,43.6157418],"type":"Point"},"id":"MMM_EcoCompt_X2H20063161_202009250000","type":"TrafficFlowObserved","vehicleType":"bicycle","reversedLane":false}
{"intensity":48,"laneId":676645909,"dateObserved":"2020-09-26T00:00:00/2020-09-27T00:00:00","location":{"coordinates":[3.9096322,43.6157418],"type":"Point"},"id":"MMM_EcoCompt_X2H20063161_202009260000","type":"TrafficFlowObserved","vehicleType":"bicycle","reversedLane":false}
{"intensity":51,"laneId":676645909,"dateObserved":"2020-09-27T00:00:00/2020-09-28T00:00:00","location":{"coordinates":[3.9096322,43.6157418],"type":"Point"},"id":"MMM_EcoCompt_X2H20063161_202009270000","type":"TrafficFlowObserved","vehicleType":"bicycle","reversedLane":false}
{"intensity":302,"laneId":676645909,"dateObserved":"2020-09-28T00:00:00/2020-09-29T00:00:00","location":{"coordinates":[3.9096322,43.6157418],"type":"Point"},"id":"MMM_EcoCompt_X2H20063161_202009280000","type":"TrafficFlowObserved","vehicleType":"bicycle","reversedLane":false}
{"intensity":411,"laneId":676645909,"dateObserved":"2020-09-29T00:00:00/2020-09-30T00:00:00","location":{"coordinates":[3.9096322,43.6157418],"type":"Point"},"id":"MMM_EcoCompt_X2H20063161_202009290000","type":"TrafficFlowObserved","vehicleType":"bicycle","reversedLane":false}
{"intensity":357,"laneId":676645909,"dateObserved":"2020-09-30T00:00:00/2020-10-01T00:00:00","location":{"coordinates":[3.9096322,43.6157418],"type":"Point"},"id":"MMM_EcoCompt_X2H20063161_202009300000","type":"TrafficFlowObserved","vehicleType":"bicycle","reversedLane":false}
{"intensity":327,"laneId":676645909,"dateObserved":"2020-10-01T00:00:00/2020-10-02T00:00:00","location":{"coordinates":[3.9096322,43.6157418],"type":"Point"},"id":"MMM_EcoCompt_X2H20063161_202010010000","type":"TrafficFlowObserved","vehicleType":"bicycle","reversedLane":false}
{"intensity":214,"laneId":676645909,"dateObserved":"2020-10-02T00:00:00/2020-10-03T00:00:00","location":{"coordinates":[3.9096322,43.6157418],"type":"Point"},"id":"MMM_EcoCompt_X2H20063161_202010020000","type":"TrafficFlowObserved","vehicleType":"bicycle","reversedLane":false}
{"intensity":74,"laneId":676645909,"dateObserved":"2020-10-03T00:00:00/2020-10-04T00:00:00","location":{"coordinates":[3.9096322,43.6157418],"type":"Point"},"id":"MMM_EcoCompt_X2H20063161_202010030000","type":"TrafficFlowObserved","vehicleType":"bicycle","reversedLane":false}
{"intensity":79,"laneId":676645909,"dateObserved":"2020-10-04T00:00:00/2020-10-05T00:00:00","location":{"coordinates":[3.9096322,43.6157418],"type":"Point"},"id":"MMM_EcoCompt_X2H20063161_202010040000","type":"TrafficFlowObserved","vehicleType":"bicycle","reversedLane":false}
{"intensity":334,"laneId":676645909,"dateObserved":"2020-10-05T00:00:00/2020-10-06T00:00:00","location":{"coordinates":[3.9096322,43.6157418],"type":"Point"},"id":"MMM_EcoCompt_X2H20063161_202010050000","type":"TrafficFlowObserved","vehicleType":"bicycle","reversedLane":false}
{"intensity":338,"laneId":676645909,"dateObserved":"2020-10-06T00:00:00/2020-10-07T00:00:00","location":{"coordinates":[3.9096322,43.6157418],"type":"Point"},"id":"MMM_EcoCompt_X2H20063161_202010060000","type":"TrafficFlowObserved","vehicleType":"bicycle","reversedLane":false}
{"intensity":337,"laneId":676645909,"dateObserved":"2020-10-07T00:00:00/2020-10-08T00:00:00","location":{"coordinates":[3.9096322,43.6157418],"type":"Point"},"id":"MMM_EcoCompt_X2H20063161_202010070000","type":"TrafficFlowObserved","vehicleType":"bicycle","reversedLane":false}
{"intensity":414,"laneId":676645909,"dateObserved":"2020-10-08T00:00:00/2020-10-09T00:00:00","location":{"coordinates":[3.9096322,43.6157418],"type":"Point"},"id":"MMM_EcoCompt_X2H20063161_202010080000","type":"TrafficFlowObserved","vehicleType":"bicycle","reversedLane":false}
{"intensity":283,"laneId":676645909,"dateObserved":"2020-10-09T00:00:00/2020-10-10T00:00:00","location":{"coordinates":[3.9096322,43.6157418],"type":"Point"},"id":"MMM_EcoCompt_X2H20063161_202010090000","type":"TrafficFlowObserved","vehicleType":"bicycle","reversedLane":false}
{"intensity":109,"laneId":676645909,"dateObserved":"2020-10-10T00:00:00/2020-10-11T00:00:00","location":{"coordinates":[3.9096322,43.6157418],"type":"Point"},"id":"MMM_EcoCompt_X2H20063161_202010100000","type":"TrafficFlowObserved","vehicleType":"bicycle","reversedLane":false}
{"intensity":92,"laneId":676645909,"dateObserved":"2020-10-11T00:00:00/2020-10-12T00:00:00","location":{"coordinates":[3.9096322,43.6157418],"type":"Point"},"id":"MMM_EcoCompt_X2H20063161_202010110000","type":"TrafficFlowObserved","vehicleType":"bicycle","reversedLane":false}
{"intensity":380,"laneId":676645909,"dateObserved":"2020-10-12T00:00:00/2020-10-13T00:00:00","location":{"coordinates":[3.9096322,43.6157418],"type":"Point"},"id":"MMM_EcoCompt_X2H20063161_202010120000","type":"TrafficFlowObserved","vehicleType":"bicycle","reversedLane":false}
{"intensity":390,"laneId":676645909,"dateObserved":"2020-10-13T00:00:00/2020-10-14T00:00:00","location":{"coordinates":[3.9096322,43.6157418],"type":"Point"},"id":"MMM_EcoCompt_X2H20063161_202010130000","type":"TrafficFlowObserved","vehicleType":"bicycle","reversedLane":false}
{"intensity":330,"laneId":676645909,"dateObserved":"2020-10-14T00:00:00/2020-10-15T00:00:00","location":{"coordinates":[3.9096322,43.6157418],"type":"Point"},"id":"MMM_EcoCompt_X2H20063161_202010140000","type":"TrafficFlowObserved","vehicleType":"bicycle","reversedLane":false}
{"intensity":394,"laneId":676645909,"dateObserved":"2020-10-15T00:00:00/2020-10-16T00:00:00","location":{"coordinates":[3.9096322,43.6157418],"type":"Point"},"id":"MMM_EcoCompt_X2H20063161_202010150000","type":"TrafficFlowObserved","vehicleType":"bicycle","reversedLane":false}
{"intensity":276,"laneId":676645909,"dateObserved":"2020-10-16T00:00:00/2020-10-17T00:00:00","location":{"coordinates":[3.9096322,43.6157418],"type":"Point"},"id":"MMM_EcoCompt_X2H20063161_202010160000","type":"TrafficFlowObserved","vehicleType":"bicycle","reversedLane":false}
{"intensity":101,"laneId":676645909,"dateObserved":"2020-10-17T00:00:00/2020-10-18T00:00:00","location":{"coordinates":[3.9096322,43.6157418],"type":"Point"},"id":"MMM_EcoCompt_X2H20063161_202010170000","type":"TrafficFlowObserved","vehicleType":"bicycle","reversedLane":false}
{"intensity":127,"laneId":676645909,"dateObserved":"2020-10-18T00:00:00/2020-10-19T00:00:00","location":{"coordinates":[3.9096322,43.6157418],"type":"Point"},"id":"MMM_EcoCompt_X2H20063161_202010180000","type":"TrafficFlowObserved","vehicleType":"bicycle","reversedLane":false}
{"intensity":266,"laneId":676645909,"dateObserved":"2020-10-19T00:00:00/2020-10-20T00:00:00","location":{"coordinates":[3.9096322,43.6157418],"type":"Point"},"id":"MMM_EcoCompt_X2H20063161_202010190000","type":"TrafficFlowObserved","vehicleType":"bicycle","reversedLane":false}
{"intensity":291,"laneId":676645909,"dateObserved":"2020-10-20T00:00:00/2020-10-21T00:00:00","location":{"coordinates":[3.9096322,43.6157418],"type":"Point"},"id":"MMM_EcoCompt_X2H20063161_202010200000","type":"TrafficFlowObserved","vehicleType":"bicycle","reversedLane":false}
{"intensity":196,"laneId":676645909,"dateObserved":"2020-10-21T00:00:00/2020-10-22T00:00:00","location":{"coordinates":[3.9096322,43.6157418],"type":"Point"},"id":"MMM_EcoCompt_X2H20063161_202010210000","type":"TrafficFlowObserved","vehicleType":"bicycle","reversedLane":false}
{"intensity":165,"laneId":676645909,"dateObserved":"2020-10-22T00:00:00/2020-10-23T00:00:00","location":{"coordinates":[3.9096322,43.6157418],"type":"Point"},"id":"MMM_EcoCompt_X2H20063161_202010220000","type":"TrafficFlowObserved","vehicleType":"bicycle","reversedLane":false}
{"intensity":188,"laneId":676645909,"dateObserved":"2020-10-23T00:00:00/2020-10-24T00:00:00","location":{"coordinates":[3.9096322,43.6157418],"type":"Point"},"id":"MMM_EcoCompt_X2H20063161_202010230000","type":"TrafficFlowObserved","vehicleType":"bicycle","reversedLane":false}
{"intensity":79,"laneId":676645909,"dateObserved":"2020-10-24T00:00:00/2020-10-25T00:00:00","location":{"coordinates":[3.9096322,43.6157418],"type":"Point"},"id":"MMM_EcoCompt_X2H20063161_202010240000","type":"TrafficFlowObserved","vehicleType":"bicycle","reversedLane":false}
{"intensity":100,"laneId":676645909,"dateObserved":"2020-10-25T00:00:00/2020-10-25T00:00:00","location":{"coordinates":[3.9096322,43.6157418],"type":"Point"},"id":"MMM_EcoCompt_X2H20063161_202010250000","type":"TrafficFlowObserved","vehicleType":"bicycle","reversedLane":false}
{"intensity":239,"laneId":676645909,"dateObserved":"2020-10-26T00:00:00/2020-10-27T00:00:00","location":{"coordinates":[3.9096322,43.6157418],"type":"Point"},"id":"MMM_EcoCompt_X2H20063161_202010260000","type":"TrafficFlowObserved","vehicleType":"bicycle","reversedLane":false}
{"intensity":335,"laneId":676645909,"dateObserved":"2020-10-27T00:00:00/2020-10-28T00:00:00","location":{"coordinates":[3.9096322,43.6157418],"type":"Point"},"id":"MMM_EcoCompt_X2H20063161_202010270000","type":"TrafficFlowObserved","vehicleType":"bicycle","reversedLane":false}
{"intensity":281,"laneId":676645909,"dateObserved":"2020-10-28T00:00:00/2020-10-29T00:00:00","location":{"coordinates":[3.9096322,43.6157418],"type":"Point"},"id":"MMM_EcoCompt_X2H20063161_202010280000","type":"TrafficFlowObserved","vehicleType":"bicycle","reversedLane":false}
{"intensity":321,"laneId":676645909,"dateObserved":"2020-10-29T00:00:00/2020-10-30T00:00:00","location":{"coordinates":[3.9096322,43.6157418],"type":"Point"},"id":"MMM_EcoCompt_X2H20063161_202010290000","type":"TrafficFlowObserved","vehicleType":"bicycle","reversedLane":false}
{"intensity":167,"laneId":676645909,"dateObserved":"2020-10-30T00:00:00/2020-10-31T00:00:00","location":{"coordinates":[3.9096322,43.6157418],"type":"Point"},"id":"MMM_EcoCompt_X2H20063161_202010300000","type":"TrafficFlowObserved","vehicleType":"bicycle","reversedLane":false}
{"intensity":56,"laneId":676645909,"dateObserved":"2020-10-31T00:00:00/2020-11-01T00:00:00","location":{"coordinates":[3.9096322,43.6157418],"type":"Point"},"id":"MMM_EcoCompt_X2H20063161_202010310000","type":"TrafficFlowObserved","vehicleType":"bicycle","reversedLane":false}
{"intensity":65,"laneId":676645909,"dateObserved":"2020-11-01T00:00:00/2020-11-02T00:00:00","location":{"coordinates":[3.9096322,43.6157418],"type":"Point"},"id":"MMM_EcoCompt_X2H20063161_202011010000","type":"TrafficFlowObserved","vehicleType":"bicycle","reversedLane":false}
{"intensity":156,"laneId":676645909,"dateObserved":"2020-11-02T00:00:00/2020-11-03T00:00:00","location":{"coordinates":[3.9096322,43.6157418],"type":"Point"},"id":"MMM_EcoCompt_X2H20063161_202011020000","type":"TrafficFlowObserved","vehicleType":"bicycle","reversedLane":false}
{"intensity":197,"laneId":676645909,"dateObserved":"2020-11-03T00:00:00/2020-11-04T00:00:00","location":{"coordinates":[3.9096322,43.6157418],"type":"Point"},"id":"MMM_EcoCompt_X2H20063161_202011030000","type":"TrafficFlowObserved","vehicleType":"bicycle","reversedLane":false}
{"intensity":196,"laneId":676645909,"dateObserved":"2020-11-04T00:00:00/2020-11-05T00:00:00","location":{"coordinates":[3.9096322,43.6157418],"type":"Point"},"id":"MMM_EcoCompt_X2H20063161_202011040000","type":"TrafficFlowObserved","vehicleType":"bicycle","reversedLane":false}
{"intensity":176,"laneId":676645909,"dateObserved":"2020-11-05T00:00:00/2020-11-06T00:00:00","location":{"coordinates":[3.9096322,43.6157418],"type":"Point"},"id":"MMM_EcoCompt_X2H20063161_202011050000","type":"TrafficFlowObserved","vehicleType":"bicycle","reversedLane":false}
{"intensity":192,"laneId":676645909,"dateObserved":"2020-11-06T00:00:00/2020-11-07T00:00:00","location":{"coordinates":[3.9096322,43.6157418],"type":"Point"},"id":"MMM_EcoCompt_X2H20063161_202011060000","type":"TrafficFlowObserved","vehicleType":"bicycle","reversedLane":false}
{"intensity":58,"laneId":676645909,"dateObserved":"2020-11-07T00:00:00/2020-11-08T00:00:00","location":{"coordinates":[3.9096322,43.6157418],"type":"Point"},"id":"MMM_EcoCompt_X2H20063161_202011070000","type":"TrafficFlowObserved","vehicleType":"bicycle","reversedLane":false}
{"intensity":67,"laneId":676645909,"dateObserved":"2020-11-08T00:00:00/2020-11-09T00:00:00","location":{"coordinates":[3.9096322,43.6157418],"type":"Point"},"id":"MMM_EcoCompt_X2H20063161_202011080000","type":"TrafficFlowObserved","vehicleType":"bicycle","reversedLane":false}
{"intensity":149,"laneId":676645909,"dateObserved":"2020-11-09T00:00:00/2020-11-10T00:00:00","location":{"coordinates":[3.9096322,43.6157418],"type":"Point"},"id":"MMM_EcoCompt_X2H20063161_202011090000","type":"TrafficFlowObserved","vehicleType":"bicycle","reversedLane":false}
{"intensity":222,"laneId":676645909,"dateObserved":"2020-11-10T00:00:00/2020-11-11T00:00:00","location":{"coordinates":[3.9096322,43.6157418],"type":"Point"},"id":"MMM_EcoCompt_X2H20063161_202011100000","type":"TrafficFlowObserved","vehicleType":"bicycle","reversedLane":false}
{"intensity":122,"laneId":676645909,"dateObserved":"2020-11-11T00:00:00/2020-11-12T00:00:00","location":{"coordinates":[3.9096322,43.6157418],"type":"Point"},"id":"MMM_EcoCompt_X2H20063161_202011110000","type":"TrafficFlowObserved","vehicleType":"bicycle","reversedLane":false}
{"intensity":234,"laneId":676645909,"dateObserved":"2020-11-12T00:00:00/2020-11-13T00:00:00","location":{"coordinates":[3.9096322,43.6157418],"type":"Point"},"id":"MMM_EcoCompt_X2H20063161_202011120000","type":"TrafficFlowObserved","vehicleType":"bicycle","reversedLane":false}
{"intensity":185,"laneId":676645909,"dateObserved":"2020-11-13T00:00:00/2020-11-14T00:00:00","location":{"coordinates":[3.9096322,43.6157418],"type":"Point"},"id":"MMM_EcoCompt_X2H20063161_202011130000","type":"TrafficFlowObserved","vehicleType":"bicycle","reversedLane":false}
{"intensity":81,"laneId":676645909,"dateObserved":"2020-11-14T00:00:00/2020-11-15T00:00:00","location":{"coordinates":[3.9096322,43.6157418],"type":"Point"},"id":"MMM_EcoCompt_X2H20063161_202011140000","type":"TrafficFlowObserved","vehicleType":"bicycle","reversedLane":false}
{"intensity":43,"laneId":676645909,"dateObserved":"2020-11-15T00:00:00/2020-11-16T00:00:00","location":{"coordinates":[3.9096322,43.6157418],"type":"Point"},"id":"MMM_EcoCompt_X2H20063161_202011150000","type":"TrafficFlowObserved","vehicleType":"bicycle","reversedLane":false}
{"intensity":190,"laneId":676645909,"dateObserved":"2020-11-16T00:00:00/2020-11-17T00:00:00","location":{"coordinates":[3.9096322,43.6157418],"type":"Point"},"id":"MMM_EcoCompt_X2H20063161_202011160000","type":"TrafficFlowObserved","vehicleType":"bicycle","reversedLane":false}
{"intensity":248,"laneId":676645909,"dateObserved":"2020-11-17T00:00:00/2020-11-18T00:00:00","location":{"coordinates":[3.9096322,43.6157418],"type":"Point"},"id":"MMM_EcoCompt_X2H20063161_202011170000","type":"TrafficFlowObserved","vehicleType":"bicycle","reversedLane":false}
{"intensity":190,"laneId":676645909,"dateObserved":"2020-11-18T00:00:00/2020-11-19T00:00:00","location":{"coordinates":[3.9096322,43.6157418],"type":"Point"},"id":"MMM_EcoCompt_X2H20063161_202011180000","type":"TrafficFlowObserved","vehicleType":"bicycle","reversedLane":false}
{"intensity":216,"laneId":676645909,"dateObserved":"2020-11-19T00:00:00/2020-11-20T00:00:00","location":{"coordinates":[3.9096322,43.6157418],"type":"Point"},"id":"MMM_EcoCompt_X2H20063161_202011190000","type":"TrafficFlowObserved","vehicleType":"bicycle","reversedLane":false}
{"intensity":202,"laneId":676645909,"dateObserved":"2020-11-20T00:00:00/2020-11-21T00:00:00","location":{"coordinates":[3.9096322,43.6157418],"type":"Point"},"id":"MMM_EcoCompt_X2H20063161_202011200000","type":"TrafficFlowObserved","vehicleType":"bicycle","reversedLane":false}
{"intensity":102,"laneId":676645909,"dateObserved":"2020-11-21T00:00:00/2020-11-22T00:00:00","location":{"coordinates":[3.9096322,43.6157418],"type":"Point"},"id":"MMM_EcoCompt_X2H20063161_202011210000","type":"TrafficFlowObserved","vehicleType":"bicycle","reversedLane":false}
{"intensity":99,"laneId":676645909,"dateObserved":"2020-11-22T00:00:00/2020-11-23T00:00:00","location":{"coordinates":[3.9096322,43.6157418],"type":"Point"},"id":"MMM_EcoCompt_X2H20063161_202011220000","type":"TrafficFlowObserved","vehicleType":"bicycle","reversedLane":false}
{"intensity":210,"laneId":676645909,"dateObserved":"2020-11-23T00:00:00/2020-11-24T00:00:00","location":{"coordinates":[3.9096322,43.6157418],"type":"Point"},"id":"MMM_EcoCompt_X2H20063161_202011230000","type":"TrafficFlowObserved","vehicleType":"bicycle","reversedLane":false}
{"intensity":227,"laneId":676645909,"dateObserved":"2020-11-24T00:00:00/2020-11-25T00:00:00","location":{"coordinates":[3.9096322,43.6157418],"type":"Point"},"id":"MMM_EcoCompt_X2H20063161_202011240000","type":"TrafficFlowObserved","vehicleType":"bicycle","reversedLane":false}
{"intensity":142,"laneId":676645909,"dateObserved":"2020-11-25T00:00:00/2020-11-26T00:00:00","location":{"coordinates":[3.9096322,43.6157418],"type":"Point"},"id":"MMM_EcoCompt_X2H20063161_202011250000","type":"TrafficFlowObserved","vehicleType":"bicycle","reversedLane":false}
{"intensity":162,"laneId":676645909,"dateObserved":"2020-11-26T00:00:00/2020-11-27T00:00:00","location":{"coordinates":[3.9096322,43.6157418],"type":"Point"},"id":"MMM_EcoCompt_X2H20063161_202011260000","type":"TrafficFlowObserved","vehicleType":"bicycle","reversedLane":false}
{"intensity":159,"laneId":676645909,"dateObserved":"2020-11-27T00:00:00/2020-11-28T00:00:00","location":{"coordinates":[3.9096322,43.6157418],"type":"Point"},"id":"MMM_EcoCompt_X2H20063161_202011270000","type":"TrafficFlowObserved","vehicleType":"bicycle","reversedLane":false}
{"intensity":105,"laneId":676645909,"dateObserved":"2020-11-28T00:00:00/2020-11-29T00:00:00","location":{"coordinates":[3.9096322,43.6157418],"type":"Point"},"id":"MMM_EcoCompt_X2H20063161_202011280000","type":"TrafficFlowObserved","vehicleType":"bicycle","reversedLane":false}
{"intensity":199,"laneId":676645909,"dateObserved":"2020-11-29T00:00:00/2020-11-30T00:00:00","location":{"coordinates":[3.9096322,43.6157418],"type":"Point"},"id":"MMM_EcoCompt_X2H20063161_202011290000","type":"TrafficFlowObserved","vehicleType":"bicycle","reversedLane":false}
{"intensity":196,"laneId":676645909,"dateObserved":"2020-11-30T00:00:00/2020-12-01T00:00:00","location":{"coordinates":[3.9096322,43.6157418],"type":"Point"},"id":"MMM_EcoCompt_X2H20063161_202011300000","type":"TrafficFlowObserved","vehicleType":"bicycle","reversedLane":false}
{"intensity":168,"laneId":676645909,"dateObserved":"2020-12-01T00:00:00/2020-12-02T00:00:00","location":{"coordinates":[3.9096322,43.6157418],"type":"Point"},"id":"MMM_EcoCompt_X2H20063161_202012010000","type":"TrafficFlowObserved","vehicleType":"bicycle","reversedLane":false}
{"intensity":200,"laneId":676645909,"dateObserved":"2020-12-03T00:00:00/2020-12-04T00:00:00","location":{"coordinates":[3.9096322,43.6157418],"type":"Point"},"id":"MMM_EcoCompt_X2H20063161_202012030000","type":"TrafficFlowObserved","vehicleType":"bicycle","reversedLane":false}
{"intensity":141,"laneId":676645909,"dateObserved":"2020-12-04T00:00:00/2020-12-05T00:00:00","location":{"coordinates":[3.9096322,43.6157418],"type":"Point"},"id":"MMM_EcoCompt_X2H20063161_202012040000","type":"TrafficFlowObserved","vehicleType":"bicycle","reversedLane":false}
{"intensity":95,"laneId":676645909,"dateObserved":"2020-12-05T00:00:00/2020-12-06T00:00:00","location":{"coordinates":[3.9096322,43.6157418],"type":"Point"},"id":"MMM_EcoCompt_X2H20063161_202012050000","type":"TrafficFlowObserved","vehicleType":"bicycle","reversedLane":false}
{"intensity":76,"laneId":676645909,"dateObserved":"2020-12-06T00:00:00/2020-12-07T00:00:00","location":{"coordinates":[3.9096322,43.6157418],"type":"Point"},"id":"MMM_EcoCompt_X2H20063161_202012060000","type":"TrafficFlowObserved","vehicleType":"bicycle","reversedLane":false}
{"intensity":182,"laneId":676645909,"dateObserved":"2020-12-07T00:00:00/2020-12-08T00:00:00","location":{"coordinates":[3.9096322,43.6157418],"type":"Point"},"id":"MMM_EcoCompt_X2H20063161_202012070000","type":"TrafficFlowObserved","vehicleType":"bicycle","reversedLane":false}
{"intensity":177,"laneId":676645909,"dateObserved":"2020-12-08T00:00:00/2020-12-09T00:00:00","location":{"coordinates":[3.9096322,43.6157418],"type":"Point"},"id":"MMM_EcoCompt_X2H20063161_202012080000","type":"TrafficFlowObserved","vehicleType":"bicycle","reversedLane":false}
{"intensity":197,"laneId":676645909,"dateObserved":"2020-12-09T00:00:00/2020-12-10T00:00:00","location":{"coordinates":[3.9096322,43.6157418],"type":"Point"},"id":"MMM_EcoCompt_X2H20063161_202012090000","type":"TrafficFlowObserved","vehicleType":"bicycle","reversedLane":false}
{"intensity":122,"laneId":676645909,"dateObserved":"2020-12-10T00:00:00/2020-12-11T00:00:00","location":{"coordinates":[3.9096322,43.6157418],"type":"Point"},"id":"MMM_EcoCompt_X2H20063161_202012100000","type":"TrafficFlowObserved","vehicleType":"bicycle","reversedLane":false}
{"intensity":102,"laneId":676645909,"dateObserved":"2020-12-11T00:00:00/2020-12-12T00:00:00","location":{"coordinates":[3.9096322,43.6157418],"type":"Point"},"id":"MMM_EcoCompt_X2H20063161_202012110000","type":"TrafficFlowObserved","vehicleType":"bicycle","reversedLane":false}
{"intensity":74,"laneId":676645909,"dateObserved":"2020-12-12T00:00:00/2020-12-13T00:00:00","location":{"coordinates":[3.9096322,43.6157418],"type":"Point"},"id":"MMM_EcoCompt_X2H20063161_202012120000","type":"TrafficFlowObserved","vehicleType":"bicycle","reversedLane":false}
{"intensity":108,"laneId":676645909,"dateObserved":"2020-12-13T00:00:00/2020-12-14T00:00:00","location":{"coordinates":[3.9096322,43.6157418],"type":"Point"},"id":"MMM_EcoCompt_X2H20063161_202012130000","type":"TrafficFlowObserved","vehicleType":"bicycle","reversedLane":false}
{"intensity":146,"laneId":676645909,"dateObserved":"2020-12-14T00:00:00/2020-12-15T00:00:00","location":{"coordinates":[3.9096322,43.6157418],"type":"Point"},"id":"MMM_EcoCompt_X2H20063161_202012140000","type":"TrafficFlowObserved","vehicleType":"bicycle","reversedLane":false}
{"intensity":142,"laneId":676645909,"dateObserved":"2020-12-15T00:00:00/2020-12-16T00:00:00","location":{"coordinates":[3.9096322,43.6157418],"type":"Point"},"id":"MMM_EcoCompt_X2H20063161_202012150000","type":"TrafficFlowObserved","vehicleType":"bicycle","reversedLane":false}
{"intensity":144,"laneId":676645909,"dateObserved":"2020-12-16T00:00:00/2020-12-17T00:00:00","location":{"coordinates":[3.9096322,43.6157418],"type":"Point"},"id":"MMM_EcoCompt_X2H20063161_202012160000","type":"TrafficFlowObserved","vehicleType":"bicycle","reversedLane":false}
{"intensity":127,"laneId":676645909,"dateObserved":"2020-12-17T00:00:00/2020-12-18T00:00:00","location":{"coordinates":[3.9096322,43.6157418],"type":"Point"},"id":"MMM_EcoCompt_X2H20063161_202012170000","type":"TrafficFlowObserved","vehicleType":"bicycle","reversedLane":false}
{"intensity":124,"laneId":676645909,"dateObserved":"2020-12-18T00:00:00/2020-12-19T00:00:00","location":{"coordinates":[3.9096322,43.6157418],"type":"Point"},"id":"MMM_EcoCompt_X2H20063161_202012180000","type":"TrafficFlowObserved","vehicleType":"bicycle","reversedLane":false}
{"intensity":53,"laneId":676645909,"dateObserved":"2020-12-19T00:00:00/2020-12-20T00:00:00","location":{"coordinates":[3.9096322,43.6157418],"type":"Point"},"id":"MMM_EcoCompt_X2H20063161_202012190000","type":"TrafficFlowObserved","vehicleType":"bicycle","reversedLane":false}
{"intensity":48,"laneId":676645909,"dateObserved":"2020-12-20T00:00:00/2020-12-21T00:00:00","location":{"coordinates":[3.9096322,43.6157418],"type":"Point"},"id":"MMM_EcoCompt_X2H20063161_202012200000","type":"TrafficFlowObserved","vehicleType":"bicycle","reversedLane":false}
{"intensity":141,"laneId":676645909,"dateObserved":"2020-12-21T00:00:00/2020-12-22T00:00:00","location":{"coordinates":[3.9096322,43.6157418],"type":"Point"},"id":"MMM_EcoCompt_X2H20063161_202012210000","type":"TrafficFlowObserved","vehicleType":"bicycle","reversedLane":false}
{"intensity":146,"laneId":676645909,"dateObserved":"2020-12-22T00:00:00/2020-12-23T00:00:00","location":{"coordinates":[3.9096322,43.6157418],"type":"Point"},"id":"MMM_EcoCompt_X2H20063161_202012220000","type":"TrafficFlowObserved","vehicleType":"bicycle","reversedLane":false}
{"intensity":100,"laneId":676645909,"dateObserved":"2020-12-23T00:00:00/2020-12-24T00:00:00","location":{"coordinates":[3.9096322,43.6157418],"type":"Point"},"id":"MMM_EcoCompt_X2H20063161_202012230000","type":"TrafficFlowObserved","vehicleType":"bicycle","reversedLane":false}
{"intensity":80,"laneId":676645909,"dateObserved":"2020-12-24T00:00:00/2020-12-25T00:00:00","location":{"coordinates":[3.9096322,43.6157418],"type":"Point"},"id":"MMM_EcoCompt_X2H20063161_202012240000","type":"TrafficFlowObserved","vehicleType":"bicycle","reversedLane":false}
{"intensity":25,"laneId":676645909,"dateObserved":"2020-12-25T00:00:00/2020-12-26T00:00:00","location":{"coordinates":[3.9096322,43.6157418],"type":"Point"},"id":"MMM_EcoCompt_X2H20063161_202012250000","type":"TrafficFlowObserved","vehicleType":"bicycle","reversedLane":false}
{"intensity":57,"laneId":676645909,"dateObserved":"2020-12-26T00:00:00/2020-12-27T00:00:00","location":{"coordinates":[3.9096322,43.6157418],"type":"Point"},"id":"MMM_EcoCompt_X2H20063161_202012260000","type":"TrafficFlowObserved","vehicleType":"bicycle","reversedLane":false}
{"intensity":53,"laneId":676645909,"dateObserved":"2020-12-27T00:00:00/2020-12-28T00:00:00","location":{"coordinates":[3.9096322,43.6157418],"type":"Point"},"id":"MMM_EcoCompt_X2H20063161_202012270000","type":"TrafficFlowObserved","vehicleType":"bicycle","reversedLane":false}
{"intensity":90,"laneId":676645909,"dateObserved":"2020-12-28T00:00:00/2020-12-29T00:00:00","location":{"coordinates":[3.9096322,43.6157418],"type":"Point"},"id":"MMM_EcoCompt_X2H20063161_202012280000","type":"TrafficFlowObserved","vehicleType":"bicycle","reversedLane":false}
{"intensity":79,"laneId":676645909,"dateObserved":"2020-12-29T00:00:00/2020-12-30T00:00:00","location":{"coordinates":[3.9096322,43.6157418],"type":"Point"},"id":"MMM_EcoCompt_X2H20063161_202012290000","type":"TrafficFlowObserved","vehicleType":"bicycle","reversedLane":false}
{"intensity":89,"laneId":676645909,"dateObserved":"2020-12-30T00:00:00/2020-12-31T00:00:00","location":{"coordinates":[3.9096322,43.6157418],"type":"Point"},"id":"MMM_EcoCompt_X2H20063161_202012300000","type":"TrafficFlowObserved","vehicleType":"bicycle","reversedLane":false}
{"intensity":98,"laneId":676645909,"dateObserved":"2020-12-31T00:00:00/2021-01-01T00:00:00","location":{"coordinates":[3.9096322,43.6157418],"type":"Point"},"id":"MMM_EcoCompt_X2H20063161_202012310000","type":"TrafficFlowObserved","vehicleType":"bicycle","reversedLane":false}
