{"intensity":204,"laneId":105575465,"dateObserved":"2020-07-08T00:00:00/2020-07-09T00:00:00","location":{"coordinates":[3.8956288,43.6266977],"type":"Point"},"id":"MMM_EcoCompt_X2H20063164_202007080000","type":"TrafficFlowObserved","vehicleType":"bicycle","reversedLane":false}
{"intensity":189,"laneId":105575465,"dateObserved":"2020-07-09T00:00:00/2020-07-10T00:00:00","location":{"coordinates":[3.8956288,43.6266977],"type":"Point"},"id":"MMM_EcoCompt_X2H20063164_202007090000","type":"TrafficFlowObserved","vehicleType":"bicycle","reversedLane":false}
{"intensity":214,"laneId":105575465,"dateObserved":"2020-07-10T00:00:00/2020-07-11T00:00:00","location":{"coordinates":[3.8956288,43.6266977],"type":"Point"},"id":"MMM_EcoCompt_X2H20063164_202007100000","type":"TrafficFlowObserved","vehicleType":"bicycle","reversedLane":false}
{"intensity":126,"laneId":105575465,"dateObserved":"2020-07-11T00:00:00/2020-07-12T00:00:00","location":{"coordinates":[3.8956288,43.6266977],"type":"Point"},"id":"MMM_EcoCompt_X2H20063164_202007110000","type":"TrafficFlowObserved","vehicleType":"bicycle","reversedLane":false}
{"intensity":101,"laneId":105575465,"dateObserved":"2020-07-12T00:00:00/2020-07-13T00:00:00","location":{"coordinates":[3.8956288,43.6266977],"type":"Point"},"id":"MMM_EcoCompt_X2H20063164_202007120000","type":"TrafficFlowObserved","vehicleType":"bicycle","reversedLane":false}
{"intensity":192,"laneId":105575465,"dateObserved":"2020-07-13T00:00:00/2020-07-14T00:00:00","location":{"coordinates":[3.8956288,43.6266977],"type":"Point"},"id":"MMM_EcoCompt_X2H20063164_202007130000","type":"TrafficFlowObserved","vehicleType":"bicycle","reversedLane":false}
{"intensity":123,"laneId":105575465,"dateObserved":"2020-07-14T00:00:00/2020-07-15T00:00:00","location":{"coordinates":[3.8956288,43.6266977],"type":"Point"},"id":"MMM_EcoCompt_X2H20063164_202007140000","type":"TrafficFlowObserved","vehicleType":"bicycle","reversedLane":false}
{"intensity":198,"laneId":105575465,"dateObserved":"2020-07-15T00:00:00/2020-07-16T00:00:00","location":{"coordinates":[3.8956288,43.6266977],"type":"Point"},"id":"MMM_EcoCompt_X2H20063164_202007150000","type":"TrafficFlowObserved","vehicleType":"bicycle","reversedLane":false}
{"intensity":206,"laneId":105575465,"dateObserved":"2020-07-16T00:00:00/2020-07-17T00:00:00","location":{"coordinates":[3.8956288,43.6266977],"type":"Point"},"id":"MMM_EcoCompt_X2H20063164_202007160000","type":"TrafficFlowObserved","vehicleType":"bicycle","reversedLane":false}
{"intensity":225,"laneId":105575465,"dateObserved":"2020-07-17T00:00:00/2020-07-18T00:00:00","location":{"coordinates":[3.8956288,43.6266977],"type":"Point"},"id":"MMM_EcoCompt_X2H20063164_202007170000","type":"TrafficFlowObserved","vehicleType":"bicycle","reversedLane":false}
{"intensity":120,"laneId":105575465,"dateObserved":"2020-07-18T00:00:00/2020-07-19T00:00:00","location":{"coordinates":[3.8956288,43.6266977],"type":"Point"},"id":"MMM_EcoCompt_X2H20063164_202007180000","type":"TrafficFlowObserved","vehicleType":"bicycle","reversedLane":false}
{"intensity":129,"laneId":105575465,"dateObserved":"2020-07-19T00:00:00/2020-07-20T00:00:00","location":{"coordinates":[3.8956288,43.6266977],"type":"Point"},"id":"MMM_EcoCompt_X2H20063164_202007190000","type":"TrafficFlowObserved","vehicleType":"bicycle","reversedLane":false}
{"intensity":205,"laneId":105575465,"dateObserved":"2020-07-20T00:00:00/2020-07-21T00:00:00","location":{"coordinates":[3.8956288,43.6266977],"type":"Point"},"id":"MMM_EcoCompt_X2H20063164_202007200000","type":"TrafficFlowObserved","vehicleType":"bicycle","reversedLane":false}
{"intensity":214,"laneId":105575465,"dateObserved":"2020-07-21T00:00:00/2020-07-22T00:00:00","location":{"coordinates":[3.8956288,43.6266977],"type":"Point"},"id":"MMM_EcoCompt_X2H20063164_202007210000","type":"TrafficFlowObserved","vehicleType":"bicycle","reversedLane":false}
{"intensity":229,"laneId":105575465,"dateObserved":"2020-07-22T00:00:00/2020-07-23T00:00:00","location":{"coordinates":[3.8956288,43.6266977],"type":"Point"},"id":"MMM_EcoCompt_X2H20063164_202007220000","type":"TrafficFlowObserved","vehicleType":"bicycle","reversedLane":false}
{"intensity":213,"laneId":105575465,"dateObserved":"2020-07-23T00:00:00/2020-07-24T00:00:00","location":{"coordinates":[3.8956288,43.6266977],"type":"Point"},"id":"MMM_EcoCompt_X2H20063164_202007230000","type":"TrafficFlowObserved","vehicleType":"bicycle","reversedLane":false}
{"intensity":235,"laneId":105575465,"dateObserved":"2020-07-24T00:00:00/2020-07-25T00:00:00","location":{"coordinates":[3.8956288,43.6266977],"type":"Point"},"id":"MMM_EcoCompt_X2H20063164_202007240000","type":"TrafficFlowObserved","vehicleType":"bicycle","reversedLane":false}
{"intensity":150,"laneId":105575465,"dateObserved":"2020-07-25T00:00:00/2020-07-26T00:00:00","location":{"coordinates":[3.8956288,43.6266977],"type":"Point"},"id":"MMM_EcoCompt_X2H20063164_202007250000","type":"TrafficFlowObserved","vehicleType":"bicycle","reversedLane":false}
{"intensity":90,"laneId":105575465,"dateObserved":"2020-07-26T00:00:00/2020-07-27T00:00:00","location":{"coordinates":[3.8956288,43.6266977],"type":"Point"},"id":"MMM_EcoCompt_X2H20063164_202007260000","type":"TrafficFlowObserved","vehicleType":"bicycle","reversedLane":false}
{"intensity":197,"laneId":105575465,"dateObserved":"2020-07-27T00:00:00/2020-07-28T00:00:00","location":{"coordinates":[3.8956288,43.6266977],"type":"Point"},"id":"MMM_EcoCompt_X2H20063164_202007270000","type":"TrafficFlowObserved","vehicleType":"bicycle","reversedLane":false}
{"intensity":214,"laneId":105575465,"dateObserved":"2020-07-28T00:00:00/2020-07-29T00:00:00","location":{"coordinates":[3.8956288,43.6266977],"type":"Point"},"id":"MMM_EcoCompt_X2H20063164_202007280000","type":"TrafficFlowObserved","vehicleType":"bicycle","reversedLane":false}
{"intensity":197,"laneId":105575465,"dateObserved":"2020-07-29T00:00:00/2020-07-30T00:00:00","location":{"coordinates":[3.8956288,43.6266977],"type":"Point"},"id":"MMM_EcoCompt_X2H20063164_202007290000","type":"TrafficFlowObserved","vehicleType":"bicycle","reversedLane":false}
{"intensity":190,"laneId":105575465,"dateObserved":"2020-07-30T00:00:00/2020-07-31T00:00:00","location":{"coordinates":[3.8956288,43.6266977],"type":"Point"},"id":"MMM_EcoCompt_X2H20063164_202007300000","type":"TrafficFlowObserved","vehicleType":"bicycle","reversedLane":false}
{"intensity":199,"laneId":105575465,"dateObserved":"2020-07-31T00:00:00/2020-08-01T00:00:00","location":{"coordinates":[3.8956288,43.6266977],"type":"Point"},"id":"MMM_EcoCompt_X2H20063164_202007310000","type":"TrafficFlowObserved","vehicleType":"bicycle","reversedLane":false}
{"intensity":121,"laneId":105575465,"dateObserved":"2020-08-01T00:00:00/2020-08-02T00:00:00","location":{"coordinates":[3.8956288,43.6266977],"type":"Point"},"id":"MMM_EcoCompt_X2H20063164_202008010000","type":"TrafficFlowObserved","vehicleType":"bicycle","reversedLane":false}
{"intensity":113,"laneId":105575465,"dateObserved":"2020-08-02T00:00:00/2020-08-03T00:00:00","location":{"coordinates":[3.8956288,43.6266977],"type":"Point"},"id":"MMM_EcoCompt_X2H20063164_202008020000","type":"TrafficFlowObserved","vehicleType":"bicycle","reversedLane":false}
{"intensity":162,"laneId":105575465,"dateObserved":"2020-08-03T00:00:00/2020-08-04T00:00:00","location":{"coordinates":[3.8956288,43.6266977],"type":"Point"},"id":"MMM_EcoCompt_X2H20063164_202008030000","type":"TrafficFlowObserved","vehicleType":"bicycle","reversedLane":false}
{"intensity":176,"laneId":105575465,"dateObserved":"2020-08-04T00:00:00/2020-08-05T00:00:00","location":{"coordinates":[3.8956288,43.6266977],"type":"Point"},"id":"MMM_EcoCompt_X2H20063164_202008040000","type":"TrafficFlowObserved","vehicleType":"bicycle","reversedLane":false}
{"intensity":165,"laneId":105575465,"dateObserved":"2020-08-05T00:00:00/2020-08-06T00:00:00","location":{"coordinates":[3.8956288,43.6266977],"type":"Point"},"id":"MMM_EcoCompt_X2H20063164_202008050000","type":"TrafficFlowObserved","vehicleType":"bicycle","reversedLane":false}
{"intensity":176,"laneId":105575465,"dateObserved":"2020-08-06T00:00:00/2020-08-07T00:00:00","location":{"coordinates":[3.8956288,43.6266977],"type":"Point"},"id":"MMM_EcoCompt_X2H20063164_202008060000","type":"TrafficFlowObserved","vehicleType":"bicycle","reversedLane":false}
{"intensity":170,"laneId":105575465,"dateObserved":"2020-08-07T00:00:00/2020-08-08T00:00:00","location":{"coordinates":[3.8956288,43.6266977],"type":"Point"},"id":"MMM_EcoCompt_X2H20063164_202008070000","type":"TrafficFlowObserved","vehicleType":"bicycle","reversedLane":false}
{"intensity":113,"laneId":105575465,"dateObserved":"2020-08-08T00:00:00/2020-08-09T00:00:00","location":{"coordinates":[3.8956288,43.6266977],"type":"Point"},"id":"MMM_EcoCompt_X2H20063164_202008080000","type":"TrafficFlowObserved","vehicleType":"bicycle","reversedLane":false}
{"intensity":125,"laneId":105575465,"dateObserved":"2020-08-09T00:00:00/2020-08-10T00:00:00","location":{"coordinates":[3.8956288,43.6266977],"type":"Point"},"id":"MMM_EcoCompt_X2H20063164_202008090000","type":"TrafficFlowObserved","vehicleType":"bicycle","reversedLane":false}
{"intensity":152,"laneId":105575465,"dateObserved":"2020-08-10T00:00:00/2020-08-11T00:00:00","location":{"coordinates":[3.8956288,43.6266977],"type":"Point"},"id":"MMM_EcoCompt_X2H20063164_202008100000","type":"TrafficFlowObserved","vehicleType":"bicycle","reversedLane":false}
{"intensity":164,"laneId":105575465,"dateObserved":"2020-08-11T00:00:00/2020-08-12T00:00:00","location":{"coordinates":[3.8956288,43.6266977],"type":"Point"},"id":"MMM_EcoCompt_X2H20063164_202008110000","type":"TrafficFlowObserved","vehicleType":"bicycle","reversedLane":false}
{"intensity":153,"laneId":105575465,"dateObserved":"2020-08-12T00:00:00/2020-08-13T00:00:00","location":{"coordinates":[3.8956288,43.6266977],"type":"Point"},"id":"MMM_EcoCompt_X2H20063164_202008120000","type":"TrafficFlowObserved","vehicleType":"bicycle","reversedLane":false}
{"intensity":148,"laneId":105575465,"dateObserved":"2020-08-13T00:00:00/2020-08-14T00:00:00","location":{"coordinates":[3.8956288,43.6266977],"type":"Point"},"id":"MMM_EcoCompt_X2H20063164_202008130000","type":"TrafficFlowObserved","vehicleType":"bicycle","reversedLane":false}
{"intensity":161,"laneId":105575465,"dateObserved":"2020-08-14T00:00:00/2020-08-15T00:00:00","location":{"coordinates":[3.8956288,43.6266977],"type":"Point"},"id":"MMM_EcoCompt_X2H20063164_202008140000","type":"TrafficFlowObserved","vehicleType":"bicycle","reversedLane":false}
{"intensity":95,"laneId":105575465,"dateObserved":"2020-08-15T00:00:00/2020-08-16T00:00:00","location":{"coordinates":[3.8956288,43.6266977],"type":"Point"},"id":"MMM_EcoCompt_X2H20063164_202008150000","type":"TrafficFlowObserved","vehicleType":"bicycle","reversedLane":false}
{"intensity":101,"laneId":105575465,"dateObserved":"2020-08-16T00:00:00/2020-08-17T00:00:00","location":{"coordinates":[3.8956288,43.6266977],"type":"Point"},"id":"MMM_EcoCompt_X2H20063164_202008160000","type":"TrafficFlowObserved","vehicleType":"bicycle","reversedLane":false}
{"intensity":147,"laneId":105575465,"dateObserved":"2020-08-17T00:00:00/2020-08-18T00:00:00","location":{"coordinates":[3.8956288,43.6266977],"type":"Point"},"id":"MMM_EcoCompt_X2H20063164_202008170000","type":"TrafficFlowObserved","vehicleType":"bicycle","reversedLane":false}
{"intensity":166,"laneId":105575465,"dateObserved":"2020-08-18T00:00:00/2020-08-19T00:00:00","location":{"coordinates":[3.8956288,43.6266977],"type":"Point"},"id":"MMM_EcoCompt_X2H20063164_202008180000","type":"TrafficFlowObserved","vehicleType":"bicycle","reversedLane":false}
{"intensity":167,"laneId":105575465,"dateObserved":"2020-08-19T00:00:00/2020-08-20T00:00:00","location":{"coordinates":[3.8956288,43.6266977],"type":"Point"},"id":"MMM_EcoCompt_X2H20063164_202008190000","type":"TrafficFlowObserved","vehicleType":"bicycle","reversedLane":false}
{"intensity":62,"laneId":105575465,"dateObserved":"2020-08-20T00:00:00/2020-08-21T00:00:00","location":{"coordinates":[3.8956288,43.6266977],"type":"Point"},"id":"MMM_EcoCompt_X2H20063164_202008200000","type":"TrafficFlowObserved","vehicleType":"bicycle","reversedLane":false}
{"intensity":46,"laneId":105575465,"dateObserved":"2020-08-21T00:00:00/2020-08-22T00:00:00","location":{"coordinates":[3.8956288,43.6266977],"type":"Point"},"id":"MMM_EcoCompt_X2H20063164_202008210000","type":"TrafficFlowObserved","vehicleType":"bicycle","reversedLane":false}
{"intensity":42,"laneId":105575465,"dateObserved":"2020-08-22T00:00:00/2020-08-23T00:00:00","location":{"coordinates":[3.8956288,43.6266977],"type":"Point"},"id":"MMM_EcoCompt_X2H20063164_202008220000","type":"TrafficFlowObserved","vehicleType":"bicycle","reversedLane":false}
{"intensity":44,"laneId":105575465,"dateObserved":"2020-08-23T00:00:00/2020-08-24T00:00:00","location":{"coordinates":[3.8956288,43.6266977],"type":"Point"},"id":"MMM_EcoCompt_X2H20063164_202008230000","type":"TrafficFlowObserved","vehicleType":"bicycle","reversedLane":false}
{"intensity":65,"laneId":105575465,"dateObserved":"2020-08-24T00:00:00/2020-08-25T00:00:00","location":{"coordinates":[3.8956288,43.6266977],"type":"Point"},"id":"MMM_EcoCompt_X2H20063164_202008240000","type":"TrafficFlowObserved","vehicleType":"bicycle","reversedLane":false}
{"intensity":68,"laneId":105575465,"dateObserved":"2020-08-25T00:00:00/2020-08-26T00:00:00","location":{"coordinates":[3.8956288,43.6266977],"type":"Point"},"id":"MMM_EcoCompt_X2H20063164_202008250000","type":"TrafficFlowObserved","vehicleType":"bicycle","reversedLane":false}
{"intensity":78,"laneId":105575465,"dateObserved":"2020-08-26T00:00:00/2020-08-27T00:00:00","location":{"coordinates":[3.8956288,43.6266977],"type":"Point"},"id":"MMM_EcoCompt_X2H20063164_202008260000","type":"TrafficFlowObserved","vehicleType":"bicycle","reversedLane":false}
{"intensity":85,"laneId":105575465,"dateObserved":"2020-08-27T00:00:00/2020-08-28T00:00:00","location":{"coordinates":[3.8956288,43.6266977],"type":"Point"},"id":"MMM_EcoCompt_X2H20063164_202008270000","type":"TrafficFlowObserved","vehicleType":"bicycle","reversedLane":false}
{"intensity":54,"laneId":105575465,"dateObserved":"2020-08-28T00:00:00/2020-08-29T00:00:00","location":{"coordinates":[3.8956288,43.6266977],"type":"Point"},"id":"MMM_EcoCompt_X2H20063164_202008280000","type":"TrafficFlowObserved","vehicleType":"bicycle","reversedLane":false}
{"intensity":49,"laneId":105575465,"dateObserved":"2020-08-29T00:00:00/2020-08-30T00:00:00","location":{"coordinates":[3.8956288,43.6266977],"type":"Point"},"id":"MMM_EcoCompt_X2H20063164_202008290000","type":"TrafficFlowObserved","vehicleType":"bicycle","reversedLane":false}
{"intensity":58,"laneId":105575465,"dateObserved":"2020-08-30T00:00:00/2020-08-31T00:00:00","location":{"coordinates":[3.8956288,43.6266977],"type":"Point"},"id":"MMM_EcoCompt_X2H20063164_202008300000","type":"TrafficFlowObserved","vehicleType":"bicycle","reversedLane":false}
{"intensity":82,"laneId":105575465,"dateObserved":"2020-08-31T00:00:00/2020-09-01T00:00:00","location":{"coordinates":[3.8956288,43.6266977],"type":"Point"},"id":"MMM_EcoCompt_X2H20063164_202008310000","type":"TrafficFlowObserved","vehicleType":"bicycle","reversedLane":false}
{"intensity":98,"laneId":105575465,"dateObserved":"2020-09-01T00:00:00/2020-09-02T00:00:00","location":{"coordinates":[3.8956288,43.6266977],"type":"Point"},"id":"MMM_EcoCompt_X2H20063164_202009010000","type":"TrafficFlowObserved","vehicleType":"bicycle","reversedLane":false}
{"intensity":80,"laneId":105575465,"dateObserved":"2020-09-02T00:00:00/2020-09-03T00:00:00","location":{"coordinates":[3.8956288,43.6266977],"type":"Point"},"id":"MMM_EcoCompt_X2H20063164_202009020000","type":"TrafficFlowObserved","vehicleType":"bicycle","reversedLane":false}
{"intensity":82,"laneId":105575465,"dateObserved":"2020-09-03T00:00:00/2020-09-04T00:00:00","location":{"coordinates":[3.8956288,43.6266977],"type":"Point"},"id":"MMM_EcoCompt_X2H20063164_202009030000","type":"TrafficFlowObserved","vehicleType":"bicycle","reversedLane":false}
{"intensity":79,"laneId":105575465,"dateObserved":"2020-09-04T00:00:00/2020-09-05T00:00:00","location":{"coordinates":[3.8956288,43.6266977],"type":"Point"},"id":"MMM_EcoCompt_X2H20063164_202009040000","type":"TrafficFlowObserved","vehicleType":"bicycle","reversedLane":false}
{"intensity":57,"laneId":105575465,"dateObserved":"2020-09-05T00:00:00/2020-09-06T00:00:00","location":{"coordinates":[3.8956288,43.6266977],"type":"Point"},"id":"MMM_EcoCompt_X2H20063164_202009050000","type":"TrafficFlowObserved","vehicleType":"bicycle","reversedLane":false}
{"intensity":56,"laneId":105575465,"dateObserved":"2020-09-06T00:00:00/2020-09-07T00:00:00","location":{"coordinates":[3.8956288,43.6266977],"type":"Point"},"id":"MMM_EcoCompt_X2H20063164_202009060000","type":"TrafficFlowObserved","vehicleType":"bicycle","reversedLane":false}
{"intensity":88,"laneId":105575465,"dateObserved":"2020-09-07T00:00:00/2020-09-08T00:00:00","location":{"coordinates":[3.8956288,43.6266977],"type":"Point"},"id":"MMM_EcoCompt_X2H20063164_202009070000","type":"TrafficFlowObserved","vehicleType":"bicycle","reversedLane":false}
{"intensity":103,"laneId":105575465,"dateObserved":"2020-09-08T00:00:00/2020-09-09T00:00:00","location":{"coordinates":[3.8956288,43.6266977],"type":"Point"},"id":"MMM_EcoCompt_X2H20063164_202009080000","type":"TrafficFlowObserved","vehicleType":"bicycle","reversedLane":false}
{"intensity":72,"laneId":105575465,"dateObserved":"2020-09-09T00:00:00/2020-09-10T00:00:00","location":{"coordinates":[3.8956288,43.6266977],"type":"Point"},"id":"MMM_EcoCompt_X2H20063164_202009090000","type":"TrafficFlowObserved","vehicleType":"bicycle","reversedLane":false}
{"intensity":77,"laneId":105575465,"dateObserved":"2020-09-10T00:00:00/2020-09-11T00:00:00","location":{"coordinates":[3.8956288,43.6266977],"type":"Point"},"id":"MMM_EcoCompt_X2H20063164_202009100000","type":"TrafficFlowObserved","vehicleType":"bicycle","reversedLane":false}
{"intensity":93,"laneId":105575465,"dateObserved":"2020-09-11T00:00:00/2020-09-12T00:00:00","location":{"coordinates":[3.8956288,43.6266977],"type":"Point"},"id":"MMM_EcoCompt_X2H20063164_202009110000","type":"TrafficFlowObserved","vehicleType":"bicycle","reversedLane":false}
{"intensity":57,"laneId":105575465,"dateObserved":"2020-09-12T00:00:00/2020-09-13T00:00:00","location":{"coordinates":[3.8956288,43.6266977],"type":"Point"},"id":"MMM_EcoCompt_X2H20063164_202009120000","type":"TrafficFlowObserved","vehicleType":"bicycle","reversedLane":false}
{"intensity":53,"laneId":105575465,"dateObserved":"2020-09-13T00:00:00/2020-09-14T00:00:00","location":{"coordinates":[3.8956288,43.6266977],"type":"Point"},"id":"MMM_EcoCompt_X2H20063164_202009130000","type":"TrafficFlowObserved","vehicleType":"bicycle","reversedLane":false}
{"intensity":86,"laneId":105575465,"dateObserved":"2020-09-14T00:00:00/2020-09-15T00:00:00","location":{"coordinates":[3.8956288,43.6266977],"type":"Point"},"id":"MMM_EcoCompt_X2H20063164_202009140000","type":"TrafficFlowObserved","vehicleType":"bicycle","reversedLane":false}
{"intensity":87,"laneId":105575465,"dateObserved":"2020-09-15T00:00:00/2020-09-16T00:00:00","location":{"coordinates":[3.8956288,43.6266977],"type":"Point"},"id":"MMM_EcoCompt_X2H20063164_202009150000","type":"TrafficFlowObserved","vehicleType":"bicycle","reversedLane":false}
{"intensity":59,"laneId":105575465,"dateObserved":"2020-09-16T00:00:00/2020-09-17T00:00:00","location":{"coordinates":[3.8956288,43.6266977],"type":"Point"},"id":"MMM_EcoCompt_X2H20063164_202009160000","type":"TrafficFlowObserved","vehicleType":"bicycle","reversedLane":false}
{"intensity":84,"laneId":105575465,"dateObserved":"2020-09-17T00:00:00/2020-09-18T00:00:00","location":{"coordinates":[3.8956288,43.6266977],"type":"Point"},"id":"MMM_EcoCompt_X2H20063164_202009170000","type":"TrafficFlowObserved","vehicleType":"bicycle","reversedLane":false}
{"intensity":75,"laneId":105575465,"dateObserved":"2020-09-18T00:00:00/2020-09-19T00:00:00","location":{"coordinates":[3.8956288,43.6266977],"type":"Point"},"id":"MMM_EcoCompt_X2H20063164_202009180000","type":"TrafficFlowObserved","vehicleType":"bicycle","reversedLane":false}
{"intensity":24,"laneId":105575465,"dateObserved":"2020-09-19T00:00:00/2020-09-20T00:00:00","location":{"coordinates":[3.8956288,43.6266977],"type":"Point"},"id":"MMM_EcoCompt_X2H20063164_202009190000","type":"TrafficFlowObserved","vehicleType":"bicycle","reversedLane":false}
{"intensity":58,"laneId":105575465,"dateObserved":"2020-09-20T00:00:00/2020-09-21T00:00:00","location":{"coordinates":[3.8956288,43.6266977],"type":"Point"},"id":"MMM_EcoCompt_X2H20063164_202009200000","type":"TrafficFlowObserved","vehicleType":"bicycle","reversedLane":false}
{"intensity":106,"laneId":105575465,"dateObserved":"2020-09-21T00:00:00/2020-09-22T00:00:00","location":{"coordinates":[3.8956288,43.6266977],"type":"Point"},"id":"MMM_EcoCompt_X2H20063164_202009210000","type":"TrafficFlowObserved","vehicleType":"bicycle","reversedLane":false}
{"intensity":74,"laneId":105575465,"dateObserved":"2020-09-22T00:00:00/2020-09-23T00:00:00","location":{"coordinates":[3.8956288,43.6266977],"type":"Point"},"id":"MMM_EcoCompt_X2H20063164_202009220000","type":"TrafficFlowObserved","vehicleType":"bicycle","reversedLane":false}
{"intensity":79,"laneId":105575465,"dateObserved":"2020-09-23T00:00:00/2020-09-24T00:00:00","location":{"coordinates":[3.8956288,43.6266977],"type":"Point"},"id":"MMM_EcoCompt_X2H20063164_202009230000","type":"TrafficFlowObserved","vehicleType":"bicycle","reversedLane":false}
{"intensity":88,"laneId":105575465,"dateObserved":"2020-09-24T00:00:00/2020-09-25T00:00:00","location":{"coordinates":[3.8956288,43.6266977],"type":"Point"},"id":"MMM_EcoCompt_X2H20063164_202009240000","type":"TrafficFlowObserved","vehicleType":"bicycle","reversedLane":false}
{"intensity":79,"laneId":105575465,"dateObserved":"2020-09-25T00:00:00/2020-09-26T00:00:00","location":{"coordinates":[3.8956288,43.6266977],"type":"Point"},"id":"MMM_EcoCompt_X2H20063164_202009250000","type":"TrafficFlowObserved","vehicleType":"bicycle","reversedLane":false}
{"intensity":41,"laneId":105575465,"dateObserved":"2020-09-26T00:00:00/2020-09-27T00:00:00","location":{"coordinates":[3.8956288,43.6266977],"type":"Point"},"id":"MMM_EcoCompt_X2H20063164_202009260000","type":"TrafficFlowObserved","vehicleType":"bicycle","reversedLane":false}
{"intensity":30,"laneId":105575465,"dateObserved":"2020-09-27T00:00:00/2020-09-28T00:00:00","location":{"coordinates":[3.8956288,43.6266977],"type":"Point"},"id":"MMM_EcoCompt_X2H20063164_202009270000","type":"TrafficFlowObserved","vehicleType":"bicycle","reversedLane":false}
{"intensity":92,"laneId":105575465,"dateObserved":"2020-09-28T00:00:00/2020-09-29T00:00:00","location":{"coordinates":[3.8956288,43.6266977],"type":"Point"},"id":"MMM_EcoCompt_X2H20063164_202009280000","type":"TrafficFlowObserved","vehicleType":"bicycle","reversedLane":false}
{"intensity":96,"laneId":105575465,"dateObserved":"2020-09-29T00:00:00/2020-09-30T00:00:00","location":{"coordinates":[3.8956288,43.6266977],"type":"Point"},"id":"MMM_EcoCompt_X2H20063164_202009290000","type":"TrafficFlowObserved","vehicleType":"bicycle","reversedLane":false}
{"intensity":98,"laneId":105575465,"dateObserved":"2020-09-30T00:00:00/2020-10-01T00:00:00","location":{"coordinates":[3.8956288,43.6266977],"type":"Point"},"id":"MMM_EcoCompt_X2H20063164_202009300000","type":"TrafficFlowObserved","vehicleType":"bicycle","reversedLane":false}
{"intensity":99,"laneId":105575465,"dateObserved":"2020-10-01T00:00:00/2020-10-02T00:00:00","location":{"coordinates":[3.8956288,43.6266977],"type":"Point"},"id":"MMM_EcoCompt_X2H20063164_202010010000","type":"TrafficFlowObserved","vehicleType":"bicycle","reversedLane":false}
{"intensity":53,"laneId":105575465,"dateObserved":"2020-10-02T00:00:00/2020-10-03T00:00:00","location":{"coordinates":[3.8956288,43.6266977],"type":"Point"},"id":"MMM_EcoCompt_X2H20063164_202010020000","type":"TrafficFlowObserved","vehicleType":"bicycle","reversedLane":false}
{"intensity":68,"laneId":105575465,"dateObserved":"2020-10-03T00:00:00/2020-10-04T00:00:00","location":{"coordinates":[3.8956288,43.6266977],"type":"Point"},"id":"MMM_EcoCompt_X2H20063164_202010030000","type":"TrafficFlowObserved","vehicleType":"bicycle","reversedLane":false}
{"intensity":60,"laneId":105575465,"dateObserved":"2020-10-04T00:00:00/2020-10-05T00:00:00","location":{"coordinates":[3.8956288,43.6266977],"type":"Point"},"id":"MMM_EcoCompt_X2H20063164_202010040000","type":"TrafficFlowObserved","vehicleType":"bicycle","reversedLane":false}
{"intensity":76,"laneId":105575465,"dateObserved":"2020-10-05T00:00:00/2020-10-06T00:00:00","location":{"coordinates":[3.8956288,43.6266977],"type":"Point"},"id":"MMM_EcoCompt_X2H20063164_202010050000","type":"TrafficFlowObserved","vehicleType":"bicycle","reversedLane":false}
{"intensity":64,"laneId":105575465,"dateObserved":"2020-10-06T00:00:00/2020-10-07T00:00:00","location":{"coordinates":[3.8956288,43.6266977],"type":"Point"},"id":"MMM_EcoCompt_X2H20063164_202010060000","type":"TrafficFlowObserved","vehicleType":"bicycle","reversedLane":false}
{"intensity":96,"laneId":105575465,"dateObserved":"2020-10-07T00:00:00/2020-10-08T00:00:00","location":{"coordinates":[3.8956288,43.6266977],"type":"Point"},"id":"MMM_EcoCompt_X2H20063164_202010070000","type":"TrafficFlowObserved","vehicleType":"bicycle","reversedLane":false}
{"intensity":98,"laneId":105575465,"dateObserved":"2020-10-08T00:00:00/2020-10-09T00:00:00","location":{"coordinates":[3.8956288,43.6266977],"type":"Point"},"id":"MMM_EcoCompt_X2H20063164_202010080000","type":"TrafficFlowObserved","vehicleType":"bicycle","reversedLane":false}
{"intensity":109,"laneId":105575465,"dateObserved":"2020-10-09T00:00:00/2020-10-10T00:00:00","location":{"coordinates":[3.8956288,43.6266977],"type":"Point"},"id":"MMM_EcoCompt_X2H20063164_202010090000","type":"TrafficFlowObserved","vehicleType":"bicycle","reversedLane":false}
{"intensity":61,"laneId":105575465,"dateObserved":"2020-10-10T00:00:00/2020-10-11T00:00:00","location":{"coordinates":[3.8956288,43.6266977],"type":"Point"},"id":"MMM_EcoCompt_X2H20063164_202010100000","type":"TrafficFlowObserved","vehicleType":"bicycle","reversedLane":false}
{"intensity":50,"laneId":105575465,"dateObserved":"2020-10-11T00:00:00/2020-10-12T00:00:00","location":{"coordinates":[3.8956288,43.6266977],"type":"Point"},"id":"MMM_EcoCompt_X2H20063164_202010110000","type":"TrafficFlowObserved","vehicleType":"bicycle","reversedLane":false}
{"intensity":79,"laneId":105575465,"dateObserved":"2020-10-12T00:00:00/2020-10-13T00:00:00","location":{"coordinates":[3.8956288,43.6266977],"type":"Point"},"id":"MMM_EcoCompt_X2H20063164_202010120000","type":"TrafficFlowObserved","vehicleType":"bicycle","reversedLane":false}
{"intensity":71,"laneId":105575465,"dateObserved":"2020-10-13T00:00:00/2020-10-14T00:00:00","location":{"coordinates":[3.8956288,43.6266977],"type":"Point"},"id":"MMM_EcoCompt_X2H20063164_202010130000","type":"TrafficFlowObserved","vehicleType":"bicycle","reversedLane":false}
{"intensity":97,"laneId":105575465,"dateObserved":"2020-10-14T00:00:00/2020-10-15T00:00:00","location":{"coordinates":[3.8956288,43.6266977],"type":"Point"},"id":"MMM_EcoCompt_X2H20063164_202010140000","type":"TrafficFlowObserved","vehicleType":"bicycle","reversedLane":false}
{"intensity":83,"laneId":105575465,"dateObserved":"2020-10-15T00:00:00/2020-10-16T00:00:00","location":{"coordinates":[3.8956288,43.6266977],"type":"Point"},"id":"MMM_EcoCompt_X2H20063164_202010150000","type":"TrafficFlowObserved","vehicleType":"bicycle","reversedLane":false}
{"intensity":79,"laneId":105575465,"dateObserved":"2020-10-16T00:00:00/2020-10-17T00:00:00","location":{"coordinates":[3.8956288,43.6266977],"type":"Point"},"id":"MMM_EcoCompt_X2H20063164_202010160000","type":"TrafficFlowObserved","vehicleType":"bicycle","reversedLane":false}
{"intensity":55,"laneId":105575465,"dateObserved":"2020-10-17T00:00:00/2020-10-18T00:00:00","location":{"coordinates":[3.8956288,43.6266977],"type":"Point"},"id":"MMM_EcoCompt_X2H20063164_202010170000","type":"TrafficFlowObserved","vehicleType":"bicycle","reversedLane":false}
{"intensity":61,"laneId":105575465,"dateObserved":"2020-10-18T00:00:00/2020-10-19T00:00:00","location":{"coordinates":[3.8956288,43.6266977],"type":"Point"},"id":"MMM_EcoCompt_X2H20063164_202010180000","type":"TrafficFlowObserved","vehicleType":"bicycle","reversedLane":false}
{"intensity":69,"laneId":105575465,"dateObserved":"2020-10-19T00:00:00/2020-10-20T00:00:00","location":{"coordinates":[3.8956288,43.6266977],"type":"Point"},"id":"MMM_EcoCompt_X2H20063164_202010190000","type":"TrafficFlowObserved","vehicleType":"bicycle","reversedLane":false}
{"intensity":51,"laneId":105575465,"dateObserved":"2020-10-20T00:00:00/2020-10-21T00:00:00","location":{"coordinates":[3.8956288,43.6266977],"type":"Point"},"id":"MMM_EcoCompt_X2H20063164_202010200000","type":"TrafficFlowObserved","vehicleType":"bicycle","reversedLane":false}
{"intensity":54,"laneId":105575465,"dateObserved":"2020-10-21T00:00:00/2020-10-22T00:00:00","location":{"coordinates":[3.8956288,43.6266977],"type":"Point"},"id":"MMM_EcoCompt_X2H20063164_202010210000","type":"TrafficFlowObserved","vehicleType":"bicycle","reversedLane":false}
{"intensity":34,"laneId":105575465,"dateObserved":"2020-10-22T00:00:00/2020-10-23T00:00:00","location":{"coordinates":[3.8956288,43.6266977],"type":"Point"},"id":"MMM_EcoCompt_X2H20063164_202010220000","type":"TrafficFlowObserved","vehicleType":"bicycle","reversedLane":false}
{"intensity":44,"laneId":105575465,"dateObserved":"2020-10-23T00:00:00/2020-10-24T00:00:00","location":{"coordinates":[3.8956288,43.6266977],"type":"Point"},"id":"MMM_EcoCompt_X2H20063164_202010230000","type":"TrafficFlowObserved","vehicleType":"bicycle","reversedLane":false}
{"intensity":45,"laneId":105575465,"dateObserved":"2020-10-24T00:00:00/2020-10-25T00:00:00","location":{"coordinates":[3.8956288,43.6266977],"type":"Point"},"id":"MMM_EcoCompt_X2H20063164_202010240000","type":"TrafficFlowObserved","vehicleType":"bicycle","reversedLane":false}
{"intensity":54,"laneId":105575465,"dateObserved":"2020-10-25T00:00:00/2020-10-25T00:00:00","location":{"coordinates":[3.8956288,43.6266977],"type":"Point"},"id":"MMM_EcoCompt_X2H20063164_202010250000","type":"TrafficFlowObserved","vehicleType":"bicycle","reversedLane":false}
{"intensity":77,"laneId":105575465,"dateObserved":"2020-10-26T00:00:00/2020-10-27T00:00:00","location":{"coordinates":[3.8956288,43.6266977],"type":"Point"},"id":"MMM_EcoCompt_X2H20063164_202010260000","type":"TrafficFlowObserved","vehicleType":"bicycle","reversedLane":false}
{"intensity":83,"laneId":105575465,"dateObserved":"2020-10-27T00:00:00/2020-10-28T00:00:00","location":{"coordinates":[3.8956288,43.6266977],"type":"Point"},"id":"MMM_EcoCompt_X2H20063164_202010270000","type":"TrafficFlowObserved","vehicleType":"bicycle","reversedLane":false}
{"intensity":90,"laneId":105575465,"dateObserved":"2020-10-28T00:00:00/2020-10-29T00:00:00","location":{"coordinates":[3.8956288,43.6266977],"type":"Point"},"id":"MMM_EcoCompt_X2H20063164_202010280000","type":"TrafficFlowObserved","vehicleType":"bicycle","reversedLane":false}
{"intensity":81,"laneId":105575465,"dateObserved":"2020-10-29T00:00:00/2020-10-30T00:00:00","location":{"coordinates":[3.8956288,43.6266977],"type":"Point"},"id":"MMM_EcoCompt_X2H20063164_202010290000","type":"TrafficFlowObserved","vehicleType":"bicycle","reversedLane":false}
{"intensity":55,"laneId":105575465,"dateObserved":"2020-10-30T00:00:00/2020-10-31T00:00:00","location":{"coordinates":[3.8956288,43.6266977],"type":"Point"},"id":"MMM_EcoCompt_X2H20063164_202010300000","type":"TrafficFlowObserved","vehicleType":"bicycle","reversedLane":false}
{"intensity":33,"laneId":105575465,"dateObserved":"2020-10-31T00:00:00/2020-11-01T00:00:00","location":{"coordinates":[3.8956288,43.6266977],"type":"Point"},"id":"MMM_EcoCompt_X2H20063164_202010310000","type":"TrafficFlowObserved","vehicleType":"bicycle","reversedLane":false}
{"intensity":21,"laneId":105575465,"dateObserved":"2020-11-01T00:00:00/2020-11-02T00:00:00","location":{"coordinates":[3.8956288,43.6266977],"type":"Point"},"id":"MMM_EcoCompt_X2H20063164_202011010000","type":"TrafficFlowObserved","vehicleType":"bicycle","reversedLane":false}
{"intensity":82,"laneId":105575465,"dateObserved":"2020-11-02T00:00:00/2020-11-03T00:00:00","location":{"coordinates":[3.8956288,43.6266977],"type":"Point"},"id":"MMM_EcoCompt_X2H20063164_202011020000","type":"TrafficFlowObserved","vehicleType":"bicycle","reversedLane":false}
{"intensity":91,"laneId":105575465,"dateObserved":"2020-11-03T00:00:00/2020-11-04T00:00:00","location":{"coordinates":[3.8956288,43.6266977],"type":"Point"},"id":"MMM_EcoCompt_X2H20063164_202011030000","type":"TrafficFlowObserved","vehicleType":"bicycle","reversedLane":false}
{"intensity":60,"laneId":105575465,"dateObserved":"2020-11-04T00:00:00/2020-11-05T00:00:00","location":{"coordinates":[3.8956288,43.6266977],"type":"Point"},"id":"MMM_EcoCompt_X2H20063164_202011040000","type":"TrafficFlowObserved","vehicleType":"bicycle","reversedLane":false}
{"intensity":90,"laneId":105575465,"dateObserved":"2020-11-05T00:00:00/2020-11-06T00:00:00","location":{"coordinates":[3.8956288,43.6266977],"type":"Point"},"id":"MMM_EcoCompt_X2H20063164_202011050000","type":"TrafficFlowObserved","vehicleType":"bicycle","reversedLane":false}
{"intensity":82,"laneId":105575465,"dateObserved":"2020-11-06T00:00:00/2020-11-07T00:00:00","location":{"coordinates":[3.8956288,43.6266977],"type":"Point"},"id":"MMM_EcoCompt_X2H20063164_202011060000","type":"TrafficFlowObserved","vehicleType":"bicycle","reversedLane":false}
{"intensity":45,"laneId":105575465,"dateObserved":"2020-11-07T00:00:00/2020-11-08T00:00:00","location":{"coordinates":[3.8956288,43.6266977],"type":"Point"},"id":"MMM_EcoCompt_X2H20063164_202011070000","type":"TrafficFlowObserved","vehicleType":"bicycle","reversedLane":false}
{"intensity":35,"laneId":105575465,"dateObserved":"2020-11-08T00:00:00/2020-11-09T00:00:00","location":{"coordinates":[3.8956288,43.6266977],"type":"Point"},"id":"MMM_EcoCompt_X2H20063164_202011080000","type":"TrafficFlowObserved","vehicleType":"bicycle","reversedLane":false}
{"intensity":85,"laneId":105575465,"dateObserved":"2020-11-09T00:00:00/2020-11-10T00:00:00","location":{"coordinates":[3.8956288,43.6266977],"type":"Point"},"id":"MMM_EcoCompt_X2H20063164_202011090000","type":"TrafficFlowObserved","vehicleType":"bicycle","reversedLane":false}
{"intensity":88,"laneId":105575465,"dateObserved":"2020-11-10T00:00:00/2020-11-11T00:00:00","location":{"coordinates":[3.8956288,43.6266977],"type":"Point"},"id":"MMM_EcoCompt_X2H20063164_202011100000","type":"TrafficFlowObserved","vehicleType":"bicycle","reversedLane":false}
{"intensity":54,"laneId":105575465,"dateObserved":"2020-11-11T00:00:00/2020-11-12T00:00:00","location":{"coordinates":[3.8956288,43.6266977],"type":"Point"},"id":"MMM_EcoCompt_X2H20063164_202011110000","type":"TrafficFlowObserved","vehicleType":"bicycle","reversedLane":false}
{"intensity":81,"laneId":105575465,"dateObserved":"2020-11-12T00:00:00/2020-11-13T00:00:00","location":{"coordinates":[3.8956288,43.6266977],"type":"Point"},"id":"MMM_EcoCompt_X2H20063164_202011120000","type":"TrafficFlowObserved","vehicleType":"bicycle","reversedLane":false}
{"intensity":79,"laneId":105575465,"dateObserved":"2020-11-13T00:00:00/2020-11-14T00:00:00","location":{"coordinates":[3.8956288,43.6266977],"type":"Point"},"id":"MMM_EcoCompt_X2H20063164_202011130000","type":"TrafficFlowObserved","vehicleType":"bicycle","reversedLane":false}
{"intensity":31,"laneId":105575465,"dateObserved":"2020-11-14T00:00:00/2020-11-15T00:00:00","location":{"coordinates":[3.8956288,43.6266977],"type":"Point"},"id":"MMM_EcoCompt_X2H20063164_202011140000","type":"TrafficFlowObserved","vehicleType":"bicycle","reversedLane":false}
{"intensity":20,"laneId":105575465,"dateObserved":"2020-11-15T00:00:00/2020-11-16T00:00:00","location":{"coordinates":[3.8956288,43.6266977],"type":"Point"},"id":"MMM_EcoCompt_X2H20063164_202011150000","type":"TrafficFlowObserved","vehicleType":"bicycle","reversedLane":false}
{"intensity":71,"laneId":105575465,"dateObserved":"2020-11-16T00:00:00/2020-11-17T00:00:00","location":{"coordinates":[3.8956288,43.6266977],"type":"Point"},"id":"MMM_EcoCompt_X2H20063164_202011160000","type":"TrafficFlowObserved","vehicleType":"bicycle","reversedLane":false}
{"intensity":82,"laneId":105575465,"dateObserved":"2020-11-17T00:00:00/2020-11-18T00:00:00","location":{"coordinates":[3.8956288,43.6266977],"type":"Point"},"id":"MMM_EcoCompt_X2H20063164_202011170000","type":"TrafficFlowObserved","vehicleType":"bicycle","reversedLane":false}
{"intensity":86,"laneId":105575465,"dateObserved":"2020-11-18T00:00:00/2020-11-19T00:00:00","location":{"coordinates":[3.8956288,43.6266977],"type":"Point"},"id":"MMM_EcoCompt_X2H20063164_202011180000","type":"TrafficFlowObserved","vehicleType":"bicycle","reversedLane":false}
{"intensity":63,"laneId":105575465,"dateObserved":"2020-11-19T00:00:00/2020-11-20T00:00:00","location":{"coordinates":[3.8956288,43.6266977],"type":"Point"},"id":"MMM_EcoCompt_X2H20063164_202011190000","type":"TrafficFlowObserved","vehicleType":"bicycle","reversedLane":false}
{"intensity":52,"laneId":105575465,"dateObserved":"2020-11-20T00:00:00/2020-11-21T00:00:00","location":{"coordinates":[3.8956288,43.6266977],"type":"Point"},"id":"MMM_EcoCompt_X2H20063164_202011200000","type":"TrafficFlowObserved","vehicleType":"bicycle","reversedLane":false}
{"intensity":53,"laneId":105575465,"dateObserved":"2020-11-21T00:00:00/2020-11-22T00:00:00","location":{"coordinates":[3.8956288,43.6266977],"type":"Point"},"id":"MMM_EcoCompt_X2H20063164_202011210000","type":"TrafficFlowObserved","vehicleType":"bicycle","reversedLane":false}
{"intensity":38,"laneId":105575465,"dateObserved":"2020-11-22T00:00:00/2020-11-23T00:00:00","location":{"coordinates":[3.8956288,43.6266977],"type":"Point"},"id":"MMM_EcoCompt_X2H20063164_202011220000","type":"TrafficFlowObserved","vehicleType":"bicycle","reversedLane":false}
{"intensity":66,"laneId":105575465,"dateObserved":"2020-11-23T00:00:00/2020-11-24T00:00:00","location":{"coordinates":[3.8956288,43.6266977],"type":"Point"},"id":"MMM_EcoCompt_X2H20063164_202011230000","type":"TrafficFlowObserved","vehicleType":"bicycle","reversedLane":false}
{"intensity":82,"laneId":105575465,"dateObserved":"2020-11-24T00:00:00/2020-11-25T00:00:00","location":{"coordinates":[3.8956288,43.6266977],"type":"Point"},"id":"MMM_EcoCompt_X2H20063164_202011240000","type":"TrafficFlowObserved","vehicleType":"bicycle","reversedLane":false}
{"intensity":31,"laneId":105575465,"dateObserved":"2020-11-25T00:00:00/2020-11-26T00:00:00","location":{"coordinates":[3.8956288,43.6266977],"type":"Point"},"id":"MMM_EcoCompt_X2H20063164_202011250000","type":"TrafficFlowObserved","vehicleType":"bicycle","reversedLane":false}
{"intensity":59,"laneId":105575465,"dateObserved":"2020-11-26T00:00:00/2020-11-27T00:00:00","location":{"coordinates":[3.8956288,43.6266977],"type":"Point"},"id":"MMM_EcoCompt_X2H20063164_202011260000","type":"TrafficFlowObserved","vehicleType":"bicycle","reversedLane":false}
{"intensity":66,"laneId":105575465,"dateObserved":"2020-11-27T00:00:00/2020-11-28T00:00:00","location":{"coordinates":[3.8956288,43.6266977],"type":"Point"},"id":"MMM_EcoCompt_X2H20063164_202011270000","type":"TrafficFlowObserved","vehicleType":"bicycle","reversedLane":false}
{"intensity":59,"laneId":105575465,"dateObserved":"2020-11-28T00:00:00/2020-11-29T00:00:00","location":{"coordinates":[3.8956288,43.6266977],"type":"Point"},"id":"MMM_EcoCompt_X2H20063164_202011280000","type":"TrafficFlowObserved","vehicleType":"bicycle","reversedLane":false}
{"intensity":65,"laneId":105575465,"dateObserved":"2020-11-29T00:00:00/2020-11-30T00:00:00","location":{"coordinates":[3.8956288,43.6266977],"type":"Point"},"id":"MMM_EcoCompt_X2H20063164_202011290000","type":"TrafficFlowObserved","vehicleType":"bicycle","reversedLane":false}
{"intensity":68,"laneId":105575465,"dateObserved":"2020-11-30T00:00:00/2020-12-01T00:00:00","location":{"coordinates":[3.8956288,43.6266977],"type":"Point"},"id":"MMM_EcoCompt_X2H20063164_202011300000","type":"TrafficFlowObserved","vehicleType":"bicycle","reversedLane":false}
{"intensity":45,"laneId":105575465,"dateObserved":"2020-12-01T00:00:00/2020-12-02T00:00:00","location":{"coordinates":[3.8956288,43.6266977],"type":"Point"},"id":"MMM_EcoCompt_X2H20063164_202012010000","type":"TrafficFlowObserved","vehicleType":"bicycle","reversedLane":false}
{"intensity":51,"laneId":105575465,"dateObserved":"2020-12-02T00:00:00/2020-12-03T00:00:00","location":{"coordinates":[3.8956288,43.6266977],"type":"Point"},"id":"MMM_EcoCompt_X2H20063164_202012020000","type":"TrafficFlowObserved","vehicleType":"bicycle","reversedLane":false}
{"intensity":62,"laneId":105575465,"dateObserved":"2020-12-03T00:00:00/2020-12-04T00:00:00","location":{"coordinates":[3.8956288,43.6266977],"type":"Point"},"id":"MMM_EcoCompt_X2H20063164_202012030000","type":"TrafficFlowObserved","vehicleType":"bicycle","reversedLane":false}
{"intensity":24,"laneId":105575465,"dateObserved":"2020-12-04T00:00:00/2020-12-05T00:00:00","location":{"coordinates":[3.8956288,43.6266977],"type":"Point"},"id":"MMM_EcoCompt_X2H20063164_202012040000","type":"TrafficFlowObserved","vehicleType":"bicycle","reversedLane":false}
{"intensity":53,"laneId":105575465,"dateObserved":"2020-12-05T00:00:00/2020-12-06T00:00:00","location":{"coordinates":[3.8956288,43.6266977],"type":"Point"},"id":"MMM_EcoCompt_X2H20063164_202012050000","type":"TrafficFlowObserved","vehicleType":"bicycle","reversedLane":false}
{"intensity":27,"laneId":105575465,"dateObserved":"2020-12-06T00:00:00/2020-12-07T00:00:00","location":{"coordinates":[3.8956288,43.6266977],"type":"Point"},"id":"MMM_EcoCompt_X2H20063164_202012060000","type":"TrafficFlowObserved","vehicleType":"bicycle","reversedLane":false}
{"intensity":43,"laneId":105575465,"dateObserved":"2020-12-07T00:00:00/2020-12-08T00:00:00","location":{"coordinates":[3.8956288,43.6266977],"type":"Point"},"id":"MMM_EcoCompt_X2H20063164_202012070000","type":"TrafficFlowObserved","vehicleType":"bicycle","reversedLane":false}
{"intensity":35,"laneId":105575465,"dateObserved":"2020-12-08T00:00:00/2020-12-09T00:00:00","location":{"coordinates":[3.8956288,43.6266977],"type":"Point"},"id":"MMM_EcoCompt_X2H20063164_202012080000","type":"TrafficFlowObserved","vehicleType":"bicycle","reversedLane":false}
{"intensity":45,"laneId":105575465,"dateObserved":"2020-12-09T00:00:00/2020-12-10T00:00:00","location":{"coordinates":[3.8956288,43.6266977],"type":"Point"},"id":"MMM_EcoCompt_X2H20063164_202012090000","type":"TrafficFlowObserved","vehicleType":"bicycle","reversedLane":false}
{"intensity":34,"laneId":105575465,"dateObserved":"2020-12-10T00:00:00/2020-12-11T00:00:00","location":{"coordinates":[3.8956288,43.6266977],"type":"Point"},"id":"MMM_EcoCompt_X2H20063164_202012100000","type":"TrafficFlowObserved","vehicleType":"bicycle","reversedLane":false}
{"intensity":28,"laneId":105575465,"dateObserved":"2020-12-11T00:00:00/2020-12-12T00:00:00","location":{"coordinates":[3.8956288,43.6266977],"type":"Point"},"id":"MMM_EcoCompt_X2H20063164_202012110000","type":"TrafficFlowObserved","vehicleType":"bicycle","reversedLane":false}
{"intensity":41,"laneId":105575465,"dateObserved":"2020-12-12T00:00:00/2020-12-13T00:00:00","location":{"coordinates":[3.8956288,43.6266977],"type":"Point"},"id":"MMM_EcoCompt_X2H20063164_202012120000","type":"TrafficFlowObserved","vehicleType":"bicycle","reversedLane":false}
{"intensity":53,"laneId":105575465,"dateObserved":"2020-12-13T00:00:00/2020-12-14T00:00:00","location":{"coordinates":[3.8956288,43.6266977],"type":"Point"},"id":"MMM_EcoCompt_X2H20063164_202012130000","type":"TrafficFlowObserved","vehicleType":"bicycle","reversedLane":false}
{"intensity":56,"laneId":105575465,"dateObserved":"2020-12-14T00:00:00/2020-12-15T00:00:00","location":{"coordinates":[3.8956288,43.6266977],"type":"Point"},"id":"MMM_EcoCompt_X2H20063164_202012140000","type":"TrafficFlowObserved","vehicleType":"bicycle","reversedLane":false}
{"intensity":45,"laneId":105575465,"dateObserved":"2020-12-15T00:00:00/2020-12-16T00:00:00","location":{"coordinates":[3.8956288,43.6266977],"type":"Point"},"id":"MMM_EcoCompt_X2H20063164_202012150000","type":"TrafficFlowObserved","vehicleType":"bicycle","reversedLane":false}
{"intensity":45,"laneId":105575465,"dateObserved":"2020-12-16T00:00:00/2020-12-17T00:00:00","location":{"coordinates":[3.8956288,43.6266977],"type":"Point"},"id":"MMM_EcoCompt_X2H20063164_202012160000","type":"TrafficFlowObserved","vehicleType":"bicycle","reversedLane":false}
{"intensity":42,"laneId":105575465,"dateObserved":"2020-12-17T00:00:00/2020-12-18T00:00:00","location":{"coordinates":[3.8956288,43.6266977],"type":"Point"},"id":"MMM_EcoCompt_X2H20063164_202012170000","type":"TrafficFlowObserved","vehicleType":"bicycle","reversedLane":false}
{"intensity":0,"laneId":105575465,"dateObserved":"2020-12-18T00:00:00/2020-12-19T00:00:00","location":{"coordinates":[3.8956288,43.6266977],"type":"Point"},"id":"MMM_EcoCompt_X2H20063164_202012180000","type":"TrafficFlowObserved","vehicleType":"bicycle","reversedLane":false}
{"intensity":35,"laneId":105575465,"dateObserved":"2020-12-19T00:00:00/2020-12-20T00:00:00","location":{"coordinates":[3.8956288,43.6266977],"type":"Point"},"id":"MMM_EcoCompt_X2H20063164_202012190000","type":"TrafficFlowObserved","vehicleType":"bicycle","reversedLane":false}
{"intensity":26,"laneId":105575465,"dateObserved":"2020-12-20T00:00:00/2020-12-21T00:00:00","location":{"coordinates":[3.8956288,43.6266977],"type":"Point"},"id":"MMM_EcoCompt_X2H20063164_202012200000","type":"TrafficFlowObserved","vehicleType":"bicycle","reversedLane":false}
{"intensity":37,"laneId":105575465,"dateObserved":"2020-12-21T00:00:00/2020-12-22T00:00:00","location":{"coordinates":[3.8956288,43.6266977],"type":"Point"},"id":"MMM_EcoCompt_X2H20063164_202012210000","type":"TrafficFlowObserved","vehicleType":"bicycle","reversedLane":false}
{"intensity":40,"laneId":105575465,"dateObserved":"2020-12-22T00:00:00/2020-12-23T00:00:00","location":{"coordinates":[3.8956288,43.6266977],"type":"Point"},"id":"MMM_EcoCompt_X2H20063164_202012220000","type":"TrafficFlowObserved","vehicleType":"bicycle","reversedLane":false}
{"intensity":20,"laneId":105575465,"dateObserved":"2020-12-23T00:00:00/2020-12-24T00:00:00","location":{"coordinates":[3.8956288,43.6266977],"type":"Point"},"id":"MMM_EcoCompt_X2H20063164_202012230000","type":"TrafficFlowObserved","vehicleType":"bicycle","reversedLane":false}
{"intensity":22,"laneId":105575465,"dateObserved":"2020-12-24T00:00:00/2020-12-25T00:00:00","location":{"coordinates":[3.8956288,43.6266977],"type":"Point"},"id":"MMM_EcoCompt_X2H20063164_202012240000","type":"TrafficFlowObserved","vehicleType":"bicycle","reversedLane":false}
{"intensity":14,"laneId":105575465,"dateObserved":"2020-12-25T00:00:00/2020-12-26T00:00:00","location":{"coordinates":[3.8956288,43.6266977],"type":"Point"},"id":"MMM_EcoCompt_X2H20063164_202012250000","type":"TrafficFlowObserved","vehicleType":"bicycle","reversedLane":false}
{"intensity":34,"laneId":105575465,"dateObserved":"2020-12-26T00:00:00/2020-12-27T00:00:00","location":{"coordinates":[3.8956288,43.6266977],"type":"Point"},"id":"MMM_EcoCompt_X2H20063164_202012260000","type":"TrafficFlowObserved","vehicleType":"bicycle","reversedLane":false}
{"intensity":33,"laneId":105575465,"dateObserved":"2020-12-27T00:00:00/2020-12-28T00:00:00","location":{"coordinates":[3.8956288,43.6266977],"type":"Point"},"id":"MMM_EcoCompt_X2H20063164_202012270000","type":"TrafficFlowObserved","vehicleType":"bicycle","reversedLane":false}
{"intensity":38,"laneId":105575465,"dateObserved":"2020-12-28T00:00:00/2020-12-29T00:00:00","location":{"coordinates":[3.8956288,43.6266977],"type":"Point"},"id":"MMM_EcoCompt_X2H20063164_202012280000","type":"TrafficFlowObserved","vehicleType":"bicycle","reversedLane":false}
{"intensity":33,"laneId":105575465,"dateObserved":"2020-12-29T00:00:00/2020-12-30T00:00:00","location":{"coordinates":[3.8956288,43.6266977],"type":"Point"},"id":"MMM_EcoCompt_X2H20063164_202012290000","type":"TrafficFlowObserved","vehicleType":"bicycle","reversedLane":false}
{"intensity":12,"laneId":105575465,"dateObserved":"2020-12-30T00:00:00/2020-12-31T00:00:00","location":{"coordinates":[3.8956288,43.6266977],"type":"Point"},"id":"MMM_EcoCompt_X2H20063164_202012300000","type":"TrafficFlowObserved","vehicleType":"bicycle","reversedLane":false}
{"intensity":29,"laneId":105575465,"dateObserved":"2020-12-31T00:00:00/2021-01-01T00:00:00","location":{"coordinates":[3.8956288,43.6266977],"type":"Point"},"id":"MMM_EcoCompt_X2H20063164_202012310000","type":"TrafficFlowObserved","vehicleType":"bicycle","reversedLane":false}
