{"intensity":133,"laneId":25871951,"dateObserved":"2020-06-19T00:00:00/2020-06-20T00:00:00","location":{"coordinates":[3.93327,43.57926],"type":"Point"},"id":"MMM_EcoCompt_X2H20042634_202006190000","type":"TrafficFlowObserved","vehicleType":"bicycle","reversedLane":false}
{"intensity":91,"laneId":25871951,"dateObserved":"2020-06-20T00:00:00/2020-06-21T00:00:00","location":{"coordinates":[3.93327,43.57926],"type":"Point"},"id":"MMM_EcoCompt_X2H20042634_202006200000","type":"TrafficFlowObserved","vehicleType":"bicycle","reversedLane":false}
{"intensity":42,"laneId":25871951,"dateObserved":"2020-06-21T00:00:00/2020-06-22T00:00:00","location":{"coordinates":[3.93327,43.57926],"type":"Point"},"id":"MMM_EcoCompt_X2H20042634_202006210000","type":"TrafficFlowObserved","vehicleType":"bicycle","reversedLane":false}
{"intensity":109,"laneId":25871951,"dateObserved":"2020-06-22T00:00:00/2020-06-23T00:00:00","location":{"coordinates":[3.93327,43.57926],"type":"Point"},"id":"MMM_EcoCompt_X2H20042634_202006220000","type":"TrafficFlowObserved","vehicleType":"bicycle","reversedLane":false}
{"intensity":149,"laneId":25871951,"dateObserved":"2020-06-23T00:00:00/2020-06-24T00:00:00","location":{"coordinates":[3.93327,43.57926],"type":"Point"},"id":"MMM_EcoCompt_X2H20042634_202006230000","type":"TrafficFlowObserved","vehicleType":"bicycle","reversedLane":false}
{"intensity":137,"laneId":25871951,"dateObserved":"2020-06-24T00:00:00/2020-06-25T00:00:00","location":{"coordinates":[3.93327,43.57926],"type":"Point"},"id":"MMM_EcoCompt_X2H20042634_202006240000","type":"TrafficFlowObserved","vehicleType":"bicycle","reversedLane":false}
{"intensity":130,"laneId":25871951,"dateObserved":"2020-06-25T00:00:00/2020-06-26T00:00:00","location":{"coordinates":[3.93327,43.57926],"type":"Point"},"id":"MMM_EcoCompt_X2H20042634_202006250000","type":"TrafficFlowObserved","vehicleType":"bicycle","reversedLane":false}
{"intensity":148,"laneId":25871951,"dateObserved":"2020-06-26T00:00:00/2020-06-27T00:00:00","location":{"coordinates":[3.93327,43.57926],"type":"Point"},"id":"MMM_EcoCompt_X2H20042634_202006260000","type":"TrafficFlowObserved","vehicleType":"bicycle","reversedLane":false}
{"intensity":77,"laneId":25871951,"dateObserved":"2020-06-27T00:00:00/2020-06-28T00:00:00","location":{"coordinates":[3.93327,43.57926],"type":"Point"},"id":"MMM_EcoCompt_X2H20042634_202006270000","type":"TrafficFlowObserved","vehicleType":"bicycle","reversedLane":false}
{"intensity":75,"laneId":25871951,"dateObserved":"2020-06-28T00:00:00/2020-06-29T00:00:00","location":{"coordinates":[3.93327,43.57926],"type":"Point"},"id":"MMM_EcoCompt_X2H20042634_202006280000","type":"TrafficFlowObserved","vehicleType":"bicycle","reversedLane":false}
{"intensity":125,"laneId":25871951,"dateObserved":"2020-06-29T00:00:00/2020-06-30T00:00:00","location":{"coordinates":[3.93327,43.57926],"type":"Point"},"id":"MMM_EcoCompt_X2H20042634_202006290000","type":"TrafficFlowObserved","vehicleType":"bicycle","reversedLane":false}
{"intensity":150,"laneId":25871951,"dateObserved":"2020-06-30T00:00:00/2020-07-01T00:00:00","location":{"coordinates":[3.93327,43.57926],"type":"Point"},"id":"MMM_EcoCompt_X2H20042634_202006300000","type":"TrafficFlowObserved","vehicleType":"bicycle","reversedLane":false}
{"intensity":132,"laneId":25871951,"dateObserved":"2020-07-01T00:00:00/2020-07-02T00:00:00","location":{"coordinates":[3.93327,43.57926],"type":"Point"},"id":"MMM_EcoCompt_X2H20042634_202007010000","type":"TrafficFlowObserved","vehicleType":"bicycle","reversedLane":false}
{"intensity":147,"laneId":25871951,"dateObserved":"2020-07-02T00:00:00/2020-07-03T00:00:00","location":{"coordinates":[3.93327,43.57926],"type":"Point"},"id":"MMM_EcoCompt_X2H20042634_202007020000","type":"TrafficFlowObserved","vehicleType":"bicycle","reversedLane":false}
{"intensity":130,"laneId":25871951,"dateObserved":"2020-07-03T00:00:00/2020-07-04T00:00:00","location":{"coordinates":[3.93327,43.57926],"type":"Point"},"id":"MMM_EcoCompt_X2H20042634_202007030000","type":"TrafficFlowObserved","vehicleType":"bicycle","reversedLane":false}
{"intensity":86,"laneId":25871951,"dateObserved":"2020-07-04T00:00:00/2020-07-05T00:00:00","location":{"coordinates":[3.93327,43.57926],"type":"Point"},"id":"MMM_EcoCompt_X2H20042634_202007040000","type":"TrafficFlowObserved","vehicleType":"bicycle","reversedLane":false}
{"intensity":49,"laneId":25871951,"dateObserved":"2020-07-05T00:00:00/2020-07-06T00:00:00","location":{"coordinates":[3.93327,43.57926],"type":"Point"},"id":"MMM_EcoCompt_X2H20042634_202007050000","type":"TrafficFlowObserved","vehicleType":"bicycle","reversedLane":false}
{"intensity":151,"laneId":25871951,"dateObserved":"2020-07-06T00:00:00/2020-07-07T00:00:00","location":{"coordinates":[3.93327,43.57926],"type":"Point"},"id":"MMM_EcoCompt_X2H20042634_202007060000","type":"TrafficFlowObserved","vehicleType":"bicycle","reversedLane":false}
{"intensity":136,"laneId":25871951,"dateObserved":"2020-07-07T00:00:00/2020-07-08T00:00:00","location":{"coordinates":[3.93327,43.57926],"type":"Point"},"id":"MMM_EcoCompt_X2H20042634_202007070000","type":"TrafficFlowObserved","vehicleType":"bicycle","reversedLane":false}
{"intensity":121,"laneId":25871951,"dateObserved":"2020-07-08T00:00:00/2020-07-09T00:00:00","location":{"coordinates":[3.93327,43.57926],"type":"Point"},"id":"MMM_EcoCompt_X2H20042634_202007080000","type":"TrafficFlowObserved","vehicleType":"bicycle","reversedLane":false}
{"intensity":140,"laneId":25871951,"dateObserved":"2020-07-09T00:00:00/2020-07-10T00:00:00","location":{"coordinates":[3.93327,43.57926],"type":"Point"},"id":"MMM_EcoCompt_X2H20042634_202007090000","type":"TrafficFlowObserved","vehicleType":"bicycle","reversedLane":false}
{"intensity":129,"laneId":25871951,"dateObserved":"2020-07-10T00:00:00/2020-07-11T00:00:00","location":{"coordinates":[3.93327,43.57926],"type":"Point"},"id":"MMM_EcoCompt_X2H20042634_202007100000","type":"TrafficFlowObserved","vehicleType":"bicycle","reversedLane":false}
{"intensity":84,"laneId":25871951,"dateObserved":"2020-07-11T00:00:00/2020-07-12T00:00:00","location":{"coordinates":[3.93327,43.57926],"type":"Point"},"id":"MMM_EcoCompt_X2H20042634_202007110000","type":"TrafficFlowObserved","vehicleType":"bicycle","reversedLane":false}
{"intensity":63,"laneId":25871951,"dateObserved":"2020-07-12T00:00:00/2020-07-13T00:00:00","location":{"coordinates":[3.93327,43.57926],"type":"Point"},"id":"MMM_EcoCompt_X2H20042634_202007120000","type":"TrafficFlowObserved","vehicleType":"bicycle","reversedLane":false}
{"intensity":106,"laneId":25871951,"dateObserved":"2020-07-13T00:00:00/2020-07-14T00:00:00","location":{"coordinates":[3.93327,43.57926],"type":"Point"},"id":"MMM_EcoCompt_X2H20042634_202007130000","type":"TrafficFlowObserved","vehicleType":"bicycle","reversedLane":false}
{"intensity":138,"laneId":25871951,"dateObserved":"2020-07-14T00:00:00/2020-07-15T00:00:00","location":{"coordinates":[3.93327,43.57926],"type":"Point"},"id":"MMM_EcoCompt_X2H20042634_202007140000","type":"TrafficFlowObserved","vehicleType":"bicycle","reversedLane":false}
{"intensity":99,"laneId":25871951,"dateObserved":"2020-07-15T00:00:00/2020-07-16T00:00:00","location":{"coordinates":[3.93327,43.57926],"type":"Point"},"id":"MMM_EcoCompt_X2H20042634_202007150000","type":"TrafficFlowObserved","vehicleType":"bicycle","reversedLane":false}
{"intensity":150,"laneId":25871951,"dateObserved":"2020-07-16T00:00:00/2020-07-17T00:00:00","location":{"coordinates":[3.93327,43.57926],"type":"Point"},"id":"MMM_EcoCompt_X2H20042634_202007160000","type":"TrafficFlowObserved","vehicleType":"bicycle","reversedLane":false}
{"intensity":120,"laneId":25871951,"dateObserved":"2020-07-17T00:00:00/2020-07-18T00:00:00","location":{"coordinates":[3.93327,43.57926],"type":"Point"},"id":"MMM_EcoCompt_X2H20042634_202007170000","type":"TrafficFlowObserved","vehicleType":"bicycle","reversedLane":false}
{"intensity":94,"laneId":25871951,"dateObserved":"2020-07-18T00:00:00/2020-07-19T00:00:00","location":{"coordinates":[3.93327,43.57926],"type":"Point"},"id":"MMM_EcoCompt_X2H20042634_202007180000","type":"TrafficFlowObserved","vehicleType":"bicycle","reversedLane":false}
{"intensity":80,"laneId":25871951,"dateObserved":"2020-07-19T00:00:00/2020-07-20T00:00:00","location":{"coordinates":[3.93327,43.57926],"type":"Point"},"id":"MMM_EcoCompt_X2H20042634_202007190000","type":"TrafficFlowObserved","vehicleType":"bicycle","reversedLane":false}
{"intensity":163,"laneId":25871951,"dateObserved":"2020-07-20T00:00:00/2020-07-21T00:00:00","location":{"coordinates":[3.93327,43.57926],"type":"Point"},"id":"MMM_EcoCompt_X2H20042634_202007200000","type":"TrafficFlowObserved","vehicleType":"bicycle","reversedLane":false}
{"intensity":134,"laneId":25871951,"dateObserved":"2020-07-21T00:00:00/2020-07-22T00:00:00","location":{"coordinates":[3.93327,43.57926],"type":"Point"},"id":"MMM_EcoCompt_X2H20042634_202007210000","type":"TrafficFlowObserved","vehicleType":"bicycle","reversedLane":false}
{"intensity":172,"laneId":25871951,"dateObserved":"2020-07-22T00:00:00/2020-07-23T00:00:00","location":{"coordinates":[3.93327,43.57926],"type":"Point"},"id":"MMM_EcoCompt_X2H20042634_202007220000","type":"TrafficFlowObserved","vehicleType":"bicycle","reversedLane":false}
{"intensity":122,"laneId":25871951,"dateObserved":"2020-07-23T00:00:00/2020-07-24T00:00:00","location":{"coordinates":[3.93327,43.57926],"type":"Point"},"id":"MMM_EcoCompt_X2H20042634_202007230000","type":"TrafficFlowObserved","vehicleType":"bicycle","reversedLane":false}
{"intensity":103,"laneId":25871951,"dateObserved":"2020-07-24T00:00:00/2020-07-25T00:00:00","location":{"coordinates":[3.93327,43.57926],"type":"Point"},"id":"MMM_EcoCompt_X2H20042634_202007240000","type":"TrafficFlowObserved","vehicleType":"bicycle","reversedLane":false}
{"intensity":139,"laneId":25871951,"dateObserved":"2020-07-25T00:00:00/2020-07-26T00:00:00","location":{"coordinates":[3.93327,43.57926],"type":"Point"},"id":"MMM_EcoCompt_X2H20042634_202007250000","type":"TrafficFlowObserved","vehicleType":"bicycle","reversedLane":false}
{"intensity":73,"laneId":25871951,"dateObserved":"2020-07-26T00:00:00/2020-07-27T00:00:00","location":{"coordinates":[3.93327,43.57926],"type":"Point"},"id":"MMM_EcoCompt_X2H20042634_202007260000","type":"TrafficFlowObserved","vehicleType":"bicycle","reversedLane":false}
{"intensity":156,"laneId":25871951,"dateObserved":"2020-07-27T00:00:00/2020-07-28T00:00:00","location":{"coordinates":[3.93327,43.57926],"type":"Point"},"id":"MMM_EcoCompt_X2H20042634_202007270000","type":"TrafficFlowObserved","vehicleType":"bicycle","reversedLane":false}
{"intensity":143,"laneId":25871951,"dateObserved":"2020-07-28T00:00:00/2020-07-29T00:00:00","location":{"coordinates":[3.93327,43.57926],"type":"Point"},"id":"MMM_EcoCompt_X2H20042634_202007280000","type":"TrafficFlowObserved","vehicleType":"bicycle","reversedLane":false}
{"intensity":113,"laneId":25871951,"dateObserved":"2020-07-29T00:00:00/2020-07-30T00:00:00","location":{"coordinates":[3.93327,43.57926],"type":"Point"},"id":"MMM_EcoCompt_X2H20042634_202007290000","type":"TrafficFlowObserved","vehicleType":"bicycle","reversedLane":false}
{"intensity":116,"laneId":25871951,"dateObserved":"2020-07-30T00:00:00/2020-07-31T00:00:00","location":{"coordinates":[3.93327,43.57926],"type":"Point"},"id":"MMM_EcoCompt_X2H20042634_202007300000","type":"TrafficFlowObserved","vehicleType":"bicycle","reversedLane":false}
{"intensity":300,"laneId":25871951,"dateObserved":"2020-07-31T00:00:00/2020-08-01T00:00:00","location":{"coordinates":[3.93327,43.57926],"type":"Point"},"id":"MMM_EcoCompt_X2H20042634_202007310000","type":"TrafficFlowObserved","vehicleType":"bicycle","reversedLane":false}
{"intensity":108,"laneId":25871951,"dateObserved":"2020-08-01T00:00:00/2020-08-02T00:00:00","location":{"coordinates":[3.93327,43.57926],"type":"Point"},"id":"MMM_EcoCompt_X2H20042634_202008010000","type":"TrafficFlowObserved","vehicleType":"bicycle","reversedLane":false}
{"intensity":63,"laneId":25871951,"dateObserved":"2020-08-02T00:00:00/2020-08-03T00:00:00","location":{"coordinates":[3.93327,43.57926],"type":"Point"},"id":"MMM_EcoCompt_X2H20042634_202008020000","type":"TrafficFlowObserved","vehicleType":"bicycle","reversedLane":false}
{"intensity":130,"laneId":25871951,"dateObserved":"2020-08-03T00:00:00/2020-08-04T00:00:00","location":{"coordinates":[3.93327,43.57926],"type":"Point"},"id":"MMM_EcoCompt_X2H20042634_202008030000","type":"TrafficFlowObserved","vehicleType":"bicycle","reversedLane":false}
{"intensity":148,"laneId":25871951,"dateObserved":"2020-08-04T00:00:00/2020-08-05T00:00:00","location":{"coordinates":[3.93327,43.57926],"type":"Point"},"id":"MMM_EcoCompt_X2H20042634_202008040000","type":"TrafficFlowObserved","vehicleType":"bicycle","reversedLane":false}
{"intensity":127,"laneId":25871951,"dateObserved":"2020-08-05T00:00:00/2020-08-06T00:00:00","location":{"coordinates":[3.93327,43.57926],"type":"Point"},"id":"MMM_EcoCompt_X2H20042634_202008050000","type":"TrafficFlowObserved","vehicleType":"bicycle","reversedLane":false}
{"intensity":150,"laneId":25871951,"dateObserved":"2020-08-06T00:00:00/2020-08-07T00:00:00","location":{"coordinates":[3.93327,43.57926],"type":"Point"},"id":"MMM_EcoCompt_X2H20042634_202008060000","type":"TrafficFlowObserved","vehicleType":"bicycle","reversedLane":false}
{"intensity":129,"laneId":25871951,"dateObserved":"2020-08-07T00:00:00/2020-08-08T00:00:00","location":{"coordinates":[3.93327,43.57926],"type":"Point"},"id":"MMM_EcoCompt_X2H20042634_202008070000","type":"TrafficFlowObserved","vehicleType":"bicycle","reversedLane":false}
{"intensity":98,"laneId":25871951,"dateObserved":"2020-08-08T00:00:00/2020-08-09T00:00:00","location":{"coordinates":[3.93327,43.57926],"type":"Point"},"id":"MMM_EcoCompt_X2H20042634_202008080000","type":"TrafficFlowObserved","vehicleType":"bicycle","reversedLane":false}
{"intensity":54,"laneId":25871951,"dateObserved":"2020-08-09T00:00:00/2020-08-10T00:00:00","location":{"coordinates":[3.93327,43.57926],"type":"Point"},"id":"MMM_EcoCompt_X2H20042634_202008090000","type":"TrafficFlowObserved","vehicleType":"bicycle","reversedLane":false}
{"intensity":154,"laneId":25871951,"dateObserved":"2020-08-10T00:00:00/2020-08-11T00:00:00","location":{"coordinates":[3.93327,43.57926],"type":"Point"},"id":"MMM_EcoCompt_X2H20042634_202008100000","type":"TrafficFlowObserved","vehicleType":"bicycle","reversedLane":false}
{"intensity":132,"laneId":25871951,"dateObserved":"2020-08-11T00:00:00/2020-08-12T00:00:00","location":{"coordinates":[3.93327,43.57926],"type":"Point"},"id":"MMM_EcoCompt_X2H20042634_202008110000","type":"TrafficFlowObserved","vehicleType":"bicycle","reversedLane":false}
{"intensity":157,"laneId":25871951,"dateObserved":"2020-08-12T00:00:00/2020-08-13T00:00:00","location":{"coordinates":[3.93327,43.57926],"type":"Point"},"id":"MMM_EcoCompt_X2H20042634_202008120000","type":"TrafficFlowObserved","vehicleType":"bicycle","reversedLane":false}
{"intensity":105,"laneId":25871951,"dateObserved":"2020-08-13T00:00:00/2020-08-14T00:00:00","location":{"coordinates":[3.93327,43.57926],"type":"Point"},"id":"MMM_EcoCompt_X2H20042634_202008130000","type":"TrafficFlowObserved","vehicleType":"bicycle","reversedLane":false}
{"intensity":117,"laneId":25871951,"dateObserved":"2020-08-14T00:00:00/2020-08-15T00:00:00","location":{"coordinates":[3.93327,43.57926],"type":"Point"},"id":"MMM_EcoCompt_X2H20042634_202008140000","type":"TrafficFlowObserved","vehicleType":"bicycle","reversedLane":false}
{"intensity":119,"laneId":25871951,"dateObserved":"2020-08-15T00:00:00/2020-08-16T00:00:00","location":{"coordinates":[3.93327,43.57926],"type":"Point"},"id":"MMM_EcoCompt_X2H20042634_202008150000","type":"TrafficFlowObserved","vehicleType":"bicycle","reversedLane":false}
{"intensity":84,"laneId":25871951,"dateObserved":"2020-08-16T00:00:00/2020-08-17T00:00:00","location":{"coordinates":[3.93327,43.57926],"type":"Point"},"id":"MMM_EcoCompt_X2H20042634_202008160000","type":"TrafficFlowObserved","vehicleType":"bicycle","reversedLane":false}
{"intensity":140,"laneId":25871951,"dateObserved":"2020-08-17T00:00:00/2020-08-18T00:00:00","location":{"coordinates":[3.93327,43.57926],"type":"Point"},"id":"MMM_EcoCompt_X2H20042634_202008170000","type":"TrafficFlowObserved","vehicleType":"bicycle","reversedLane":false}
{"intensity":164,"laneId":25871951,"dateObserved":"2020-08-18T00:00:00/2020-08-19T00:00:00","location":{"coordinates":[3.93327,43.57926],"type":"Point"},"id":"MMM_EcoCompt_X2H20042634_202008180000","type":"TrafficFlowObserved","vehicleType":"bicycle","reversedLane":false}
{"intensity":143,"laneId":25871951,"dateObserved":"2020-08-19T00:00:00/2020-08-20T00:00:00","location":{"coordinates":[3.93327,43.57926],"type":"Point"},"id":"MMM_EcoCompt_X2H20042634_202008190000","type":"TrafficFlowObserved","vehicleType":"bicycle","reversedLane":false}
{"intensity":117,"laneId":25871951,"dateObserved":"2020-08-20T00:00:00/2020-08-21T00:00:00","location":{"coordinates":[3.93327,43.57926],"type":"Point"},"id":"MMM_EcoCompt_X2H20042634_202008200000","type":"TrafficFlowObserved","vehicleType":"bicycle","reversedLane":false}
{"intensity":112,"laneId":25871951,"dateObserved":"2020-08-21T00:00:00/2020-08-22T00:00:00","location":{"coordinates":[3.93327,43.57926],"type":"Point"},"id":"MMM_EcoCompt_X2H20042634_202008210000","type":"TrafficFlowObserved","vehicleType":"bicycle","reversedLane":false}
{"intensity":75,"laneId":25871951,"dateObserved":"2020-08-22T00:00:00/2020-08-23T00:00:00","location":{"coordinates":[3.93327,43.57926],"type":"Point"},"id":"MMM_EcoCompt_X2H20042634_202008220000","type":"TrafficFlowObserved","vehicleType":"bicycle","reversedLane":false}
{"intensity":95,"laneId":25871951,"dateObserved":"2020-08-23T00:00:00/2020-08-24T00:00:00","location":{"coordinates":[3.93327,43.57926],"type":"Point"},"id":"MMM_EcoCompt_X2H20042634_202008230000","type":"TrafficFlowObserved","vehicleType":"bicycle","reversedLane":false}
{"intensity":125,"laneId":25871951,"dateObserved":"2020-08-24T00:00:00/2020-08-25T00:00:00","location":{"coordinates":[3.93327,43.57926],"type":"Point"},"id":"MMM_EcoCompt_X2H20042634_202008240000","type":"TrafficFlowObserved","vehicleType":"bicycle","reversedLane":false}
{"intensity":178,"laneId":25871951,"dateObserved":"2020-08-25T00:00:00/2020-08-26T00:00:00","location":{"coordinates":[3.93327,43.57926],"type":"Point"},"id":"MMM_EcoCompt_X2H20042634_202008250000","type":"TrafficFlowObserved","vehicleType":"bicycle","reversedLane":false}
{"intensity":160,"laneId":25871951,"dateObserved":"2020-08-26T00:00:00/2020-08-27T00:00:00","location":{"coordinates":[3.93327,43.57926],"type":"Point"},"id":"MMM_EcoCompt_X2H20042634_202008260000","type":"TrafficFlowObserved","vehicleType":"bicycle","reversedLane":false}
{"intensity":163,"laneId":25871951,"dateObserved":"2020-08-27T00:00:00/2020-08-28T00:00:00","location":{"coordinates":[3.93327,43.57926],"type":"Point"},"id":"MMM_EcoCompt_X2H20042634_202008270000","type":"TrafficFlowObserved","vehicleType":"bicycle","reversedLane":false}
{"intensity":111,"laneId":25871951,"dateObserved":"2020-08-28T00:00:00/2020-08-29T00:00:00","location":{"coordinates":[3.93327,43.57926],"type":"Point"},"id":"MMM_EcoCompt_X2H20042634_202008280000","type":"TrafficFlowObserved","vehicleType":"bicycle","reversedLane":false}
{"intensity":53,"laneId":25871951,"dateObserved":"2020-08-29T00:00:00/2020-08-30T00:00:00","location":{"coordinates":[3.93327,43.57926],"type":"Point"},"id":"MMM_EcoCompt_X2H20042634_202008290000","type":"TrafficFlowObserved","vehicleType":"bicycle","reversedLane":false}
{"intensity":68,"laneId":25871951,"dateObserved":"2020-08-30T00:00:00/2020-08-31T00:00:00","location":{"coordinates":[3.93327,43.57926],"type":"Point"},"id":"MMM_EcoCompt_X2H20042634_202008300000","type":"TrafficFlowObserved","vehicleType":"bicycle","reversedLane":false}
{"intensity":147,"laneId":25871951,"dateObserved":"2020-08-31T00:00:00/2020-09-01T00:00:00","location":{"coordinates":[3.93327,43.57926],"type":"Point"},"id":"MMM_EcoCompt_X2H20042634_202008310000","type":"TrafficFlowObserved","vehicleType":"bicycle","reversedLane":false}
{"intensity":147,"laneId":25871951,"dateObserved":"2020-09-01T00:00:00/2020-09-02T00:00:00","location":{"coordinates":[3.93327,43.57926],"type":"Point"},"id":"MMM_EcoCompt_X2H20042634_202009010000","type":"TrafficFlowObserved","vehicleType":"bicycle","reversedLane":false}
{"intensity":167,"laneId":25871951,"dateObserved":"2020-09-02T00:00:00/2020-09-03T00:00:00","location":{"coordinates":[3.93327,43.57926],"type":"Point"},"id":"MMM_EcoCompt_X2H20042634_202009020000","type":"TrafficFlowObserved","vehicleType":"bicycle","reversedLane":false}
{"intensity":160,"laneId":25871951,"dateObserved":"2020-09-03T00:00:00/2020-09-04T00:00:00","location":{"coordinates":[3.93327,43.57926],"type":"Point"},"id":"MMM_EcoCompt_X2H20042634_202009030000","type":"TrafficFlowObserved","vehicleType":"bicycle","reversedLane":false}
{"intensity":135,"laneId":25871951,"dateObserved":"2020-09-04T00:00:00/2020-09-05T00:00:00","location":{"coordinates":[3.93327,43.57926],"type":"Point"},"id":"MMM_EcoCompt_X2H20042634_202009040000","type":"TrafficFlowObserved","vehicleType":"bicycle","reversedLane":false}
{"intensity":112,"laneId":25871951,"dateObserved":"2020-09-05T00:00:00/2020-09-06T00:00:00","location":{"coordinates":[3.93327,43.57926],"type":"Point"},"id":"MMM_EcoCompt_X2H20042634_202009050000","type":"TrafficFlowObserved","vehicleType":"bicycle","reversedLane":false}
{"intensity":61,"laneId":25871951,"dateObserved":"2020-09-06T00:00:00/2020-09-07T00:00:00","location":{"coordinates":[3.93327,43.57926],"type":"Point"},"id":"MMM_EcoCompt_X2H20042634_202009060000","type":"TrafficFlowObserved","vehicleType":"bicycle","reversedLane":false}
{"intensity":129,"laneId":25871951,"dateObserved":"2020-09-07T00:00:00/2020-09-08T00:00:00","location":{"coordinates":[3.93327,43.57926],"type":"Point"},"id":"MMM_EcoCompt_X2H20042634_202009070000","type":"TrafficFlowObserved","vehicleType":"bicycle","reversedLane":false}
{"intensity":145,"laneId":25871951,"dateObserved":"2020-09-08T00:00:00/2020-09-09T00:00:00","location":{"coordinates":[3.93327,43.57926],"type":"Point"},"id":"MMM_EcoCompt_X2H20042634_202009080000","type":"TrafficFlowObserved","vehicleType":"bicycle","reversedLane":false}
{"intensity":105,"laneId":25871951,"dateObserved":"2020-09-09T00:00:00/2020-09-10T00:00:00","location":{"coordinates":[3.93327,43.57926],"type":"Point"},"id":"MMM_EcoCompt_X2H20042634_202009090000","type":"TrafficFlowObserved","vehicleType":"bicycle","reversedLane":false}
{"intensity":130,"laneId":25871951,"dateObserved":"2020-09-10T00:00:00/2020-09-11T00:00:00","location":{"coordinates":[3.93327,43.57926],"type":"Point"},"id":"MMM_EcoCompt_X2H20042634_202009100000","type":"TrafficFlowObserved","vehicleType":"bicycle","reversedLane":false}
{"intensity":148,"laneId":25871951,"dateObserved":"2020-09-11T00:00:00/2020-09-12T00:00:00","location":{"coordinates":[3.93327,43.57926],"type":"Point"},"id":"MMM_EcoCompt_X2H20042634_202009110000","type":"TrafficFlowObserved","vehicleType":"bicycle","reversedLane":false}
{"intensity":69,"laneId":25871951,"dateObserved":"2020-09-12T00:00:00/2020-09-13T00:00:00","location":{"coordinates":[3.93327,43.57926],"type":"Point"},"id":"MMM_EcoCompt_X2H20042634_202009120000","type":"TrafficFlowObserved","vehicleType":"bicycle","reversedLane":false}
{"intensity":93,"laneId":25871951,"dateObserved":"2020-09-13T00:00:00/2020-09-14T00:00:00","location":{"coordinates":[3.93327,43.57926],"type":"Point"},"id":"MMM_EcoCompt_X2H20042634_202009130000","type":"TrafficFlowObserved","vehicleType":"bicycle","reversedLane":false}
{"intensity":140,"laneId":25871951,"dateObserved":"2020-09-14T00:00:00/2020-09-15T00:00:00","location":{"coordinates":[3.93327,43.57926],"type":"Point"},"id":"MMM_EcoCompt_X2H20042634_202009140000","type":"TrafficFlowObserved","vehicleType":"bicycle","reversedLane":false}
{"intensity":144,"laneId":25871951,"dateObserved":"2020-09-15T00:00:00/2020-09-16T00:00:00","location":{"coordinates":[3.93327,43.57926],"type":"Point"},"id":"MMM_EcoCompt_X2H20042634_202009150000","type":"TrafficFlowObserved","vehicleType":"bicycle","reversedLane":false}
{"intensity":139,"laneId":25871951,"dateObserved":"2020-09-16T00:00:00/2020-09-17T00:00:00","location":{"coordinates":[3.93327,43.57926],"type":"Point"},"id":"MMM_EcoCompt_X2H20042634_202009160000","type":"TrafficFlowObserved","vehicleType":"bicycle","reversedLane":false}
{"intensity":133,"laneId":25871951,"dateObserved":"2020-09-17T00:00:00/2020-09-18T00:00:00","location":{"coordinates":[3.93327,43.57926],"type":"Point"},"id":"MMM_EcoCompt_X2H20042634_202009170000","type":"TrafficFlowObserved","vehicleType":"bicycle","reversedLane":false}
{"intensity":125,"laneId":25871951,"dateObserved":"2020-09-18T00:00:00/2020-09-19T00:00:00","location":{"coordinates":[3.93327,43.57926],"type":"Point"},"id":"MMM_EcoCompt_X2H20042634_202009180000","type":"TrafficFlowObserved","vehicleType":"bicycle","reversedLane":false}
{"intensity":33,"laneId":25871951,"dateObserved":"2020-09-19T00:00:00/2020-09-20T00:00:00","location":{"coordinates":[3.93327,43.57926],"type":"Point"},"id":"MMM_EcoCompt_X2H20042634_202009190000","type":"TrafficFlowObserved","vehicleType":"bicycle","reversedLane":false}
{"intensity":61,"laneId":25871951,"dateObserved":"2020-09-20T00:00:00/2020-09-21T00:00:00","location":{"coordinates":[3.93327,43.57926],"type":"Point"},"id":"MMM_EcoCompt_X2H20042634_202009200000","type":"TrafficFlowObserved","vehicleType":"bicycle","reversedLane":false}
{"intensity":121,"laneId":25871951,"dateObserved":"2020-09-21T00:00:00/2020-09-22T00:00:00","location":{"coordinates":[3.93327,43.57926],"type":"Point"},"id":"MMM_EcoCompt_X2H20042634_202009210000","type":"TrafficFlowObserved","vehicleType":"bicycle","reversedLane":false}
{"intensity":83,"laneId":25871951,"dateObserved":"2020-09-22T00:00:00/2020-09-23T00:00:00","location":{"coordinates":[3.93327,43.57926],"type":"Point"},"id":"MMM_EcoCompt_X2H20042634_202009220000","type":"TrafficFlowObserved","vehicleType":"bicycle","reversedLane":false}
{"intensity":149,"laneId":25871951,"dateObserved":"2020-09-23T00:00:00/2020-09-24T00:00:00","location":{"coordinates":[3.93327,43.57926],"type":"Point"},"id":"MMM_EcoCompt_X2H20042634_202009230000","type":"TrafficFlowObserved","vehicleType":"bicycle","reversedLane":false}
{"intensity":151,"laneId":25871951,"dateObserved":"2020-09-24T00:00:00/2020-09-25T00:00:00","location":{"coordinates":[3.93327,43.57926],"type":"Point"},"id":"MMM_EcoCompt_X2H20042634_202009240000","type":"TrafficFlowObserved","vehicleType":"bicycle","reversedLane":false}
{"intensity":91,"laneId":25871951,"dateObserved":"2020-09-25T00:00:00/2020-09-26T00:00:00","location":{"coordinates":[3.93327,43.57926],"type":"Point"},"id":"MMM_EcoCompt_X2H20042634_202009250000","type":"TrafficFlowObserved","vehicleType":"bicycle","reversedLane":false}
{"intensity":51,"laneId":25871951,"dateObserved":"2020-09-26T00:00:00/2020-09-27T00:00:00","location":{"coordinates":[3.93327,43.57926],"type":"Point"},"id":"MMM_EcoCompt_X2H20042634_202009260000","type":"TrafficFlowObserved","vehicleType":"bicycle","reversedLane":false}
{"intensity":33,"laneId":25871951,"dateObserved":"2020-09-27T00:00:00/2020-09-28T00:00:00","location":{"coordinates":[3.93327,43.57926],"type":"Point"},"id":"MMM_EcoCompt_X2H20042634_202009270000","type":"TrafficFlowObserved","vehicleType":"bicycle","reversedLane":false}
{"intensity":106,"laneId":25871951,"dateObserved":"2020-09-28T00:00:00/2020-09-29T00:00:00","location":{"coordinates":[3.93327,43.57926],"type":"Point"},"id":"MMM_EcoCompt_X2H20042634_202009280000","type":"TrafficFlowObserved","vehicleType":"bicycle","reversedLane":false}
{"intensity":137,"laneId":25871951,"dateObserved":"2020-09-29T00:00:00/2020-09-30T00:00:00","location":{"coordinates":[3.93327,43.57926],"type":"Point"},"id":"MMM_EcoCompt_X2H20042634_202009290000","type":"TrafficFlowObserved","vehicleType":"bicycle","reversedLane":false}
{"intensity":144,"laneId":25871951,"dateObserved":"2020-09-30T00:00:00/2020-10-01T00:00:00","location":{"coordinates":[3.93327,43.57926],"type":"Point"},"id":"MMM_EcoCompt_X2H20042634_202009300000","type":"TrafficFlowObserved","vehicleType":"bicycle","reversedLane":false}
{"intensity":134,"laneId":25871951,"dateObserved":"2020-10-01T00:00:00/2020-10-02T00:00:00","location":{"coordinates":[3.93327,43.57926],"type":"Point"},"id":"MMM_EcoCompt_X2H20042634_202010010000","type":"TrafficFlowObserved","vehicleType":"bicycle","reversedLane":false}
{"intensity":55,"laneId":25871951,"dateObserved":"2020-10-02T00:00:00/2020-10-03T00:00:00","location":{"coordinates":[3.93327,43.57926],"type":"Point"},"id":"MMM_EcoCompt_X2H20042634_202010020000","type":"TrafficFlowObserved","vehicleType":"bicycle","reversedLane":false}
{"intensity":63,"laneId":25871951,"dateObserved":"2020-10-03T00:00:00/2020-10-04T00:00:00","location":{"coordinates":[3.93327,43.57926],"type":"Point"},"id":"MMM_EcoCompt_X2H20042634_202010030000","type":"TrafficFlowObserved","vehicleType":"bicycle","reversedLane":false}
{"intensity":67,"laneId":25871951,"dateObserved":"2020-10-04T00:00:00/2020-10-05T00:00:00","location":{"coordinates":[3.93327,43.57926],"type":"Point"},"id":"MMM_EcoCompt_X2H20042634_202010040000","type":"TrafficFlowObserved","vehicleType":"bicycle","reversedLane":false}
{"intensity":112,"laneId":25871951,"dateObserved":"2020-10-05T00:00:00/2020-10-06T00:00:00","location":{"coordinates":[3.93327,43.57926],"type":"Point"},"id":"MMM_EcoCompt_X2H20042634_202010050000","type":"TrafficFlowObserved","vehicleType":"bicycle","reversedLane":false}
{"intensity":113,"laneId":25871951,"dateObserved":"2020-10-06T00:00:00/2020-10-07T00:00:00","location":{"coordinates":[3.93327,43.57926],"type":"Point"},"id":"MMM_EcoCompt_X2H20042634_202010060000","type":"TrafficFlowObserved","vehicleType":"bicycle","reversedLane":false}
{"intensity":118,"laneId":25871951,"dateObserved":"2020-10-07T00:00:00/2020-10-08T00:00:00","location":{"coordinates":[3.93327,43.57926],"type":"Point"},"id":"MMM_EcoCompt_X2H20042634_202010070000","type":"TrafficFlowObserved","vehicleType":"bicycle","reversedLane":false}
{"intensity":152,"laneId":25871951,"dateObserved":"2020-10-08T00:00:00/2020-10-09T00:00:00","location":{"coordinates":[3.93327,43.57926],"type":"Point"},"id":"MMM_EcoCompt_X2H20042634_202010080000","type":"TrafficFlowObserved","vehicleType":"bicycle","reversedLane":false}
{"intensity":138,"laneId":25871951,"dateObserved":"2020-10-09T00:00:00/2020-10-10T00:00:00","location":{"coordinates":[3.93327,43.57926],"type":"Point"},"id":"MMM_EcoCompt_X2H20042634_202010090000","type":"TrafficFlowObserved","vehicleType":"bicycle","reversedLane":false}
{"intensity":67,"laneId":25871951,"dateObserved":"2020-10-10T00:00:00/2020-10-11T00:00:00","location":{"coordinates":[3.93327,43.57926],"type":"Point"},"id":"MMM_EcoCompt_X2H20042634_202010100000","type":"TrafficFlowObserved","vehicleType":"bicycle","reversedLane":false}
{"intensity":44,"laneId":25871951,"dateObserved":"2020-10-11T00:00:00/2020-10-12T00:00:00","location":{"coordinates":[3.93327,43.57926],"type":"Point"},"id":"MMM_EcoCompt_X2H20042634_202010110000","type":"TrafficFlowObserved","vehicleType":"bicycle","reversedLane":false}
{"intensity":111,"laneId":25871951,"dateObserved":"2020-10-12T00:00:00/2020-10-13T00:00:00","location":{"coordinates":[3.93327,43.57926],"type":"Point"},"id":"MMM_EcoCompt_X2H20042634_202010120000","type":"TrafficFlowObserved","vehicleType":"bicycle","reversedLane":false}
{"intensity":118,"laneId":25871951,"dateObserved":"2020-10-13T00:00:00/2020-10-14T00:00:00","location":{"coordinates":[3.93327,43.57926],"type":"Point"},"id":"MMM_EcoCompt_X2H20042634_202010130000","type":"TrafficFlowObserved","vehicleType":"bicycle","reversedLane":false}
{"intensity":111,"laneId":25871951,"dateObserved":"2020-10-14T00:00:00/2020-10-15T00:00:00","location":{"coordinates":[3.93327,43.57926],"type":"Point"},"id":"MMM_EcoCompt_X2H20042634_202010140000","type":"TrafficFlowObserved","vehicleType":"bicycle","reversedLane":false}
{"intensity":140,"laneId":25871951,"dateObserved":"2020-10-15T00:00:00/2020-10-16T00:00:00","location":{"coordinates":[3.93327,43.57926],"type":"Point"},"id":"MMM_EcoCompt_X2H20042634_202010150000","type":"TrafficFlowObserved","vehicleType":"bicycle","reversedLane":false}
{"intensity":93,"laneId":25871951,"dateObserved":"2020-10-16T00:00:00/2020-10-17T00:00:00","location":{"coordinates":[3.93327,43.57926],"type":"Point"},"id":"MMM_EcoCompt_X2H20042634_202010160000","type":"TrafficFlowObserved","vehicleType":"bicycle","reversedLane":false}
{"intensity":58,"laneId":25871951,"dateObserved":"2020-10-17T00:00:00/2020-10-18T00:00:00","location":{"coordinates":[3.93327,43.57926],"type":"Point"},"id":"MMM_EcoCompt_X2H20042634_202010170000","type":"TrafficFlowObserved","vehicleType":"bicycle","reversedLane":false}
{"intensity":79,"laneId":25871951,"dateObserved":"2020-10-18T00:00:00/2020-10-19T00:00:00","location":{"coordinates":[3.93327,43.57926],"type":"Point"},"id":"MMM_EcoCompt_X2H20042634_202010180000","type":"TrafficFlowObserved","vehicleType":"bicycle","reversedLane":false}
{"intensity":96,"laneId":25871951,"dateObserved":"2020-10-19T00:00:00/2020-10-20T00:00:00","location":{"coordinates":[3.93327,43.57926],"type":"Point"},"id":"MMM_EcoCompt_X2H20042634_202010190000","type":"TrafficFlowObserved","vehicleType":"bicycle","reversedLane":false}
{"intensity":76,"laneId":25871951,"dateObserved":"2020-10-20T00:00:00/2020-10-21T00:00:00","location":{"coordinates":[3.93327,43.57926],"type":"Point"},"id":"MMM_EcoCompt_X2H20042634_202010200000","type":"TrafficFlowObserved","vehicleType":"bicycle","reversedLane":false}
{"intensity":66,"laneId":25871951,"dateObserved":"2020-10-21T00:00:00/2020-10-22T00:00:00","location":{"coordinates":[3.93327,43.57926],"type":"Point"},"id":"MMM_EcoCompt_X2H20042634_202010210000","type":"TrafficFlowObserved","vehicleType":"bicycle","reversedLane":false}
{"intensity":46,"laneId":25871951,"dateObserved":"2020-10-22T00:00:00/2020-10-23T00:00:00","location":{"coordinates":[3.93327,43.57926],"type":"Point"},"id":"MMM_EcoCompt_X2H20042634_202010220000","type":"TrafficFlowObserved","vehicleType":"bicycle","reversedLane":false}
{"intensity":85,"laneId":25871951,"dateObserved":"2020-10-23T00:00:00/2020-10-24T00:00:00","location":{"coordinates":[3.93327,43.57926],"type":"Point"},"id":"MMM_EcoCompt_X2H20042634_202010230000","type":"TrafficFlowObserved","vehicleType":"bicycle","reversedLane":false}
{"intensity":81,"laneId":25871951,"dateObserved":"2020-10-24T00:00:00/2020-10-25T00:00:00","location":{"coordinates":[3.93327,43.57926],"type":"Point"},"id":"MMM_EcoCompt_X2H20042634_202010240000","type":"TrafficFlowObserved","vehicleType":"bicycle","reversedLane":false}
{"intensity":45,"laneId":25871951,"dateObserved":"2020-10-25T00:00:00/2020-10-25T00:00:00","location":{"coordinates":[3.93327,43.57926],"type":"Point"},"id":"MMM_EcoCompt_X2H20042634_202010250000","type":"TrafficFlowObserved","vehicleType":"bicycle","reversedLane":false}
{"intensity":71,"laneId":25871951,"dateObserved":"2020-10-26T00:00:00/2020-10-27T00:00:00","location":{"coordinates":[3.93327,43.57926],"type":"Point"},"id":"MMM_EcoCompt_X2H20042634_202010260000","type":"TrafficFlowObserved","vehicleType":"bicycle","reversedLane":false}
{"intensity":152,"laneId":25871951,"dateObserved":"2020-10-27T00:00:00/2020-10-28T00:00:00","location":{"coordinates":[3.93327,43.57926],"type":"Point"},"id":"MMM_EcoCompt_X2H20042634_202010270000","type":"TrafficFlowObserved","vehicleType":"bicycle","reversedLane":false}
{"intensity":140,"laneId":25871951,"dateObserved":"2020-10-28T00:00:00/2020-10-29T00:00:00","location":{"coordinates":[3.93327,43.57926],"type":"Point"},"id":"MMM_EcoCompt_X2H20042634_202010280000","type":"TrafficFlowObserved","vehicleType":"bicycle","reversedLane":false}
{"intensity":142,"laneId":25871951,"dateObserved":"2020-10-29T00:00:00/2020-10-30T00:00:00","location":{"coordinates":[3.93327,43.57926],"type":"Point"},"id":"MMM_EcoCompt_X2H20042634_202010290000","type":"TrafficFlowObserved","vehicleType":"bicycle","reversedLane":false}
{"intensity":66,"laneId":25871951,"dateObserved":"2020-10-30T00:00:00/2020-10-31T00:00:00","location":{"coordinates":[3.93327,43.57926],"type":"Point"},"id":"MMM_EcoCompt_X2H20042634_202010300000","type":"TrafficFlowObserved","vehicleType":"bicycle","reversedLane":false}
{"intensity":51,"laneId":25871951,"dateObserved":"2020-10-31T00:00:00/2020-11-01T00:00:00","location":{"coordinates":[3.93327,43.57926],"type":"Point"},"id":"MMM_EcoCompt_X2H20042634_202010310000","type":"TrafficFlowObserved","vehicleType":"bicycle","reversedLane":false}
{"intensity":28,"laneId":25871951,"dateObserved":"2020-11-01T00:00:00/2020-11-02T00:00:00","location":{"coordinates":[3.93327,43.57926],"type":"Point"},"id":"MMM_EcoCompt_X2H20042634_202011010000","type":"TrafficFlowObserved","vehicleType":"bicycle","reversedLane":false}
{"intensity":78,"laneId":25871951,"dateObserved":"2020-11-02T00:00:00/2020-11-03T00:00:00","location":{"coordinates":[3.93327,43.57926],"type":"Point"},"id":"MMM_EcoCompt_X2H20042634_202011020000","type":"TrafficFlowObserved","vehicleType":"bicycle","reversedLane":false}
{"intensity":86,"laneId":25871951,"dateObserved":"2020-11-03T00:00:00/2020-11-04T00:00:00","location":{"coordinates":[3.93327,43.57926],"type":"Point"},"id":"MMM_EcoCompt_X2H20042634_202011030000","type":"TrafficFlowObserved","vehicleType":"bicycle","reversedLane":false}
{"intensity":81,"laneId":25871951,"dateObserved":"2020-11-04T00:00:00/2020-11-05T00:00:00","location":{"coordinates":[3.93327,43.57926],"type":"Point"},"id":"MMM_EcoCompt_X2H20042634_202011040000","type":"TrafficFlowObserved","vehicleType":"bicycle","reversedLane":false}
{"intensity":93,"laneId":25871951,"dateObserved":"2020-11-05T00:00:00/2020-11-06T00:00:00","location":{"coordinates":[3.93327,43.57926],"type":"Point"},"id":"MMM_EcoCompt_X2H20042634_202011050000","type":"TrafficFlowObserved","vehicleType":"bicycle","reversedLane":false}
{"intensity":97,"laneId":25871951,"dateObserved":"2020-11-06T00:00:00/2020-11-07T00:00:00","location":{"coordinates":[3.93327,43.57926],"type":"Point"},"id":"MMM_EcoCompt_X2H20042634_202011060000","type":"TrafficFlowObserved","vehicleType":"bicycle","reversedLane":false}
{"intensity":38,"laneId":25871951,"dateObserved":"2020-11-07T00:00:00/2020-11-08T00:00:00","location":{"coordinates":[3.93327,43.57926],"type":"Point"},"id":"MMM_EcoCompt_X2H20042634_202011070000","type":"TrafficFlowObserved","vehicleType":"bicycle","reversedLane":false}
{"intensity":41,"laneId":25871951,"dateObserved":"2020-11-08T00:00:00/2020-11-09T00:00:00","location":{"coordinates":[3.93327,43.57926],"type":"Point"},"id":"MMM_EcoCompt_X2H20042634_202011080000","type":"TrafficFlowObserved","vehicleType":"bicycle","reversedLane":false}
{"intensity":67,"laneId":25871951,"dateObserved":"2020-11-09T00:00:00/2020-11-10T00:00:00","location":{"coordinates":[3.93327,43.57926],"type":"Point"},"id":"MMM_EcoCompt_X2H20042634_202011090000","type":"TrafficFlowObserved","vehicleType":"bicycle","reversedLane":false}
{"intensity":91,"laneId":25871951,"dateObserved":"2020-11-10T00:00:00/2020-11-11T00:00:00","location":{"coordinates":[3.93327,43.57926],"type":"Point"},"id":"MMM_EcoCompt_X2H20042634_202011100000","type":"TrafficFlowObserved","vehicleType":"bicycle","reversedLane":false}
{"intensity":77,"laneId":25871951,"dateObserved":"2020-11-11T00:00:00/2020-11-12T00:00:00","location":{"coordinates":[3.93327,43.57926],"type":"Point"},"id":"MMM_EcoCompt_X2H20042634_202011110000","type":"TrafficFlowObserved","vehicleType":"bicycle","reversedLane":false}
{"intensity":104,"laneId":25871951,"dateObserved":"2020-11-12T00:00:00/2020-11-13T00:00:00","location":{"coordinates":[3.93327,43.57926],"type":"Point"},"id":"MMM_EcoCompt_X2H20042634_202011120000","type":"TrafficFlowObserved","vehicleType":"bicycle","reversedLane":false}
{"intensity":111,"laneId":25871951,"dateObserved":"2020-11-13T00:00:00/2020-11-14T00:00:00","location":{"coordinates":[3.93327,43.57926],"type":"Point"},"id":"MMM_EcoCompt_X2H20042634_202011130000","type":"TrafficFlowObserved","vehicleType":"bicycle","reversedLane":false}
{"intensity":50,"laneId":25871951,"dateObserved":"2020-11-14T00:00:00/2020-11-15T00:00:00","location":{"coordinates":[3.93327,43.57926],"type":"Point"},"id":"MMM_EcoCompt_X2H20042634_202011140000","type":"TrafficFlowObserved","vehicleType":"bicycle","reversedLane":false}
{"intensity":21,"laneId":25871951,"dateObserved":"2020-11-15T00:00:00/2020-11-16T00:00:00","location":{"coordinates":[3.93327,43.57926],"type":"Point"},"id":"MMM_EcoCompt_X2H20042634_202011150000","type":"TrafficFlowObserved","vehicleType":"bicycle","reversedLane":false}
{"intensity":100,"laneId":25871951,"dateObserved":"2020-11-16T00:00:00/2020-11-17T00:00:00","location":{"coordinates":[3.93327,43.57926],"type":"Point"},"id":"MMM_EcoCompt_X2H20042634_202011160000","type":"TrafficFlowObserved","vehicleType":"bicycle","reversedLane":false}
{"intensity":118,"laneId":25871951,"dateObserved":"2020-11-17T00:00:00/2020-11-18T00:00:00","location":{"coordinates":[3.93327,43.57926],"type":"Point"},"id":"MMM_EcoCompt_X2H20042634_202011170000","type":"TrafficFlowObserved","vehicleType":"bicycle","reversedLane":false}
{"intensity":120,"laneId":25871951,"dateObserved":"2020-11-18T00:00:00/2020-11-19T00:00:00","location":{"coordinates":[3.93327,43.57926],"type":"Point"},"id":"MMM_EcoCompt_X2H20042634_202011180000","type":"TrafficFlowObserved","vehicleType":"bicycle","reversedLane":false}
{"intensity":97,"laneId":25871951,"dateObserved":"2020-11-19T00:00:00/2020-11-20T00:00:00","location":{"coordinates":[3.93327,43.57926],"type":"Point"},"id":"MMM_EcoCompt_X2H20042634_202011190000","type":"TrafficFlowObserved","vehicleType":"bicycle","reversedLane":false}
{"intensity":72,"laneId":25871951,"dateObserved":"2020-11-20T00:00:00/2020-11-21T00:00:00","location":{"coordinates":[3.93327,43.57926],"type":"Point"},"id":"MMM_EcoCompt_X2H20042634_202011200000","type":"TrafficFlowObserved","vehicleType":"bicycle","reversedLane":false}
{"intensity":54,"laneId":25871951,"dateObserved":"2020-11-21T00:00:00/2020-11-22T00:00:00","location":{"coordinates":[3.93327,43.57926],"type":"Point"},"id":"MMM_EcoCompt_X2H20042634_202011210000","type":"TrafficFlowObserved","vehicleType":"bicycle","reversedLane":false}
{"intensity":50,"laneId":25871951,"dateObserved":"2020-11-22T00:00:00/2020-11-23T00:00:00","location":{"coordinates":[3.93327,43.57926],"type":"Point"},"id":"MMM_EcoCompt_X2H20042634_202011220000","type":"TrafficFlowObserved","vehicleType":"bicycle","reversedLane":false}
{"intensity":83,"laneId":25871951,"dateObserved":"2020-11-23T00:00:00/2020-11-24T00:00:00","location":{"coordinates":[3.93327,43.57926],"type":"Point"},"id":"MMM_EcoCompt_X2H20042634_202011230000","type":"TrafficFlowObserved","vehicleType":"bicycle","reversedLane":false}
{"intensity":81,"laneId":25871951,"dateObserved":"2020-11-24T00:00:00/2020-11-25T00:00:00","location":{"coordinates":[3.93327,43.57926],"type":"Point"},"id":"MMM_EcoCompt_X2H20042634_202011240000","type":"TrafficFlowObserved","vehicleType":"bicycle","reversedLane":false}
{"intensity":52,"laneId":25871951,"dateObserved":"2020-11-25T00:00:00/2020-11-26T00:00:00","location":{"coordinates":[3.93327,43.57926],"type":"Point"},"id":"MMM_EcoCompt_X2H20042634_202011250000","type":"TrafficFlowObserved","vehicleType":"bicycle","reversedLane":false}
{"intensity":65,"laneId":25871951,"dateObserved":"2020-11-26T00:00:00/2020-11-27T00:00:00","location":{"coordinates":[3.93327,43.57926],"type":"Point"},"id":"MMM_EcoCompt_X2H20042634_202011260000","type":"TrafficFlowObserved","vehicleType":"bicycle","reversedLane":false}
{"intensity":73,"laneId":25871951,"dateObserved":"2020-11-27T00:00:00/2020-11-28T00:00:00","location":{"coordinates":[3.93327,43.57926],"type":"Point"},"id":"MMM_EcoCompt_X2H20042634_202011270000","type":"TrafficFlowObserved","vehicleType":"bicycle","reversedLane":false}
{"intensity":48,"laneId":25871951,"dateObserved":"2020-11-28T00:00:00/2020-11-29T00:00:00","location":{"coordinates":[3.93327,43.57926],"type":"Point"},"id":"MMM_EcoCompt_X2H20042634_202011280000","type":"TrafficFlowObserved","vehicleType":"bicycle","reversedLane":false}
{"intensity":145,"laneId":25871951,"dateObserved":"2020-11-29T00:00:00/2020-11-30T00:00:00","location":{"coordinates":[3.93327,43.57926],"type":"Point"},"id":"MMM_EcoCompt_X2H20042634_202011290000","type":"TrafficFlowObserved","vehicleType":"bicycle","reversedLane":false}
{"intensity":124,"laneId":25871951,"dateObserved":"2020-11-30T00:00:00/2020-12-01T00:00:00","location":{"coordinates":[3.93327,43.57926],"type":"Point"},"id":"MMM_EcoCompt_X2H20042634_202011300000","type":"TrafficFlowObserved","vehicleType":"bicycle","reversedLane":false}
{"intensity":72,"laneId":25871951,"dateObserved":"2020-12-01T00:00:00/2020-12-02T00:00:00","location":{"coordinates":[3.93327,43.57926],"type":"Point"},"id":"MMM_EcoCompt_X2H20042634_202012010000","type":"TrafficFlowObserved","vehicleType":"bicycle","reversedLane":false}
{"intensity":1,"laneId":25871951,"dateObserved":"2020-12-02T00:00:00/2020-12-03T00:00:00","location":{"coordinates":[3.93327,43.57926],"type":"Point"},"id":"MMM_EcoCompt_X2H20042634_202012020000","type":"TrafficFlowObserved","vehicleType":"bicycle","reversedLane":false}
{"intensity":81,"laneId":25871951,"dateObserved":"2020-12-03T00:00:00/2020-12-04T00:00:00","location":{"coordinates":[3.93327,43.57926],"type":"Point"},"id":"MMM_EcoCompt_X2H20042634_202012030000","type":"TrafficFlowObserved","vehicleType":"bicycle","reversedLane":false}
{"intensity":66,"laneId":25871951,"dateObserved":"2020-12-04T00:00:00/2020-12-05T00:00:00","location":{"coordinates":[3.93327,43.57926],"type":"Point"},"id":"MMM_EcoCompt_X2H20042634_202012040000","type":"TrafficFlowObserved","vehicleType":"bicycle","reversedLane":false}
{"intensity":55,"laneId":25871951,"dateObserved":"2020-12-05T00:00:00/2020-12-06T00:00:00","location":{"coordinates":[3.93327,43.57926],"type":"Point"},"id":"MMM_EcoCompt_X2H20042634_202012050000","type":"TrafficFlowObserved","vehicleType":"bicycle","reversedLane":false}
{"intensity":58,"laneId":25871951,"dateObserved":"2020-12-06T00:00:00/2020-12-07T00:00:00","location":{"coordinates":[3.93327,43.57926],"type":"Point"},"id":"MMM_EcoCompt_X2H20042634_202012060000","type":"TrafficFlowObserved","vehicleType":"bicycle","reversedLane":false}
{"intensity":76,"laneId":25871951,"dateObserved":"2020-12-07T00:00:00/2020-12-08T00:00:00","location":{"coordinates":[3.93327,43.57926],"type":"Point"},"id":"MMM_EcoCompt_X2H20042634_202012070000","type":"TrafficFlowObserved","vehicleType":"bicycle","reversedLane":false}
{"intensity":56,"laneId":25871951,"dateObserved":"2020-12-08T00:00:00/2020-12-09T00:00:00","location":{"coordinates":[3.93327,43.57926],"type":"Point"},"id":"MMM_EcoCompt_X2H20042634_202012080000","type":"TrafficFlowObserved","vehicleType":"bicycle","reversedLane":false}
{"intensity":86,"laneId":25871951,"dateObserved":"2020-12-09T00:00:00/2020-12-10T00:00:00","location":{"coordinates":[3.93327,43.57926],"type":"Point"},"id":"MMM_EcoCompt_X2H20042634_202012090000","type":"TrafficFlowObserved","vehicleType":"bicycle","reversedLane":false}
{"intensity":44,"laneId":25871951,"dateObserved":"2020-12-10T00:00:00/2020-12-11T00:00:00","location":{"coordinates":[3.93327,43.57926],"type":"Point"},"id":"MMM_EcoCompt_X2H20042634_202012100000","type":"TrafficFlowObserved","vehicleType":"bicycle","reversedLane":false}
{"intensity":29,"laneId":25871951,"dateObserved":"2020-12-11T00:00:00/2020-12-12T00:00:00","location":{"coordinates":[3.93327,43.57926],"type":"Point"},"id":"MMM_EcoCompt_X2H20042634_202012110000","type":"TrafficFlowObserved","vehicleType":"bicycle","reversedLane":false}
{"intensity":46,"laneId":25871951,"dateObserved":"2020-12-12T00:00:00/2020-12-13T00:00:00","location":{"coordinates":[3.93327,43.57926],"type":"Point"},"id":"MMM_EcoCompt_X2H20042634_202012120000","type":"TrafficFlowObserved","vehicleType":"bicycle","reversedLane":false}
{"intensity":65,"laneId":25871951,"dateObserved":"2020-12-13T00:00:00/2020-12-14T00:00:00","location":{"coordinates":[3.93327,43.57926],"type":"Point"},"id":"MMM_EcoCompt_X2H20042634_202012130000","type":"TrafficFlowObserved","vehicleType":"bicycle","reversedLane":false}
{"intensity":78,"laneId":25871951,"dateObserved":"2020-12-14T00:00:00/2020-12-15T00:00:00","location":{"coordinates":[3.93327,43.57926],"type":"Point"},"id":"MMM_EcoCompt_X2H20042634_202012140000","type":"TrafficFlowObserved","vehicleType":"bicycle","reversedLane":false}
{"intensity":46,"laneId":25871951,"dateObserved":"2020-12-15T00:00:00/2020-12-16T00:00:00","location":{"coordinates":[3.93327,43.57926],"type":"Point"},"id":"MMM_EcoCompt_X2H20042634_202012150000","type":"TrafficFlowObserved","vehicleType":"bicycle","reversedLane":false}
{"intensity":61,"laneId":25871951,"dateObserved":"2020-12-16T00:00:00/2020-12-17T00:00:00","location":{"coordinates":[3.93327,43.57926],"type":"Point"},"id":"MMM_EcoCompt_X2H20042634_202012160000","type":"TrafficFlowObserved","vehicleType":"bicycle","reversedLane":false}
{"intensity":53,"laneId":25871951,"dateObserved":"2020-12-17T00:00:00/2020-12-18T00:00:00","location":{"coordinates":[3.93327,43.57926],"type":"Point"},"id":"MMM_EcoCompt_X2H20042634_202012170000","type":"TrafficFlowObserved","vehicleType":"bicycle","reversedLane":false}
{"intensity":50,"laneId":25871951,"dateObserved":"2020-12-18T00:00:00/2020-12-19T00:00:00","location":{"coordinates":[3.93327,43.57926],"type":"Point"},"id":"MMM_EcoCompt_X2H20042634_202012180000","type":"TrafficFlowObserved","vehicleType":"bicycle","reversedLane":false}
{"intensity":44,"laneId":25871951,"dateObserved":"2020-12-19T00:00:00/2020-12-20T00:00:00","location":{"coordinates":[3.93327,43.57926],"type":"Point"},"id":"MMM_EcoCompt_X2H20042634_202012190000","type":"TrafficFlowObserved","vehicleType":"bicycle","reversedLane":false}
{"intensity":31,"laneId":25871951,"dateObserved":"2020-12-20T00:00:00/2020-12-21T00:00:00","location":{"coordinates":[3.93327,43.57926],"type":"Point"},"id":"MMM_EcoCompt_X2H20042634_202012200000","type":"TrafficFlowObserved","vehicleType":"bicycle","reversedLane":false}
{"intensity":63,"laneId":25871951,"dateObserved":"2020-12-21T00:00:00/2020-12-22T00:00:00","location":{"coordinates":[3.93327,43.57926],"type":"Point"},"id":"MMM_EcoCompt_X2H20042634_202012210000","type":"TrafficFlowObserved","vehicleType":"bicycle","reversedLane":false}
{"intensity":73,"laneId":25871951,"dateObserved":"2020-12-22T00:00:00/2020-12-23T00:00:00","location":{"coordinates":[3.93327,43.57926],"type":"Point"},"id":"MMM_EcoCompt_X2H20042634_202012220000","type":"TrafficFlowObserved","vehicleType":"bicycle","reversedLane":false}
{"intensity":46,"laneId":25871951,"dateObserved":"2020-12-23T00:00:00/2020-12-24T00:00:00","location":{"coordinates":[3.93327,43.57926],"type":"Point"},"id":"MMM_EcoCompt_X2H20042634_202012230000","type":"TrafficFlowObserved","vehicleType":"bicycle","reversedLane":false}
{"intensity":63,"laneId":25871951,"dateObserved":"2020-12-24T00:00:00/2020-12-25T00:00:00","location":{"coordinates":[3.93327,43.57926],"type":"Point"},"id":"MMM_EcoCompt_X2H20042634_202012240000","type":"TrafficFlowObserved","vehicleType":"bicycle","reversedLane":false}
{"intensity":21,"laneId":25871951,"dateObserved":"2020-12-25T00:00:00/2020-12-26T00:00:00","location":{"coordinates":[3.93327,43.57926],"type":"Point"},"id":"MMM_EcoCompt_X2H20042634_202012250000","type":"TrafficFlowObserved","vehicleType":"bicycle","reversedLane":false}
{"intensity":38,"laneId":25871951,"dateObserved":"2020-12-26T00:00:00/2020-12-27T00:00:00","location":{"coordinates":[3.93327,43.57926],"type":"Point"},"id":"MMM_EcoCompt_X2H20042634_202012260000","type":"TrafficFlowObserved","vehicleType":"bicycle","reversedLane":false}
{"intensity":30,"laneId":25871951,"dateObserved":"2020-12-27T00:00:00/2020-12-28T00:00:00","location":{"coordinates":[3.93327,43.57926],"type":"Point"},"id":"MMM_EcoCompt_X2H20042634_202012270000","type":"TrafficFlowObserved","vehicleType":"bicycle","reversedLane":false}
{"intensity":33,"laneId":25871951,"dateObserved":"2020-12-28T00:00:00/2020-12-29T00:00:00","location":{"coordinates":[3.93327,43.57926],"type":"Point"},"id":"MMM_EcoCompt_X2H20042634_202012280000","type":"TrafficFlowObserved","vehicleType":"bicycle","reversedLane":false}
{"intensity":66,"laneId":25871951,"dateObserved":"2020-12-29T00:00:00/2020-12-30T00:00:00","location":{"coordinates":[3.93327,43.57926],"type":"Point"},"id":"MMM_EcoCompt_X2H20042634_202012290000","type":"TrafficFlowObserved","vehicleType":"bicycle","reversedLane":false}
{"intensity":54,"laneId":25871951,"dateObserved":"2020-12-30T00:00:00/2020-12-31T00:00:00","location":{"coordinates":[3.93327,43.57926],"type":"Point"},"id":"MMM_EcoCompt_X2H20042634_202012300000","type":"TrafficFlowObserved","vehicleType":"bicycle","reversedLane":false}
{"intensity":46,"laneId":25871951,"dateObserved":"2020-12-31T00:00:00/2021-01-01T00:00:00","location":{"coordinates":[3.93327,43.57926],"type":"Point"},"id":"MMM_EcoCompt_X2H20042634_202012310000","type":"TrafficFlowObserved","vehicleType":"bicycle","reversedLane":false}
