{"intensity":1785,"laneId":188609530,"dateObserved":"2020-03-12T00:00:00/2020-03-13T00:00:00","location":{"coordinates":[3.874408006668091,43.61620945549243],"type":"Point"},"id":"MMM_EcoCompt_XTH19101158_202003120000","type":"TrafficFlowObserved","vehicleType":"bicycle","reversedLane":false}
{"intensity":1757,"laneId":188609530,"dateObserved":"2020-03-13T00:00:00/2020-03-14T00:00:00","location":{"coordinates":[3.874408006668091,43.61620945549243],"type":"Point"},"id":"MMM_EcoCompt_XTH19101158_202003130000","type":"TrafficFlowObserved","vehicleType":"bicycle","reversedLane":false}
{"intensity":1137,"laneId":188609530,"dateObserved":"2020-03-14T00:00:00/2020-03-15T00:00:00","location":{"coordinates":[3.874408006668091,43.61620945549243],"type":"Point"},"id":"MMM_EcoCompt_XTH19101158_202003140000","type":"TrafficFlowObserved","vehicleType":"bicycle","reversedLane":false}
{"intensity":632,"laneId":188609530,"dateObserved":"2020-03-15T00:00:00/2020-03-16T00:00:00","location":{"coordinates":[3.874408006668091,43.61620945549243],"type":"Point"},"id":"MMM_EcoCompt_XTH19101158_202003150000","type":"TrafficFlowObserved","vehicleType":"bicycle","reversedLane":false}
{"intensity":945,"laneId":188609530,"dateObserved":"2020-03-16T00:00:00/2020-03-17T00:00:00","location":{"coordinates":[3.874408006668091,43.61620945549243],"type":"Point"},"id":"MMM_EcoCompt_XTH19101158_202003160000","type":"TrafficFlowObserved","vehicleType":"bicycle","reversedLane":false}
{"intensity":559,"laneId":188609530,"dateObserved":"2020-03-17T00:00:00/2020-03-18T00:00:00","location":{"coordinates":[3.874408006668091,43.61620945549243],"type":"Point"},"id":"MMM_EcoCompt_XTH19101158_202003170000","type":"TrafficFlowObserved","vehicleType":"bicycle","reversedLane":false}
{"intensity":609,"laneId":188609530,"dateObserved":"2020-03-18T00:00:00/2020-03-19T00:00:00","location":{"coordinates":[3.874408006668091,43.61620945549243],"type":"Point"},"id":"MMM_EcoCompt_XTH19101158_202003180000","type":"TrafficFlowObserved","vehicleType":"bicycle","reversedLane":false}
{"intensity":469,"laneId":188609530,"dateObserved":"2020-03-19T00:00:00/2020-03-20T00:00:00","location":{"coordinates":[3.874408006668091,43.61620945549243],"type":"Point"},"id":"MMM_EcoCompt_XTH19101158_202003190000","type":"TrafficFlowObserved","vehicleType":"bicycle","reversedLane":false}
{"intensity":362,"laneId":188609530,"dateObserved":"2020-03-20T00:00:00/2020-03-21T00:00:00","location":{"coordinates":[3.874408006668091,43.61620945549243],"type":"Point"},"id":"MMM_EcoCompt_XTH19101158_202003200000","type":"TrafficFlowObserved","vehicleType":"bicycle","reversedLane":false}
{"intensity":268,"laneId":188609530,"dateObserved":"2020-03-21T00:00:00/2020-03-22T00:00:00","location":{"coordinates":[3.874408006668091,43.61620945549243],"type":"Point"},"id":"MMM_EcoCompt_XTH19101158_202003210000","type":"TrafficFlowObserved","vehicleType":"bicycle","reversedLane":false}
{"intensity":177,"laneId":188609530,"dateObserved":"2020-03-22T00:00:00/2020-03-23T00:00:00","location":{"coordinates":[3.874408006668091,43.61620945549243],"type":"Point"},"id":"MMM_EcoCompt_XTH19101158_202003220000","type":"TrafficFlowObserved","vehicleType":"bicycle","reversedLane":false}
{"intensity":333,"laneId":188609530,"dateObserved":"2020-03-23T00:00:00/2020-03-24T00:00:00","location":{"coordinates":[3.874408006668091,43.61620945549243],"type":"Point"},"id":"MMM_EcoCompt_XTH19101158_202003230000","type":"TrafficFlowObserved","vehicleType":"bicycle","reversedLane":false}
{"intensity":292,"laneId":188609530,"dateObserved":"2020-03-24T00:00:00/2020-03-25T00:00:00","location":{"coordinates":[3.874408006668091,43.61620945549243],"type":"Point"},"id":"MMM_EcoCompt_XTH19101158_202003240000","type":"TrafficFlowObserved","vehicleType":"bicycle","reversedLane":false}
{"intensity":318,"laneId":188609530,"dateObserved":"2020-03-25T00:00:00/2020-03-26T00:00:00","location":{"coordinates":[3.874408006668091,43.61620945549243],"type":"Point"},"id":"MMM_EcoCompt_XTH19101158_202003250000","type":"TrafficFlowObserved","vehicleType":"bicycle","reversedLane":false}
{"intensity":335,"laneId":188609530,"dateObserved":"2020-03-26T00:00:00/2020-03-27T00:00:00","location":{"coordinates":[3.874408006668091,43.61620945549243],"type":"Point"},"id":"MMM_EcoCompt_XTH19101158_202003260000","type":"TrafficFlowObserved","vehicleType":"bicycle","reversedLane":false}
{"intensity":358,"laneId":188609530,"dateObserved":"2020-03-27T00:00:00/2020-03-28T00:00:00","location":{"coordinates":[3.874408006668091,43.61620945549243],"type":"Point"},"id":"MMM_EcoCompt_XTH19101158_202003270000","type":"TrafficFlowObserved","vehicleType":"bicycle","reversedLane":false}
{"intensity":259,"laneId":188609530,"dateObserved":"2020-03-28T00:00:00/2020-03-29T00:00:00","location":{"coordinates":[3.874408006668091,43.61620945549243],"type":"Point"},"id":"MMM_EcoCompt_XTH19101158_202003280000","type":"TrafficFlowObserved","vehicleType":"bicycle","reversedLane":false}
{"intensity":166,"laneId":188609530,"dateObserved":"2020-03-29T00:00:00/2020-03-30T00:00:00","location":{"coordinates":[3.874408006668091,43.61620945549243],"type":"Point"},"id":"MMM_EcoCompt_XTH19101158_202003290000","type":"TrafficFlowObserved","vehicleType":"bicycle","reversedLane":false}
{"intensity":359,"laneId":188609530,"dateObserved":"2020-03-30T00:00:00/2020-03-31T00:00:00","location":{"coordinates":[3.874408006668091,43.61620945549243],"type":"Point"},"id":"MMM_EcoCompt_XTH19101158_202003300000","type":"TrafficFlowObserved","vehicleType":"bicycle","reversedLane":false}
{"intensity":334,"laneId":188609530,"dateObserved":"2020-03-31T00:00:00/2020-04-01T00:00:00","location":{"coordinates":[3.874408006668091,43.61620945549243],"type":"Point"},"id":"MMM_EcoCompt_XTH19101158_202003310000","type":"TrafficFlowObserved","vehicleType":"bicycle","reversedLane":false}
{"intensity":328,"laneId":188609530,"dateObserved":"2020-04-01T00:00:00/2020-04-02T00:00:00","location":{"coordinates":[3.874408006668091,43.61620945549243],"type":"Point"},"id":"MMM_EcoCompt_XTH19101158_202004010000","type":"TrafficFlowObserved","vehicleType":"bicycle","reversedLane":false}
{"intensity":374,"laneId":188609530,"dateObserved":"2020-04-02T00:00:00/2020-04-03T00:00:00","location":{"coordinates":[3.874408006668091,43.61620945549243],"type":"Point"},"id":"MMM_EcoCompt_XTH19101158_202004020000","type":"TrafficFlowObserved","vehicleType":"bicycle","reversedLane":false}
{"intensity":397,"laneId":188609530,"dateObserved":"2020-04-03T00:00:00/2020-04-04T00:00:00","location":{"coordinates":[3.874408006668091,43.61620945549243],"type":"Point"},"id":"MMM_EcoCompt_XTH19101158_202004030000","type":"TrafficFlowObserved","vehicleType":"bicycle","reversedLane":false}
{"intensity":305,"laneId":188609530,"dateObserved":"2020-04-04T00:00:00/2020-04-05T00:00:00","location":{"coordinates":[3.874408006668091,43.61620945549243],"type":"Point"},"id":"MMM_EcoCompt_XTH19101158_202004040000","type":"TrafficFlowObserved","vehicleType":"bicycle","reversedLane":false}
{"intensity":205,"laneId":188609530,"dateObserved":"2020-04-05T00:00:00/2020-04-06T00:00:00","location":{"coordinates":[3.874408006668091,43.61620945549243],"type":"Point"},"id":"MMM_EcoCompt_XTH19101158_202004050000","type":"TrafficFlowObserved","vehicleType":"bicycle","reversedLane":false}
{"intensity":388,"laneId":188609530,"dateObserved":"2020-04-06T00:00:00/2020-04-07T00:00:00","location":{"coordinates":[3.874408006668091,43.61620945549243],"type":"Point"},"id":"MMM_EcoCompt_XTH19101158_202004060000","type":"TrafficFlowObserved","vehicleType":"bicycle","reversedLane":false}
{"intensity":380,"laneId":188609530,"dateObserved":"2020-04-07T00:00:00/2020-04-08T00:00:00","location":{"coordinates":[3.874408006668091,43.61620945549243],"type":"Point"},"id":"MMM_EcoCompt_XTH19101158_202004070000","type":"TrafficFlowObserved","vehicleType":"bicycle","reversedLane":false}
{"intensity":390,"laneId":188609530,"dateObserved":"2020-04-08T00:00:00/2020-04-09T00:00:00","location":{"coordinates":[3.874408006668091,43.61620945549243],"type":"Point"},"id":"MMM_EcoCompt_XTH19101158_202004080000","type":"TrafficFlowObserved","vehicleType":"bicycle","reversedLane":false}
{"intensity":408,"laneId":188609530,"dateObserved":"2020-04-09T00:00:00/2020-04-10T00:00:00","location":{"coordinates":[3.874408006668091,43.61620945549243],"type":"Point"},"id":"MMM_EcoCompt_XTH19101158_202004090000","type":"TrafficFlowObserved","vehicleType":"bicycle","reversedLane":false}
{"intensity":419,"laneId":188609530,"dateObserved":"2020-04-10T00:00:00/2020-04-11T00:00:00","location":{"coordinates":[3.874408006668091,43.61620945549243],"type":"Point"},"id":"MMM_EcoCompt_XTH19101158_202004100000","type":"TrafficFlowObserved","vehicleType":"bicycle","reversedLane":false}
{"intensity":292,"laneId":188609530,"dateObserved":"2020-04-11T00:00:00/2020-04-12T00:00:00","location":{"coordinates":[3.874408006668091,43.61620945549243],"type":"Point"},"id":"MMM_EcoCompt_XTH19101158_202004110000","type":"TrafficFlowObserved","vehicleType":"bicycle","reversedLane":false}
{"intensity":239,"laneId":188609530,"dateObserved":"2020-04-12T00:00:00/2020-04-13T00:00:00","location":{"coordinates":[3.874408006668091,43.61620945549243],"type":"Point"},"id":"MMM_EcoCompt_XTH19101158_202004120000","type":"TrafficFlowObserved","vehicleType":"bicycle","reversedLane":false}
{"intensity":186,"laneId":188609530,"dateObserved":"2020-04-13T00:00:00/2020-04-14T00:00:00","location":{"coordinates":[3.874408006668091,43.61620945549243],"type":"Point"},"id":"MMM_EcoCompt_XTH19101158_202004130000","type":"TrafficFlowObserved","vehicleType":"bicycle","reversedLane":false}
{"intensity":414,"laneId":188609530,"dateObserved":"2020-04-14T00:00:00/2020-04-15T00:00:00","location":{"coordinates":[3.874408006668091,43.61620945549243],"type":"Point"},"id":"MMM_EcoCompt_XTH19101158_202004140000","type":"TrafficFlowObserved","vehicleType":"bicycle","reversedLane":false}
{"intensity":404,"laneId":188609530,"dateObserved":"2020-04-15T00:00:00/2020-04-16T00:00:00","location":{"coordinates":[3.874408006668091,43.61620945549243],"type":"Point"},"id":"MMM_EcoCompt_XTH19101158_202004150000","type":"TrafficFlowObserved","vehicleType":"bicycle","reversedLane":false}
{"intensity":427,"laneId":188609530,"dateObserved":"2020-04-16T00:00:00/2020-04-17T00:00:00","location":{"coordinates":[3.874408006668091,43.61620945549243],"type":"Point"},"id":"MMM_EcoCompt_XTH19101158_202004160000","type":"TrafficFlowObserved","vehicleType":"bicycle","reversedLane":false}
{"intensity":442,"laneId":188609530,"dateObserved":"2020-04-17T00:00:00/2020-04-18T00:00:00","location":{"coordinates":[3.874408006668091,43.61620945549243],"type":"Point"},"id":"MMM_EcoCompt_XTH19101158_202004170000","type":"TrafficFlowObserved","vehicleType":"bicycle","reversedLane":false}
{"intensity":340,"laneId":188609530,"dateObserved":"2020-04-18T00:00:00/2020-04-19T00:00:00","location":{"coordinates":[3.874408006668091,43.61620945549243],"type":"Point"},"id":"MMM_EcoCompt_XTH19101158_202004180000","type":"TrafficFlowObserved","vehicleType":"bicycle","reversedLane":false}
{"intensity":153,"laneId":188609530,"dateObserved":"2020-04-19T00:00:00/2020-04-20T00:00:00","location":{"coordinates":[3.874408006668091,43.61620945549243],"type":"Point"},"id":"MMM_EcoCompt_XTH19101158_202004190000","type":"TrafficFlowObserved","vehicleType":"bicycle","reversedLane":false}
{"intensity":208,"laneId":188609530,"dateObserved":"2020-04-20T00:00:00/2020-04-21T00:00:00","location":{"coordinates":[3.874408006668091,43.61620945549243],"type":"Point"},"id":"MMM_EcoCompt_XTH19101158_202004200000","type":"TrafficFlowObserved","vehicleType":"bicycle","reversedLane":false}
{"intensity":185,"laneId":188609530,"dateObserved":"2020-04-21T00:00:00/2020-04-22T00:00:00","location":{"coordinates":[3.874408006668091,43.61620945549243],"type":"Point"},"id":"MMM_EcoCompt_XTH19101158_202004210000","type":"TrafficFlowObserved","vehicleType":"bicycle","reversedLane":false}
{"intensity":298,"laneId":188609530,"dateObserved":"2020-04-22T00:00:00/2020-04-23T00:00:00","location":{"coordinates":[3.874408006668091,43.61620945549243],"type":"Point"},"id":"MMM_EcoCompt_XTH19101158_202004220000","type":"TrafficFlowObserved","vehicleType":"bicycle","reversedLane":false}
{"intensity":505,"laneId":188609530,"dateObserved":"2020-04-23T00:00:00/2020-04-24T00:00:00","location":{"coordinates":[3.874408006668091,43.61620945549243],"type":"Point"},"id":"MMM_EcoCompt_XTH19101158_202004230000","type":"TrafficFlowObserved","vehicleType":"bicycle","reversedLane":false}
{"intensity":501,"laneId":188609530,"dateObserved":"2020-04-24T00:00:00/2020-04-25T00:00:00","location":{"coordinates":[3.874408006668091,43.61620945549243],"type":"Point"},"id":"MMM_EcoCompt_XTH19101158_202004240000","type":"TrafficFlowObserved","vehicleType":"bicycle","reversedLane":false}
{"intensity":400,"laneId":188609530,"dateObserved":"2020-04-25T00:00:00/2020-04-26T00:00:00","location":{"coordinates":[3.874408006668091,43.61620945549243],"type":"Point"},"id":"MMM_EcoCompt_XTH19101158_202004250000","type":"TrafficFlowObserved","vehicleType":"bicycle","reversedLane":false}
{"intensity":347,"laneId":188609530,"dateObserved":"2020-04-26T00:00:00/2020-04-27T00:00:00","location":{"coordinates":[3.874408006668091,43.61620945549243],"type":"Point"},"id":"MMM_EcoCompt_XTH19101158_202004260000","type":"TrafficFlowObserved","vehicleType":"bicycle","reversedLane":false}
{"intensity":416,"laneId":188609530,"dateObserved":"2020-04-27T00:00:00/2020-04-28T00:00:00","location":{"coordinates":[3.874408006668091,43.61620945549243],"type":"Point"},"id":"MMM_EcoCompt_XTH19101158_202004270000","type":"TrafficFlowObserved","vehicleType":"bicycle","reversedLane":false}
{"intensity":447,"laneId":188609530,"dateObserved":"2020-04-28T00:00:00/2020-04-29T00:00:00","location":{"coordinates":[3.874408006668091,43.61620945549243],"type":"Point"},"id":"MMM_EcoCompt_XTH19101158_202004280000","type":"TrafficFlowObserved","vehicleType":"bicycle","reversedLane":false}
{"intensity":562,"laneId":188609530,"dateObserved":"2020-04-29T00:00:00/2020-04-30T00:00:00","location":{"coordinates":[3.874408006668091,43.61620945549243],"type":"Point"},"id":"MMM_EcoCompt_XTH19101158_202004290000","type":"TrafficFlowObserved","vehicleType":"bicycle","reversedLane":false}
{"intensity":495,"laneId":188609530,"dateObserved":"2020-04-30T00:00:00/2020-05-01T00:00:00","location":{"coordinates":[3.874408006668091,43.61620945549243],"type":"Point"},"id":"MMM_EcoCompt_XTH19101158_202004300000","type":"TrafficFlowObserved","vehicleType":"bicycle","reversedLane":false}
{"intensity":421,"laneId":188609530,"dateObserved":"2020-05-01T00:00:00/2020-05-02T00:00:00","location":{"coordinates":[3.874408006668091,43.61620945549243],"type":"Point"},"id":"MMM_EcoCompt_XTH19101158_202005010000","type":"TrafficFlowObserved","vehicleType":"bicycle","reversedLane":false}
{"intensity":523,"laneId":188609530,"dateObserved":"2020-05-02T00:00:00/2020-05-03T00:00:00","location":{"coordinates":[3.874408006668091,43.61620945549243],"type":"Point"},"id":"MMM_EcoCompt_XTH19101158_202005020000","type":"TrafficFlowObserved","vehicleType":"bicycle","reversedLane":false}
{"intensity":411,"laneId":188609530,"dateObserved":"2020-05-03T00:00:00/2020-05-04T00:00:00","location":{"coordinates":[3.874408006668091,43.61620945549243],"type":"Point"},"id":"MMM_EcoCompt_XTH19101158_202005030000","type":"TrafficFlowObserved","vehicleType":"bicycle","reversedLane":false}
{"intensity":577,"laneId":188609530,"dateObserved":"2020-05-04T00:00:00/2020-05-05T00:00:00","location":{"coordinates":[3.874408006668091,43.61620945549243],"type":"Point"},"id":"MMM_EcoCompt_XTH19101158_202005040000","type":"TrafficFlowObserved","vehicleType":"bicycle","reversedLane":false}
{"intensity":1365,"laneId":188609530,"dateObserved":"2020-05-05T00:00:00/2020-05-06T00:00:00","location":{"coordinates":[3.874408006668091,43.61620945549243],"type":"Point"},"id":"MMM_EcoCompt_XTH19101158_202005050000","type":"TrafficFlowObserved","vehicleType":"bicycle","reversedLane":false}
{"intensity":709,"laneId":188609530,"dateObserved":"2020-05-06T00:00:00/2020-05-07T00:00:00","location":{"coordinates":[3.874408006668091,43.61620945549243],"type":"Point"},"id":"MMM_EcoCompt_XTH19101158_202005060000","type":"TrafficFlowObserved","vehicleType":"bicycle","reversedLane":false}
{"intensity":620,"laneId":188609530,"dateObserved":"2020-05-07T00:00:00/2020-05-08T00:00:00","location":{"coordinates":[3.874408006668091,43.61620945549243],"type":"Point"},"id":"MMM_EcoCompt_XTH19101158_202005070000","type":"TrafficFlowObserved","vehicleType":"bicycle","reversedLane":false}
{"intensity":487,"laneId":188609530,"dateObserved":"2020-05-08T00:00:00/2020-05-09T00:00:00","location":{"coordinates":[3.874408006668091,43.61620945549243],"type":"Point"},"id":"MMM_EcoCompt_XTH19101158_202005080000","type":"TrafficFlowObserved","vehicleType":"bicycle","reversedLane":false}
{"intensity":503,"laneId":188609530,"dateObserved":"2020-05-09T00:00:00/2020-05-10T00:00:00","location":{"coordinates":[3.874408006668091,43.61620945549243],"type":"Point"},"id":"MMM_EcoCompt_XTH19101158_202005090000","type":"TrafficFlowObserved","vehicleType":"bicycle","reversedLane":false}
{"intensity":140,"laneId":188609530,"dateObserved":"2020-05-10T00:00:00/2020-05-11T00:00:00","location":{"coordinates":[3.874408006668091,43.61620945549243],"type":"Point"},"id":"MMM_EcoCompt_XTH19101158_202005100000","type":"TrafficFlowObserved","vehicleType":"bicycle","reversedLane":false}
{"intensity":3515,"laneId":188609530,"dateObserved":"2020-05-11T00:00:00/2020-05-12T00:00:00","location":{"coordinates":[3.874408006668091,43.61620945549243],"type":"Point"},"id":"MMM_EcoCompt_XTH19101158_202005110000","type":"TrafficFlowObserved","vehicleType":"bicycle","reversedLane":false}
{"intensity":1106,"laneId":188609530,"dateObserved":"2020-05-12T00:00:00/2020-05-13T00:00:00","location":{"coordinates":[3.874408006668091,43.61620945549243],"type":"Point"},"id":"MMM_EcoCompt_XTH19101158_202005120000","type":"TrafficFlowObserved","vehicleType":"bicycle","reversedLane":false}
{"intensity":863,"laneId":188609530,"dateObserved":"2020-05-13T00:00:00/2020-05-14T00:00:00","location":{"coordinates":[3.874408006668091,43.61620945549243],"type":"Point"},"id":"MMM_EcoCompt_XTH19101158_202005130000","type":"TrafficFlowObserved","vehicleType":"bicycle","reversedLane":false}
{"intensity":887,"laneId":188609530,"dateObserved":"2020-05-14T00:00:00/2020-05-15T00:00:00","location":{"coordinates":[3.874408006668091,43.61620945549243],"type":"Point"},"id":"MMM_EcoCompt_XTH19101158_202005140000","type":"TrafficFlowObserved","vehicleType":"bicycle","reversedLane":false}
{"intensity":1135,"laneId":188609530,"dateObserved":"2020-05-15T00:00:00/2020-05-16T00:00:00","location":{"coordinates":[3.874408006668091,43.61620945549243],"type":"Point"},"id":"MMM_EcoCompt_XTH19101158_202005150000","type":"TrafficFlowObserved","vehicleType":"bicycle","reversedLane":false}
{"intensity":870,"laneId":188609530,"dateObserved":"2020-05-16T00:00:00/2020-05-17T00:00:00","location":{"coordinates":[3.874408006668091,43.61620945549243],"type":"Point"},"id":"MMM_EcoCompt_XTH19101158_202005160000","type":"TrafficFlowObserved","vehicleType":"bicycle","reversedLane":false}
{"intensity":1082,"laneId":188609530,"dateObserved":"2020-05-17T00:00:00/2020-05-18T00:00:00","location":{"coordinates":[3.874408006668091,43.61620945549243],"type":"Point"},"id":"MMM_EcoCompt_XTH19101158_202005170000","type":"TrafficFlowObserved","vehicleType":"bicycle","reversedLane":false}
{"intensity":1125,"laneId":188609530,"dateObserved":"2020-05-18T00:00:00/2020-05-19T00:00:00","location":{"coordinates":[3.874408006668091,43.61620945549243],"type":"Point"},"id":"MMM_EcoCompt_XTH19101158_202005180000","type":"TrafficFlowObserved","vehicleType":"bicycle","reversedLane":false}
{"intensity":1378,"laneId":188609530,"dateObserved":"2020-05-19T00:00:00/2020-05-20T00:00:00","location":{"coordinates":[3.874408006668091,43.61620945549243],"type":"Point"},"id":"MMM_EcoCompt_XTH19101158_202005190000","type":"TrafficFlowObserved","vehicleType":"bicycle","reversedLane":false}
{"intensity":1292,"laneId":188609530,"dateObserved":"2020-05-20T00:00:00/2020-05-21T00:00:00","location":{"coordinates":[3.874408006668091,43.61620945549243],"type":"Point"},"id":"MMM_EcoCompt_XTH19101158_202005200000","type":"TrafficFlowObserved","vehicleType":"bicycle","reversedLane":false}
{"intensity":987,"laneId":188609530,"dateObserved":"2020-05-21T00:00:00/2020-05-22T00:00:00","location":{"coordinates":[3.874408006668091,43.61620945549243],"type":"Point"},"id":"MMM_EcoCompt_XTH19101158_202005210000","type":"TrafficFlowObserved","vehicleType":"bicycle","reversedLane":false}
{"intensity":1111,"laneId":188609530,"dateObserved":"2020-05-22T00:00:00/2020-05-23T00:00:00","location":{"coordinates":[3.874408006668091,43.61620945549243],"type":"Point"},"id":"MMM_EcoCompt_XTH19101158_202005220000","type":"TrafficFlowObserved","vehicleType":"bicycle","reversedLane":false}
{"intensity":912,"laneId":188609530,"dateObserved":"2020-05-23T00:00:00/2020-05-24T00:00:00","location":{"coordinates":[3.874408006668091,43.61620945549243],"type":"Point"},"id":"MMM_EcoCompt_XTH19101158_202005230000","type":"TrafficFlowObserved","vehicleType":"bicycle","reversedLane":false}
{"intensity":746,"laneId":188609530,"dateObserved":"2020-05-24T00:00:00/2020-05-25T00:00:00","location":{"coordinates":[3.874408006668091,43.61620945549243],"type":"Point"},"id":"MMM_EcoCompt_XTH19101158_202005240000","type":"TrafficFlowObserved","vehicleType":"bicycle","reversedLane":false}
{"intensity":1199,"laneId":188609530,"dateObserved":"2020-05-25T00:00:00/2020-05-26T00:00:00","location":{"coordinates":[3.874408006668091,43.61620945549243],"type":"Point"},"id":"MMM_EcoCompt_XTH19101158_202005250000","type":"TrafficFlowObserved","vehicleType":"bicycle","reversedLane":false}
{"intensity":1386,"laneId":188609530,"dateObserved":"2020-05-26T00:00:00/2020-05-27T00:00:00","location":{"coordinates":[3.874408006668091,43.61620945549243],"type":"Point"},"id":"MMM_EcoCompt_XTH19101158_202005260000","type":"TrafficFlowObserved","vehicleType":"bicycle","reversedLane":false}
{"intensity":1349,"laneId":188609530,"dateObserved":"2020-05-27T00:00:00/2020-05-28T00:00:00","location":{"coordinates":[3.874408006668091,43.61620945549243],"type":"Point"},"id":"MMM_EcoCompt_XTH19101158_202005270000","type":"TrafficFlowObserved","vehicleType":"bicycle","reversedLane":false}
{"intensity":1501,"laneId":188609530,"dateObserved":"2020-05-28T00:00:00/2020-05-29T00:00:00","location":{"coordinates":[3.874408006668091,43.61620945549243],"type":"Point"},"id":"MMM_EcoCompt_XTH19101158_202005280000","type":"TrafficFlowObserved","vehicleType":"bicycle","reversedLane":false}
{"intensity":1455,"laneId":188609530,"dateObserved":"2020-05-29T00:00:00/2020-05-30T00:00:00","location":{"coordinates":[3.874408006668091,43.61620945549243],"type":"Point"},"id":"MMM_EcoCompt_XTH19101158_202005290000","type":"TrafficFlowObserved","vehicleType":"bicycle","reversedLane":false}
{"intensity":1107,"laneId":188609530,"dateObserved":"2020-05-30T00:00:00/2020-05-31T00:00:00","location":{"coordinates":[3.874408006668091,43.61620945549243],"type":"Point"},"id":"MMM_EcoCompt_XTH19101158_202005300000","type":"TrafficFlowObserved","vehicleType":"bicycle","reversedLane":false}
{"intensity":841,"laneId":188609530,"dateObserved":"2020-05-31T00:00:00/2020-06-01T00:00:00","location":{"coordinates":[3.874408006668091,43.61620945549243],"type":"Point"},"id":"MMM_EcoCompt_XTH19101158_202005310000","type":"TrafficFlowObserved","vehicleType":"bicycle","reversedLane":false}
{"intensity":836,"laneId":188609530,"dateObserved":"2020-06-01T00:00:00/2020-06-02T00:00:00","location":{"coordinates":[3.874408006668091,43.61620945549243],"type":"Point"},"id":"MMM_EcoCompt_XTH19101158_202006010000","type":"TrafficFlowObserved","vehicleType":"bicycle","reversedLane":false}
{"intensity":1644,"laneId":188609530,"dateObserved":"2020-06-02T00:00:00/2020-06-03T00:00:00","location":{"coordinates":[3.874408006668091,43.61620945549243],"type":"Point"},"id":"MMM_EcoCompt_XTH19101158_202006020000","type":"TrafficFlowObserved","vehicleType":"bicycle","reversedLane":false}
{"intensity":1497,"laneId":188609530,"dateObserved":"2020-06-03T00:00:00/2020-06-04T00:00:00","location":{"coordinates":[3.874408006668091,43.61620945549243],"type":"Point"},"id":"MMM_EcoCompt_XTH19101158_202006030000","type":"TrafficFlowObserved","vehicleType":"bicycle","reversedLane":false}
{"intensity":1189,"laneId":188609530,"dateObserved":"2020-06-04T00:00:00/2020-06-05T00:00:00","location":{"coordinates":[3.874408006668091,43.61620945549243],"type":"Point"},"id":"MMM_EcoCompt_XTH19101158_202006040000","type":"TrafficFlowObserved","vehicleType":"bicycle","reversedLane":false}
{"intensity":1499,"laneId":188609530,"dateObserved":"2020-06-05T00:00:00/2020-06-06T00:00:00","location":{"coordinates":[3.874408006668091,43.61620945549243],"type":"Point"},"id":"MMM_EcoCompt_XTH19101158_202006050000","type":"TrafficFlowObserved","vehicleType":"bicycle","reversedLane":false}
{"intensity":1163,"laneId":188609530,"dateObserved":"2020-06-06T00:00:00/2020-06-07T00:00:00","location":{"coordinates":[3.874408006668091,43.61620945549243],"type":"Point"},"id":"MMM_EcoCompt_XTH19101158_202006060000","type":"TrafficFlowObserved","vehicleType":"bicycle","reversedLane":false}
{"intensity":722,"laneId":188609530,"dateObserved":"2020-06-07T00:00:00/2020-06-08T00:00:00","location":{"coordinates":[3.874408006668091,43.61620945549243],"type":"Point"},"id":"MMM_EcoCompt_XTH19101158_202006070000","type":"TrafficFlowObserved","vehicleType":"bicycle","reversedLane":false}
{"intensity":1535,"laneId":188609530,"dateObserved":"2020-06-08T00:00:00/2020-06-09T00:00:00","location":{"coordinates":[3.874408006668091,43.61620945549243],"type":"Point"},"id":"MMM_EcoCompt_XTH19101158_202006080000","type":"TrafficFlowObserved","vehicleType":"bicycle","reversedLane":false}
{"intensity":1452,"laneId":188609530,"dateObserved":"2020-06-09T00:00:00/2020-06-10T00:00:00","location":{"coordinates":[3.874408006668091,43.61620945549243],"type":"Point"},"id":"MMM_EcoCompt_XTH19101158_202006090000","type":"TrafficFlowObserved","vehicleType":"bicycle","reversedLane":false}
{"intensity":1567,"laneId":188609530,"dateObserved":"2020-06-10T00:00:00/2020-06-11T00:00:00","location":{"coordinates":[3.874408006668091,43.61620945549243],"type":"Point"},"id":"MMM_EcoCompt_XTH19101158_202006100000","type":"TrafficFlowObserved","vehicleType":"bicycle","reversedLane":false}
{"intensity":29,"laneId":188609530,"dateObserved":"2020-06-11T00:00:00/2020-06-12T00:00:00","location":{"coordinates":[3.874408006668091,43.61620945549243],"type":"Point"},"id":"MMM_EcoCompt_XTH19101158_202006110000","type":"TrafficFlowObserved","vehicleType":"bicycle","reversedLane":false}
{"intensity":846,"laneId":188609530,"dateObserved":"2020-06-12T00:00:00/2020-06-13T00:00:00","location":{"coordinates":[3.874408006668091,43.61620945549243],"type":"Point"},"id":"MMM_EcoCompt_XTH19101158_202006120000","type":"TrafficFlowObserved","vehicleType":"bicycle","reversedLane":false}
{"intensity":1020,"laneId":188609530,"dateObserved":"2020-06-13T00:00:00/2020-06-14T00:00:00","location":{"coordinates":[3.874408006668091,43.61620945549243],"type":"Point"},"id":"MMM_EcoCompt_XTH19101158_202006130000","type":"TrafficFlowObserved","vehicleType":"bicycle","reversedLane":false}
{"intensity":919,"laneId":188609530,"dateObserved":"2020-06-14T00:00:00/2020-06-15T00:00:00","location":{"coordinates":[3.874408006668091,43.61620945549243],"type":"Point"},"id":"MMM_EcoCompt_XTH19101158_202006140000","type":"TrafficFlowObserved","vehicleType":"bicycle","reversedLane":false}
{"intensity":1659,"laneId":188609530,"dateObserved":"2020-06-15T00:00:00/2020-06-16T00:00:00","location":{"coordinates":[3.874408006668091,43.61620945549243],"type":"Point"},"id":"MMM_EcoCompt_XTH19101158_202006150000","type":"TrafficFlowObserved","vehicleType":"bicycle","reversedLane":false}
{"intensity":1905,"laneId":188609530,"dateObserved":"2020-06-16T00:00:00/2020-06-17T00:00:00","location":{"coordinates":[3.874408006668091,43.61620945549243],"type":"Point"},"id":"MMM_EcoCompt_XTH19101158_202006160000","type":"TrafficFlowObserved","vehicleType":"bicycle","reversedLane":false}
{"intensity":1738,"laneId":188609530,"dateObserved":"2020-06-17T00:00:00/2020-06-18T00:00:00","location":{"coordinates":[3.874408006668091,43.61620945549243],"type":"Point"},"id":"MMM_EcoCompt_XTH19101158_202006170000","type":"TrafficFlowObserved","vehicleType":"bicycle","reversedLane":false}
{"intensity":1763,"laneId":188609530,"dateObserved":"2020-06-18T00:00:00/2020-06-19T00:00:00","location":{"coordinates":[3.874408006668091,43.61620945549243],"type":"Point"},"id":"MMM_EcoCompt_XTH19101158_202006180000","type":"TrafficFlowObserved","vehicleType":"bicycle","reversedLane":false}
{"intensity":1628,"laneId":188609530,"dateObserved":"2020-06-19T00:00:00/2020-06-20T00:00:00","location":{"coordinates":[3.874408006668091,43.61620945549243],"type":"Point"},"id":"MMM_EcoCompt_XTH19101158_202006190000","type":"TrafficFlowObserved","vehicleType":"bicycle","reversedLane":false}
{"intensity":1072,"laneId":188609530,"dateObserved":"2020-06-20T00:00:00/2020-06-21T00:00:00","location":{"coordinates":[3.874408006668091,43.61620945549243],"type":"Point"},"id":"MMM_EcoCompt_XTH19101158_202006200000","type":"TrafficFlowObserved","vehicleType":"bicycle","reversedLane":false}
{"intensity":834,"laneId":188609530,"dateObserved":"2020-06-21T00:00:00/2020-06-22T00:00:00","location":{"coordinates":[3.874408006668091,43.61620945549243],"type":"Point"},"id":"MMM_EcoCompt_XTH19101158_202006210000","type":"TrafficFlowObserved","vehicleType":"bicycle","reversedLane":false}
{"intensity":1632,"laneId":188609530,"dateObserved":"2020-06-22T00:00:00/2020-06-23T00:00:00","location":{"coordinates":[3.874408006668091,43.61620945549243],"type":"Point"},"id":"MMM_EcoCompt_XTH19101158_202006220000","type":"TrafficFlowObserved","vehicleType":"bicycle","reversedLane":false}
{"intensity":1776,"laneId":188609530,"dateObserved":"2020-06-23T00:00:00/2020-06-24T00:00:00","location":{"coordinates":[3.874408006668091,43.61620945549243],"type":"Point"},"id":"MMM_EcoCompt_XTH19101158_202006230000","type":"TrafficFlowObserved","vehicleType":"bicycle","reversedLane":false}
{"intensity":1653,"laneId":188609530,"dateObserved":"2020-06-24T00:00:00/2020-06-25T00:00:00","location":{"coordinates":[3.874408006668091,43.61620945549243],"type":"Point"},"id":"MMM_EcoCompt_XTH19101158_202006240000","type":"TrafficFlowObserved","vehicleType":"bicycle","reversedLane":false}
{"intensity":1810,"laneId":188609530,"dateObserved":"2020-06-25T00:00:00/2020-06-26T00:00:00","location":{"coordinates":[3.874408006668091,43.61620945549243],"type":"Point"},"id":"MMM_EcoCompt_XTH19101158_202006250000","type":"TrafficFlowObserved","vehicleType":"bicycle","reversedLane":false}
{"intensity":1754,"laneId":188609530,"dateObserved":"2020-06-26T00:00:00/2020-06-27T00:00:00","location":{"coordinates":[3.874408006668091,43.61620945549243],"type":"Point"},"id":"MMM_EcoCompt_XTH19101158_202006260000","type":"TrafficFlowObserved","vehicleType":"bicycle","reversedLane":false}
{"intensity":1095,"laneId":188609530,"dateObserved":"2020-06-27T00:00:00/2020-06-28T00:00:00","location":{"coordinates":[3.874408006668091,43.61620945549243],"type":"Point"},"id":"MMM_EcoCompt_XTH19101158_202006270000","type":"TrafficFlowObserved","vehicleType":"bicycle","reversedLane":false}
{"intensity":913,"laneId":188609530,"dateObserved":"2020-06-28T00:00:00/2020-06-29T00:00:00","location":{"coordinates":[3.874408006668091,43.61620945549243],"type":"Point"},"id":"MMM_EcoCompt_XTH19101158_202006280000","type":"TrafficFlowObserved","vehicleType":"bicycle","reversedLane":false}
{"intensity":1587,"laneId":188609530,"dateObserved":"2020-06-29T00:00:00/2020-06-30T00:00:00","location":{"coordinates":[3.874408006668091,43.61620945549243],"type":"Point"},"id":"MMM_EcoCompt_XTH19101158_202006290000","type":"TrafficFlowObserved","vehicleType":"bicycle","reversedLane":false}
{"intensity":1930,"laneId":188609530,"dateObserved":"2020-06-30T00:00:00/2020-07-01T00:00:00","location":{"coordinates":[3.874408006668091,43.61620945549243],"type":"Point"},"id":"MMM_EcoCompt_XTH19101158_202006300000","type":"TrafficFlowObserved","vehicleType":"bicycle","reversedLane":false}
{"intensity":1716,"laneId":188609530,"dateObserved":"2020-07-01T00:00:00/2020-07-02T00:00:00","location":{"coordinates":[3.874408006668091,43.61620945549243],"type":"Point"},"id":"MMM_EcoCompt_XTH19101158_202007010000","type":"TrafficFlowObserved","vehicleType":"bicycle","reversedLane":false}
{"intensity":1831,"laneId":188609530,"dateObserved":"2020-07-02T00:00:00/2020-07-03T00:00:00","location":{"coordinates":[3.874408006668091,43.61620945549243],"type":"Point"},"id":"MMM_EcoCompt_XTH19101158_202007020000","type":"TrafficFlowObserved","vehicleType":"bicycle","reversedLane":false}
{"intensity":1712,"laneId":188609530,"dateObserved":"2020-07-03T00:00:00/2020-07-04T00:00:00","location":{"coordinates":[3.874408006668091,43.61620945549243],"type":"Point"},"id":"MMM_EcoCompt_XTH19101158_202007030000","type":"TrafficFlowObserved","vehicleType":"bicycle","reversedLane":false}
{"intensity":1007,"laneId":188609530,"dateObserved":"2020-07-04T00:00:00/2020-07-05T00:00:00","location":{"coordinates":[3.874408006668091,43.61620945549243],"type":"Point"},"id":"MMM_EcoCompt_XTH19101158_202007040000","type":"TrafficFlowObserved","vehicleType":"bicycle","reversedLane":false}
{"intensity":719,"laneId":188609530,"dateObserved":"2020-07-05T00:00:00/2020-07-06T00:00:00","location":{"coordinates":[3.874408006668091,43.61620945549243],"type":"Point"},"id":"MMM_EcoCompt_XTH19101158_202007050000","type":"TrafficFlowObserved","vehicleType":"bicycle","reversedLane":false}
{"intensity":1606,"laneId":188609530,"dateObserved":"2020-07-06T00:00:00/2020-07-07T00:00:00","location":{"coordinates":[3.874408006668091,43.61620945549243],"type":"Point"},"id":"MMM_EcoCompt_XTH19101158_202007060000","type":"TrafficFlowObserved","vehicleType":"bicycle","reversedLane":false}
{"intensity":1845,"laneId":188609530,"dateObserved":"2020-07-07T00:00:00/2020-07-08T00:00:00","location":{"coordinates":[3.874408006668091,43.61620945549243],"type":"Point"},"id":"MMM_EcoCompt_XTH19101158_202007070000","type":"TrafficFlowObserved","vehicleType":"bicycle","reversedLane":false}
{"intensity":1738,"laneId":188609530,"dateObserved":"2020-07-08T00:00:00/2020-07-09T00:00:00","location":{"coordinates":[3.874408006668091,43.61620945549243],"type":"Point"},"id":"MMM_EcoCompt_XTH19101158_202007080000","type":"TrafficFlowObserved","vehicleType":"bicycle","reversedLane":false}
{"intensity":1646,"laneId":188609530,"dateObserved":"2020-07-09T00:00:00/2020-07-10T00:00:00","location":{"coordinates":[3.874408006668091,43.61620945549243],"type":"Point"},"id":"MMM_EcoCompt_XTH19101158_202007090000","type":"TrafficFlowObserved","vehicleType":"bicycle","reversedLane":false}
{"intensity":1526,"laneId":188609530,"dateObserved":"2020-07-10T00:00:00/2020-07-11T00:00:00","location":{"coordinates":[3.874408006668091,43.61620945549243],"type":"Point"},"id":"MMM_EcoCompt_XTH19101158_202007100000","type":"TrafficFlowObserved","vehicleType":"bicycle","reversedLane":false}
{"intensity":887,"laneId":188609530,"dateObserved":"2020-07-11T00:00:00/2020-07-12T00:00:00","location":{"coordinates":[3.874408006668091,43.61620945549243],"type":"Point"},"id":"MMM_EcoCompt_XTH19101158_202007110000","type":"TrafficFlowObserved","vehicleType":"bicycle","reversedLane":false}
{"intensity":666,"laneId":188609530,"dateObserved":"2020-07-12T00:00:00/2020-07-13T00:00:00","location":{"coordinates":[3.874408006668091,43.61620945549243],"type":"Point"},"id":"MMM_EcoCompt_XTH19101158_202007120000","type":"TrafficFlowObserved","vehicleType":"bicycle","reversedLane":false}
{"intensity":1120,"laneId":188609530,"dateObserved":"2020-07-13T00:00:00/2020-07-14T00:00:00","location":{"coordinates":[3.874408006668091,43.61620945549243],"type":"Point"},"id":"MMM_EcoCompt_XTH19101158_202007130000","type":"TrafficFlowObserved","vehicleType":"bicycle","reversedLane":false}
{"intensity":872,"laneId":188609530,"dateObserved":"2020-07-14T00:00:00/2020-07-15T00:00:00","location":{"coordinates":[3.874408006668091,43.61620945549243],"type":"Point"},"id":"MMM_EcoCompt_XTH19101158_202007140000","type":"TrafficFlowObserved","vehicleType":"bicycle","reversedLane":false}
{"intensity":1593,"laneId":188609530,"dateObserved":"2020-07-15T00:00:00/2020-07-16T00:00:00","location":{"coordinates":[3.874408006668091,43.61620945549243],"type":"Point"},"id":"MMM_EcoCompt_XTH19101158_202007150000","type":"TrafficFlowObserved","vehicleType":"bicycle","reversedLane":false}
{"intensity":1624,"laneId":188609530,"dateObserved":"2020-07-16T00:00:00/2020-07-17T00:00:00","location":{"coordinates":[3.874408006668091,43.61620945549243],"type":"Point"},"id":"MMM_EcoCompt_XTH19101158_202007160000","type":"TrafficFlowObserved","vehicleType":"bicycle","reversedLane":false}
{"intensity":1544,"laneId":188609530,"dateObserved":"2020-07-17T00:00:00/2020-07-18T00:00:00","location":{"coordinates":[3.874408006668091,43.61620945549243],"type":"Point"},"id":"MMM_EcoCompt_XTH19101158_202007170000","type":"TrafficFlowObserved","vehicleType":"bicycle","reversedLane":false}
{"intensity":906,"laneId":188609530,"dateObserved":"2020-07-18T00:00:00/2020-07-19T00:00:00","location":{"coordinates":[3.874408006668091,43.61620945549243],"type":"Point"},"id":"MMM_EcoCompt_XTH19101158_202007180000","type":"TrafficFlowObserved","vehicleType":"bicycle","reversedLane":false}
{"intensity":761,"laneId":188609530,"dateObserved":"2020-07-19T00:00:00/2020-07-20T00:00:00","location":{"coordinates":[3.874408006668091,43.61620945549243],"type":"Point"},"id":"MMM_EcoCompt_XTH19101158_202007190000","type":"TrafficFlowObserved","vehicleType":"bicycle","reversedLane":false}
{"intensity":1372,"laneId":188609530,"dateObserved":"2020-07-20T00:00:00/2020-07-21T00:00:00","location":{"coordinates":[3.874408006668091,43.61620945549243],"type":"Point"},"id":"MMM_EcoCompt_XTH19101158_202007200000","type":"TrafficFlowObserved","vehicleType":"bicycle","reversedLane":false}
{"intensity":1555,"laneId":188609530,"dateObserved":"2020-07-21T00:00:00/2020-07-22T00:00:00","location":{"coordinates":[3.874408006668091,43.61620945549243],"type":"Point"},"id":"MMM_EcoCompt_XTH19101158_202007210000","type":"TrafficFlowObserved","vehicleType":"bicycle","reversedLane":false}
{"intensity":1508,"laneId":188609530,"dateObserved":"2020-07-22T00:00:00/2020-07-23T00:00:00","location":{"coordinates":[3.874408006668091,43.61620945549243],"type":"Point"},"id":"MMM_EcoCompt_XTH19101158_202007220000","type":"TrafficFlowObserved","vehicleType":"bicycle","reversedLane":false}
{"intensity":1265,"laneId":188609530,"dateObserved":"2020-07-23T00:00:00/2020-07-24T00:00:00","location":{"coordinates":[3.874408006668091,43.61620945549243],"type":"Point"},"id":"MMM_EcoCompt_XTH19101158_202007230000","type":"TrafficFlowObserved","vehicleType":"bicycle","reversedLane":false}
{"intensity":1375,"laneId":188609530,"dateObserved":"2020-07-24T00:00:00/2020-07-25T00:00:00","location":{"coordinates":[3.874408006668091,43.61620945549243],"type":"Point"},"id":"MMM_EcoCompt_XTH19101158_202007240000","type":"TrafficFlowObserved","vehicleType":"bicycle","reversedLane":false}
{"intensity":885,"laneId":188609530,"dateObserved":"2020-07-25T00:00:00/2020-07-26T00:00:00","location":{"coordinates":[3.874408006668091,43.61620945549243],"type":"Point"},"id":"MMM_EcoCompt_XTH19101158_202007250000","type":"TrafficFlowObserved","vehicleType":"bicycle","reversedLane":false}
{"intensity":722,"laneId":188609530,"dateObserved":"2020-07-26T00:00:00/2020-07-27T00:00:00","location":{"coordinates":[3.874408006668091,43.61620945549243],"type":"Point"},"id":"MMM_EcoCompt_XTH19101158_202007260000","type":"TrafficFlowObserved","vehicleType":"bicycle","reversedLane":false}
{"intensity":1278,"laneId":188609530,"dateObserved":"2020-07-27T00:00:00/2020-07-28T00:00:00","location":{"coordinates":[3.874408006668091,43.61620945549243],"type":"Point"},"id":"MMM_EcoCompt_XTH19101158_202007270000","type":"TrafficFlowObserved","vehicleType":"bicycle","reversedLane":false}
{"intensity":1373,"laneId":188609530,"dateObserved":"2020-07-28T00:00:00/2020-07-29T00:00:00","location":{"coordinates":[3.874408006668091,43.61620945549243],"type":"Point"},"id":"MMM_EcoCompt_XTH19101158_202007280000","type":"TrafficFlowObserved","vehicleType":"bicycle","reversedLane":false}
{"intensity":1414,"laneId":188609530,"dateObserved":"2020-07-29T00:00:00/2020-07-30T00:00:00","location":{"coordinates":[3.874408006668091,43.61620945549243],"type":"Point"},"id":"MMM_EcoCompt_XTH19101158_202007290000","type":"TrafficFlowObserved","vehicleType":"bicycle","reversedLane":false}
{"intensity":1269,"laneId":188609530,"dateObserved":"2020-07-30T00:00:00/2020-07-31T00:00:00","location":{"coordinates":[3.874408006668091,43.61620945549243],"type":"Point"},"id":"MMM_EcoCompt_XTH19101158_202007300000","type":"TrafficFlowObserved","vehicleType":"bicycle","reversedLane":false}
{"intensity":1249,"laneId":188609530,"dateObserved":"2020-07-31T00:00:00/2020-08-01T00:00:00","location":{"coordinates":[3.874408006668091,43.61620945549243],"type":"Point"},"id":"MMM_EcoCompt_XTH19101158_202007310000","type":"TrafficFlowObserved","vehicleType":"bicycle","reversedLane":false}
{"intensity":658,"laneId":188609530,"dateObserved":"2020-08-01T00:00:00/2020-08-02T00:00:00","location":{"coordinates":[3.874408006668091,43.61620945549243],"type":"Point"},"id":"MMM_EcoCompt_XTH19101158_202008010000","type":"TrafficFlowObserved","vehicleType":"bicycle","reversedLane":false}
{"intensity":668,"laneId":188609530,"dateObserved":"2020-08-02T00:00:00/2020-08-03T00:00:00","location":{"coordinates":[3.874408006668091,43.61620945549243],"type":"Point"},"id":"MMM_EcoCompt_XTH19101158_202008020000","type":"TrafficFlowObserved","vehicleType":"bicycle","reversedLane":false}
{"intensity":1111,"laneId":188609530,"dateObserved":"2020-08-03T00:00:00/2020-08-04T00:00:00","location":{"coordinates":[3.874408006668091,43.61620945549243],"type":"Point"},"id":"MMM_EcoCompt_XTH19101158_202008030000","type":"TrafficFlowObserved","vehicleType":"bicycle","reversedLane":false}
{"intensity":1203,"laneId":188609530,"dateObserved":"2020-08-04T00:00:00/2020-08-05T00:00:00","location":{"coordinates":[3.874408006668091,43.61620945549243],"type":"Point"},"id":"MMM_EcoCompt_XTH19101158_202008040000","type":"TrafficFlowObserved","vehicleType":"bicycle","reversedLane":false}
{"intensity":1183,"laneId":188609530,"dateObserved":"2020-08-05T00:00:00/2020-08-06T00:00:00","location":{"coordinates":[3.874408006668091,43.61620945549243],"type":"Point"},"id":"MMM_EcoCompt_XTH19101158_202008050000","type":"TrafficFlowObserved","vehicleType":"bicycle","reversedLane":false}
{"intensity":1156,"laneId":188609530,"dateObserved":"2020-08-06T00:00:00/2020-08-07T00:00:00","location":{"coordinates":[3.874408006668091,43.61620945549243],"type":"Point"},"id":"MMM_EcoCompt_XTH19101158_202008060000","type":"TrafficFlowObserved","vehicleType":"bicycle","reversedLane":false}
{"intensity":1172,"laneId":188609530,"dateObserved":"2020-08-07T00:00:00/2020-08-08T00:00:00","location":{"coordinates":[3.874408006668091,43.61620945549243],"type":"Point"},"id":"MMM_EcoCompt_XTH19101158_202008070000","type":"TrafficFlowObserved","vehicleType":"bicycle","reversedLane":false}
{"intensity":826,"laneId":188609530,"dateObserved":"2020-08-08T00:00:00/2020-08-09T00:00:00","location":{"coordinates":[3.874408006668091,43.61620945549243],"type":"Point"},"id":"MMM_EcoCompt_XTH19101158_202008080000","type":"TrafficFlowObserved","vehicleType":"bicycle","reversedLane":false}
{"intensity":669,"laneId":188609530,"dateObserved":"2020-08-09T00:00:00/2020-08-10T00:00:00","location":{"coordinates":[3.874408006668091,43.61620945549243],"type":"Point"},"id":"MMM_EcoCompt_XTH19101158_202008090000","type":"TrafficFlowObserved","vehicleType":"bicycle","reversedLane":false}
{"intensity":1048,"laneId":188609530,"dateObserved":"2020-08-10T00:00:00/2020-08-11T00:00:00","location":{"coordinates":[3.874408006668091,43.61620945549243],"type":"Point"},"id":"MMM_EcoCompt_XTH19101158_202008100000","type":"TrafficFlowObserved","vehicleType":"bicycle","reversedLane":false}
{"intensity":1129,"laneId":188609530,"dateObserved":"2020-08-11T00:00:00/2020-08-12T00:00:00","location":{"coordinates":[3.874408006668091,43.61620945549243],"type":"Point"},"id":"MMM_EcoCompt_XTH19101158_202008110000","type":"TrafficFlowObserved","vehicleType":"bicycle","reversedLane":false}
{"intensity":1139,"laneId":188609530,"dateObserved":"2020-08-12T00:00:00/2020-08-13T00:00:00","location":{"coordinates":[3.874408006668091,43.61620945549243],"type":"Point"},"id":"MMM_EcoCompt_XTH19101158_202008120000","type":"TrafficFlowObserved","vehicleType":"bicycle","reversedLane":false}
{"intensity":1137,"laneId":188609530,"dateObserved":"2020-08-13T00:00:00/2020-08-14T00:00:00","location":{"coordinates":[3.874408006668091,43.61620945549243],"type":"Point"},"id":"MMM_EcoCompt_XTH19101158_202008130000","type":"TrafficFlowObserved","vehicleType":"bicycle","reversedLane":false}
{"intensity":990,"laneId":188609530,"dateObserved":"2020-08-14T00:00:00/2020-08-15T00:00:00","location":{"coordinates":[3.874408006668091,43.61620945549243],"type":"Point"},"id":"MMM_EcoCompt_XTH19101158_202008140000","type":"TrafficFlowObserved","vehicleType":"bicycle","reversedLane":false}
{"intensity":786,"laneId":188609530,"dateObserved":"2020-08-15T00:00:00/2020-08-16T00:00:00","location":{"coordinates":[3.874408006668091,43.61620945549243],"type":"Point"},"id":"MMM_EcoCompt_XTH19101158_202008150000","type":"TrafficFlowObserved","vehicleType":"bicycle","reversedLane":false}
{"intensity":626,"laneId":188609530,"dateObserved":"2020-08-16T00:00:00/2020-08-17T00:00:00","location":{"coordinates":[3.874408006668091,43.61620945549243],"type":"Point"},"id":"MMM_EcoCompt_XTH19101158_202008160000","type":"TrafficFlowObserved","vehicleType":"bicycle","reversedLane":false}
{"intensity":1092,"laneId":188609530,"dateObserved":"2020-08-17T00:00:00/2020-08-18T00:00:00","location":{"coordinates":[3.874408006668091,43.61620945549243],"type":"Point"},"id":"MMM_EcoCompt_XTH19101158_202008170000","type":"TrafficFlowObserved","vehicleType":"bicycle","reversedLane":false}
{"intensity":1308,"laneId":188609530,"dateObserved":"2020-08-18T00:00:00/2020-08-19T00:00:00","location":{"coordinates":[3.874408006668091,43.61620945549243],"type":"Point"},"id":"MMM_EcoCompt_XTH19101158_202008180000","type":"TrafficFlowObserved","vehicleType":"bicycle","reversedLane":false}
{"intensity":1258,"laneId":188609530,"dateObserved":"2020-08-19T00:00:00/2020-08-20T00:00:00","location":{"coordinates":[3.874408006668091,43.61620945549243],"type":"Point"},"id":"MMM_EcoCompt_XTH19101158_202008190000","type":"TrafficFlowObserved","vehicleType":"bicycle","reversedLane":false}
{"intensity":1193,"laneId":188609530,"dateObserved":"2020-08-20T00:00:00/2020-08-21T00:00:00","location":{"coordinates":[3.874408006668091,43.61620945549243],"type":"Point"},"id":"MMM_EcoCompt_XTH19101158_202008200000","type":"TrafficFlowObserved","vehicleType":"bicycle","reversedLane":false}
{"intensity":1167,"laneId":188609530,"dateObserved":"2020-08-21T00:00:00/2020-08-22T00:00:00","location":{"coordinates":[3.874408006668091,43.61620945549243],"type":"Point"},"id":"MMM_EcoCompt_XTH19101158_202008210000","type":"TrafficFlowObserved","vehicleType":"bicycle","reversedLane":false}
{"intensity":758,"laneId":188609530,"dateObserved":"2020-08-22T00:00:00/2020-08-23T00:00:00","location":{"coordinates":[3.874408006668091,43.61620945549243],"type":"Point"},"id":"MMM_EcoCompt_XTH19101158_202008220000","type":"TrafficFlowObserved","vehicleType":"bicycle","reversedLane":false}
{"intensity":716,"laneId":188609530,"dateObserved":"2020-08-23T00:00:00/2020-08-24T00:00:00","location":{"coordinates":[3.874408006668091,43.61620945549243],"type":"Point"},"id":"MMM_EcoCompt_XTH19101158_202008230000","type":"TrafficFlowObserved","vehicleType":"bicycle","reversedLane":false}
{"intensity":1357,"laneId":188609530,"dateObserved":"2020-08-24T00:00:00/2020-08-25T00:00:00","location":{"coordinates":[3.874408006668091,43.61620945549243],"type":"Point"},"id":"MMM_EcoCompt_XTH19101158_202008240000","type":"TrafficFlowObserved","vehicleType":"bicycle","reversedLane":false}
{"intensity":1484,"laneId":188609530,"dateObserved":"2020-08-25T00:00:00/2020-08-26T00:00:00","location":{"coordinates":[3.874408006668091,43.61620945549243],"type":"Point"},"id":"MMM_EcoCompt_XTH19101158_202008250000","type":"TrafficFlowObserved","vehicleType":"bicycle","reversedLane":false}
{"intensity":1502,"laneId":188609530,"dateObserved":"2020-08-26T00:00:00/2020-08-27T00:00:00","location":{"coordinates":[3.874408006668091,43.61620945549243],"type":"Point"},"id":"MMM_EcoCompt_XTH19101158_202008260000","type":"TrafficFlowObserved","vehicleType":"bicycle","reversedLane":false}
{"intensity":1492,"laneId":188609530,"dateObserved":"2020-08-27T00:00:00/2020-08-28T00:00:00","location":{"coordinates":[3.874408006668091,43.61620945549243],"type":"Point"},"id":"MMM_EcoCompt_XTH19101158_202008270000","type":"TrafficFlowObserved","vehicleType":"bicycle","reversedLane":false}
{"intensity":1178,"laneId":188609530,"dateObserved":"2020-08-28T00:00:00/2020-08-29T00:00:00","location":{"coordinates":[3.874408006668091,43.61620945549243],"type":"Point"},"id":"MMM_EcoCompt_XTH19101158_202008280000","type":"TrafficFlowObserved","vehicleType":"bicycle","reversedLane":false}
{"intensity":873,"laneId":188609530,"dateObserved":"2020-08-29T00:00:00/2020-08-30T00:00:00","location":{"coordinates":[3.874408006668091,43.61620945549243],"type":"Point"},"id":"MMM_EcoCompt_XTH19101158_202008290000","type":"TrafficFlowObserved","vehicleType":"bicycle","reversedLane":false}
{"intensity":831,"laneId":188609530,"dateObserved":"2020-08-30T00:00:00/2020-08-31T00:00:00","location":{"coordinates":[3.874408006668091,43.61620945549243],"type":"Point"},"id":"MMM_EcoCompt_XTH19101158_202008300000","type":"TrafficFlowObserved","vehicleType":"bicycle","reversedLane":false}
{"intensity":1719,"laneId":188609530,"dateObserved":"2020-08-31T00:00:00/2020-09-01T00:00:00","location":{"coordinates":[3.874408006668091,43.61620945549243],"type":"Point"},"id":"MMM_EcoCompt_XTH19101158_202008310000","type":"TrafficFlowObserved","vehicleType":"bicycle","reversedLane":false}
{"intensity":1989,"laneId":188609530,"dateObserved":"2020-09-01T00:00:00/2020-09-02T00:00:00","location":{"coordinates":[3.874408006668091,43.61620945549243],"type":"Point"},"id":"MMM_EcoCompt_XTH19101158_202009010000","type":"TrafficFlowObserved","vehicleType":"bicycle","reversedLane":false}
{"intensity":1933,"laneId":188609530,"dateObserved":"2020-09-02T00:00:00/2020-09-03T00:00:00","location":{"coordinates":[3.874408006668091,43.61620945549243],"type":"Point"},"id":"MMM_EcoCompt_XTH19101158_202009020000","type":"TrafficFlowObserved","vehicleType":"bicycle","reversedLane":false}
{"intensity":2101,"laneId":188609530,"dateObserved":"2020-09-03T00:00:00/2020-09-04T00:00:00","location":{"coordinates":[3.874408006668091,43.61620945549243],"type":"Point"},"id":"MMM_EcoCompt_XTH19101158_202009030000","type":"TrafficFlowObserved","vehicleType":"bicycle","reversedLane":false}
{"intensity":2011,"laneId":188609530,"dateObserved":"2020-09-04T00:00:00/2020-09-05T00:00:00","location":{"coordinates":[3.874408006668091,43.61620945549243],"type":"Point"},"id":"MMM_EcoCompt_XTH19101158_202009040000","type":"TrafficFlowObserved","vehicleType":"bicycle","reversedLane":false}
{"intensity":1182,"laneId":188609530,"dateObserved":"2020-09-05T00:00:00/2020-09-06T00:00:00","location":{"coordinates":[3.874408006668091,43.61620945549243],"type":"Point"},"id":"MMM_EcoCompt_XTH19101158_202009050000","type":"TrafficFlowObserved","vehicleType":"bicycle","reversedLane":false}
{"intensity":980,"laneId":188609530,"dateObserved":"2020-09-06T00:00:00/2020-09-07T00:00:00","location":{"coordinates":[3.874408006668091,43.61620945549243],"type":"Point"},"id":"MMM_EcoCompt_XTH19101158_202009060000","type":"TrafficFlowObserved","vehicleType":"bicycle","reversedLane":false}
{"intensity":2256,"laneId":188609530,"dateObserved":"2020-09-07T00:00:00/2020-09-08T00:00:00","location":{"coordinates":[3.874408006668091,43.61620945549243],"type":"Point"},"id":"MMM_EcoCompt_XTH19101158_202009070000","type":"TrafficFlowObserved","vehicleType":"bicycle","reversedLane":false}
{"intensity":2336,"laneId":188609530,"dateObserved":"2020-09-08T00:00:00/2020-09-09T00:00:00","location":{"coordinates":[3.874408006668091,43.61620945549243],"type":"Point"},"id":"MMM_EcoCompt_XTH19101158_202009080000","type":"TrafficFlowObserved","vehicleType":"bicycle","reversedLane":false}
{"intensity":1843,"laneId":188609530,"dateObserved":"2020-09-09T00:00:00/2020-09-10T00:00:00","location":{"coordinates":[3.874408006668091,43.61620945549243],"type":"Point"},"id":"MMM_EcoCompt_XTH19101158_202009090000","type":"TrafficFlowObserved","vehicleType":"bicycle","reversedLane":false}
{"intensity":2172,"laneId":188609530,"dateObserved":"2020-09-10T00:00:00/2020-09-11T00:00:00","location":{"coordinates":[3.874408006668091,43.61620945549243],"type":"Point"},"id":"MMM_EcoCompt_XTH19101158_202009100000","type":"TrafficFlowObserved","vehicleType":"bicycle","reversedLane":false}
{"intensity":2156,"laneId":188609530,"dateObserved":"2020-09-11T00:00:00/2020-09-12T00:00:00","location":{"coordinates":[3.874408006668091,43.61620945549243],"type":"Point"},"id":"MMM_EcoCompt_XTH19101158_202009110000","type":"TrafficFlowObserved","vehicleType":"bicycle","reversedLane":false}
{"intensity":1209,"laneId":188609530,"dateObserved":"2020-09-12T00:00:00/2020-09-13T00:00:00","location":{"coordinates":[3.874408006668091,43.61620945549243],"type":"Point"},"id":"MMM_EcoCompt_XTH19101158_202009120000","type":"TrafficFlowObserved","vehicleType":"bicycle","reversedLane":false}
{"intensity":824,"laneId":188609530,"dateObserved":"2020-09-13T00:00:00/2020-09-14T00:00:00","location":{"coordinates":[3.874408006668091,43.61620945549243],"type":"Point"},"id":"MMM_EcoCompt_XTH19101158_202009130000","type":"TrafficFlowObserved","vehicleType":"bicycle","reversedLane":false}
{"intensity":2358,"laneId":188609530,"dateObserved":"2020-09-14T00:00:00/2020-09-15T00:00:00","location":{"coordinates":[3.874408006668091,43.61620945549243],"type":"Point"},"id":"MMM_EcoCompt_XTH19101158_202009140000","type":"TrafficFlowObserved","vehicleType":"bicycle","reversedLane":false}
{"intensity":2633,"laneId":188609530,"dateObserved":"2020-09-15T00:00:00/2020-09-16T00:00:00","location":{"coordinates":[3.874408006668091,43.61620945549243],"type":"Point"},"id":"MMM_EcoCompt_XTH19101158_202009150000","type":"TrafficFlowObserved","vehicleType":"bicycle","reversedLane":false}
{"intensity":2537,"laneId":188609530,"dateObserved":"2020-09-16T00:00:00/2020-09-17T00:00:00","location":{"coordinates":[3.874408006668091,43.61620945549243],"type":"Point"},"id":"MMM_EcoCompt_XTH19101158_202009160000","type":"TrafficFlowObserved","vehicleType":"bicycle","reversedLane":false}
{"intensity":2604,"laneId":188609530,"dateObserved":"2020-09-17T00:00:00/2020-09-18T00:00:00","location":{"coordinates":[3.874408006668091,43.61620945549243],"type":"Point"},"id":"MMM_EcoCompt_XTH19101158_202009170000","type":"TrafficFlowObserved","vehicleType":"bicycle","reversedLane":false}
{"intensity":2496,"laneId":188609530,"dateObserved":"2020-09-18T00:00:00/2020-09-19T00:00:00","location":{"coordinates":[3.874408006668091,43.61620945549243],"type":"Point"},"id":"MMM_EcoCompt_XTH19101158_202009180000","type":"TrafficFlowObserved","vehicleType":"bicycle","reversedLane":false}
{"intensity":725,"laneId":188609530,"dateObserved":"2020-09-19T00:00:00/2020-09-20T00:00:00","location":{"coordinates":[3.874408006668091,43.61620945549243],"type":"Point"},"id":"MMM_EcoCompt_XTH19101158_202009190000","type":"TrafficFlowObserved","vehicleType":"bicycle","reversedLane":false}
{"intensity":1066,"laneId":188609530,"dateObserved":"2020-09-20T00:00:00/2020-09-21T00:00:00","location":{"coordinates":[3.874408006668091,43.61620945549243],"type":"Point"},"id":"MMM_EcoCompt_XTH19101158_202009200000","type":"TrafficFlowObserved","vehicleType":"bicycle","reversedLane":false}
{"intensity":2409,"laneId":188609530,"dateObserved":"2020-09-21T00:00:00/2020-09-22T00:00:00","location":{"coordinates":[3.874408006668091,43.61620945549243],"type":"Point"},"id":"MMM_EcoCompt_XTH19101158_202009210000","type":"TrafficFlowObserved","vehicleType":"bicycle","reversedLane":false}
{"intensity":2130,"laneId":188609530,"dateObserved":"2020-09-22T00:00:00/2020-09-23T00:00:00","location":{"coordinates":[3.874408006668091,43.61620945549243],"type":"Point"},"id":"MMM_EcoCompt_XTH19101158_202009220000","type":"TrafficFlowObserved","vehicleType":"bicycle","reversedLane":false}
{"intensity":2523,"laneId":188609530,"dateObserved":"2020-09-23T00:00:00/2020-09-24T00:00:00","location":{"coordinates":[3.874408006668091,43.61620945549243],"type":"Point"},"id":"MMM_EcoCompt_XTH19101158_202009230000","type":"TrafficFlowObserved","vehicleType":"bicycle","reversedLane":false}
{"intensity":2441,"laneId":188609530,"dateObserved":"2020-09-24T00:00:00/2020-09-25T00:00:00","location":{"coordinates":[3.874408006668091,43.61620945549243],"type":"Point"},"id":"MMM_EcoCompt_XTH19101158_202009240000","type":"TrafficFlowObserved","vehicleType":"bicycle","reversedLane":false}
{"intensity":2164,"laneId":188609530,"dateObserved":"2020-09-25T00:00:00/2020-09-26T00:00:00","location":{"coordinates":[3.874408006668091,43.61620945549243],"type":"Point"},"id":"MMM_EcoCompt_XTH19101158_202009250000","type":"TrafficFlowObserved","vehicleType":"bicycle","reversedLane":false}
{"intensity":1003,"laneId":188609530,"dateObserved":"2020-09-26T00:00:00/2020-09-27T00:00:00","location":{"coordinates":[3.874408006668091,43.61620945549243],"type":"Point"},"id":"MMM_EcoCompt_XTH19101158_202009260000","type":"TrafficFlowObserved","vehicleType":"bicycle","reversedLane":false}
{"intensity":628,"laneId":188609530,"dateObserved":"2020-09-27T00:00:00/2020-09-28T00:00:00","location":{"coordinates":[3.874408006668091,43.61620945549243],"type":"Point"},"id":"MMM_EcoCompt_XTH19101158_202009270000","type":"TrafficFlowObserved","vehicleType":"bicycle","reversedLane":false}
{"intensity":1973,"laneId":188609530,"dateObserved":"2020-09-28T00:00:00/2020-09-29T00:00:00","location":{"coordinates":[3.874408006668091,43.61620945549243],"type":"Point"},"id":"MMM_EcoCompt_XTH19101158_202009280000","type":"TrafficFlowObserved","vehicleType":"bicycle","reversedLane":false}
{"intensity":2463,"laneId":188609530,"dateObserved":"2020-09-29T00:00:00/2020-09-30T00:00:00","location":{"coordinates":[3.874408006668091,43.61620945549243],"type":"Point"},"id":"MMM_EcoCompt_XTH19101158_202009290000","type":"TrafficFlowObserved","vehicleType":"bicycle","reversedLane":false}
{"intensity":2582,"laneId":188609530,"dateObserved":"2020-09-30T00:00:00/2020-10-01T00:00:00","location":{"coordinates":[3.874408006668091,43.61620945549243],"type":"Point"},"id":"MMM_EcoCompt_XTH19101158_202009300000","type":"TrafficFlowObserved","vehicleType":"bicycle","reversedLane":false}
{"intensity":2268,"laneId":188609530,"dateObserved":"2020-10-01T00:00:00/2020-10-02T00:00:00","location":{"coordinates":[3.874408006668091,43.61620945549243],"type":"Point"},"id":"MMM_EcoCompt_XTH19101158_202010010000","type":"TrafficFlowObserved","vehicleType":"bicycle","reversedLane":false}
{"intensity":1476,"laneId":188609530,"dateObserved":"2020-10-02T00:00:00/2020-10-03T00:00:00","location":{"coordinates":[3.874408006668091,43.61620945549243],"type":"Point"},"id":"MMM_EcoCompt_XTH19101158_202010020000","type":"TrafficFlowObserved","vehicleType":"bicycle","reversedLane":false}
{"intensity":997,"laneId":188609530,"dateObserved":"2020-10-03T00:00:00/2020-10-04T00:00:00","location":{"coordinates":[3.874408006668091,43.61620945549243],"type":"Point"},"id":"MMM_EcoCompt_XTH19101158_202010030000","type":"TrafficFlowObserved","vehicleType":"bicycle","reversedLane":false}
{"intensity":852,"laneId":188609530,"dateObserved":"2020-10-04T00:00:00/2020-10-05T00:00:00","location":{"coordinates":[3.874408006668091,43.61620945549243],"type":"Point"},"id":"MMM_EcoCompt_XTH19101158_202010040000","type":"TrafficFlowObserved","vehicleType":"bicycle","reversedLane":false}
{"intensity":2207,"laneId":188609530,"dateObserved":"2020-10-05T00:00:00/2020-10-06T00:00:00","location":{"coordinates":[3.874408006668091,43.61620945549243],"type":"Point"},"id":"MMM_EcoCompt_XTH19101158_202010050000","type":"TrafficFlowObserved","vehicleType":"bicycle","reversedLane":false}
{"intensity":2250,"laneId":188609530,"dateObserved":"2020-10-06T00:00:00/2020-10-07T00:00:00","location":{"coordinates":[3.874408006668091,43.61620945549243],"type":"Point"},"id":"MMM_EcoCompt_XTH19101158_202010060000","type":"TrafficFlowObserved","vehicleType":"bicycle","reversedLane":false}
{"intensity":2484,"laneId":188609530,"dateObserved":"2020-10-07T00:00:00/2020-10-08T00:00:00","location":{"coordinates":[3.874408006668091,43.61620945549243],"type":"Point"},"id":"MMM_EcoCompt_XTH19101158_202010070000","type":"TrafficFlowObserved","vehicleType":"bicycle","reversedLane":false}
{"intensity":2381,"laneId":188609530,"dateObserved":"2020-10-08T00:00:00/2020-10-09T00:00:00","location":{"coordinates":[3.874408006668091,43.61620945549243],"type":"Point"},"id":"MMM_EcoCompt_XTH19101158_202010080000","type":"TrafficFlowObserved","vehicleType":"bicycle","reversedLane":false}
{"intensity":2359,"laneId":188609530,"dateObserved":"2020-10-09T00:00:00/2020-10-10T00:00:00","location":{"coordinates":[3.874408006668091,43.61620945549243],"type":"Point"},"id":"MMM_EcoCompt_XTH19101158_202010090000","type":"TrafficFlowObserved","vehicleType":"bicycle","reversedLane":false}
{"intensity":1317,"laneId":188609530,"dateObserved":"2020-10-10T00:00:00/2020-10-11T00:00:00","location":{"coordinates":[3.874408006668091,43.61620945549243],"type":"Point"},"id":"MMM_EcoCompt_XTH19101158_202010100000","type":"TrafficFlowObserved","vehicleType":"bicycle","reversedLane":false}
{"intensity":858,"laneId":188609530,"dateObserved":"2020-10-11T00:00:00/2020-10-12T00:00:00","location":{"coordinates":[3.874408006668091,43.61620945549243],"type":"Point"},"id":"MMM_EcoCompt_XTH19101158_202010110000","type":"TrafficFlowObserved","vehicleType":"bicycle","reversedLane":false}
{"intensity":2237,"laneId":188609530,"dateObserved":"2020-10-12T00:00:00/2020-10-13T00:00:00","location":{"coordinates":[3.874408006668091,43.61620945549243],"type":"Point"},"id":"MMM_EcoCompt_XTH19101158_202010120000","type":"TrafficFlowObserved","vehicleType":"bicycle","reversedLane":false}
{"intensity":2228,"laneId":188609530,"dateObserved":"2020-10-13T00:00:00/2020-10-14T00:00:00","location":{"coordinates":[3.874408006668091,43.61620945549243],"type":"Point"},"id":"MMM_EcoCompt_XTH19101158_202010130000","type":"TrafficFlowObserved","vehicleType":"bicycle","reversedLane":false}
{"intensity":2307,"laneId":188609530,"dateObserved":"2020-10-14T00:00:00/2020-10-15T00:00:00","location":{"coordinates":[3.874408006668091,43.61620945549243],"type":"Point"},"id":"MMM_EcoCompt_XTH19101158_202010140000","type":"TrafficFlowObserved","vehicleType":"bicycle","reversedLane":false}
{"intensity":2195,"laneId":188609530,"dateObserved":"2020-10-15T00:00:00/2020-10-16T00:00:00","location":{"coordinates":[3.874408006668091,43.61620945549243],"type":"Point"},"id":"MMM_EcoCompt_XTH19101158_202010150000","type":"TrafficFlowObserved","vehicleType":"bicycle","reversedLane":false}
{"intensity":2053,"laneId":188609530,"dateObserved":"2020-10-16T00:00:00/2020-10-17T00:00:00","location":{"coordinates":[3.874408006668091,43.61620945549243],"type":"Point"},"id":"MMM_EcoCompt_XTH19101158_202010160000","type":"TrafficFlowObserved","vehicleType":"bicycle","reversedLane":false}
{"intensity":1148,"laneId":188609530,"dateObserved":"2020-10-17T00:00:00/2020-10-18T00:00:00","location":{"coordinates":[3.874408006668091,43.61620945549243],"type":"Point"},"id":"MMM_EcoCompt_XTH19101158_202010170000","type":"TrafficFlowObserved","vehicleType":"bicycle","reversedLane":false}
{"intensity":909,"laneId":188609530,"dateObserved":"2020-10-18T00:00:00/2020-10-19T00:00:00","location":{"coordinates":[3.874408006668091,43.61620945549243],"type":"Point"},"id":"MMM_EcoCompt_XTH19101158_202010180000","type":"TrafficFlowObserved","vehicleType":"bicycle","reversedLane":false}
{"intensity":1725,"laneId":188609530,"dateObserved":"2020-10-19T00:00:00/2020-10-20T00:00:00","location":{"coordinates":[3.874408006668091,43.61620945549243],"type":"Point"},"id":"MMM_EcoCompt_XTH19101158_202010190000","type":"TrafficFlowObserved","vehicleType":"bicycle","reversedLane":false}
{"intensity":1630,"laneId":188609530,"dateObserved":"2020-10-20T00:00:00/2020-10-21T00:00:00","location":{"coordinates":[3.874408006668091,43.61620945549243],"type":"Point"},"id":"MMM_EcoCompt_XTH19101158_202010200000","type":"TrafficFlowObserved","vehicleType":"bicycle","reversedLane":false}
{"intensity":1535,"laneId":188609530,"dateObserved":"2020-10-21T00:00:00/2020-10-22T00:00:00","location":{"coordinates":[3.874408006668091,43.61620945549243],"type":"Point"},"id":"MMM_EcoCompt_XTH19101158_202010210000","type":"TrafficFlowObserved","vehicleType":"bicycle","reversedLane":false}
{"intensity":1082,"laneId":188609530,"dateObserved":"2020-10-22T00:00:00/2020-10-23T00:00:00","location":{"coordinates":[3.874408006668091,43.61620945549243],"type":"Point"},"id":"MMM_EcoCompt_XTH19101158_202010220000","type":"TrafficFlowObserved","vehicleType":"bicycle","reversedLane":false}
{"intensity":1411,"laneId":188609530,"dateObserved":"2020-10-23T00:00:00/2020-10-24T00:00:00","location":{"coordinates":[3.874408006668091,43.61620945549243],"type":"Point"},"id":"MMM_EcoCompt_XTH19101158_202010230000","type":"TrafficFlowObserved","vehicleType":"bicycle","reversedLane":false}
{"intensity":1054,"laneId":188609530,"dateObserved":"2020-10-24T00:00:00/2020-10-25T00:00:00","location":{"coordinates":[3.874408006668091,43.61620945549243],"type":"Point"},"id":"MMM_EcoCompt_XTH19101158_202010240000","type":"TrafficFlowObserved","vehicleType":"bicycle","reversedLane":false}
{"intensity":718,"laneId":188609530,"dateObserved":"2020-10-25T00:00:00/2020-10-25T00:00:00","location":{"coordinates":[3.874408006668091,43.61620945549243],"type":"Point"},"id":"MMM_EcoCompt_XTH19101158_202010250000","type":"TrafficFlowObserved","vehicleType":"bicycle","reversedLane":false}
{"intensity":1250,"laneId":188609530,"dateObserved":"2020-10-26T00:00:00/2020-10-27T00:00:00","location":{"coordinates":[3.874408006668091,43.61620945549243],"type":"Point"},"id":"MMM_EcoCompt_XTH19101158_202010260000","type":"TrafficFlowObserved","vehicleType":"bicycle","reversedLane":false}
{"intensity":1423,"laneId":188609530,"dateObserved":"2020-10-27T00:00:00/2020-10-28T00:00:00","location":{"coordinates":[3.874408006668091,43.61620945549243],"type":"Point"},"id":"MMM_EcoCompt_XTH19101158_202010270000","type":"TrafficFlowObserved","vehicleType":"bicycle","reversedLane":false}
{"intensity":1475,"laneId":188609530,"dateObserved":"2020-10-28T00:00:00/2020-10-29T00:00:00","location":{"coordinates":[3.874408006668091,43.61620945549243],"type":"Point"},"id":"MMM_EcoCompt_XTH19101158_202010280000","type":"TrafficFlowObserved","vehicleType":"bicycle","reversedLane":false}
{"intensity":1580,"laneId":188609530,"dateObserved":"2020-10-29T00:00:00/2020-10-30T00:00:00","location":{"coordinates":[3.874408006668091,43.61620945549243],"type":"Point"},"id":"MMM_EcoCompt_XTH19101158_202010290000","type":"TrafficFlowObserved","vehicleType":"bicycle","reversedLane":false}
{"intensity":861,"laneId":188609530,"dateObserved":"2020-10-30T00:00:00/2020-10-31T00:00:00","location":{"coordinates":[3.874408006668091,43.61620945549243],"type":"Point"},"id":"MMM_EcoCompt_XTH19101158_202010300000","type":"TrafficFlowObserved","vehicleType":"bicycle","reversedLane":false}
{"intensity":532,"laneId":188609530,"dateObserved":"2020-10-31T00:00:00/2020-11-01T00:00:00","location":{"coordinates":[3.874408006668091,43.61620945549243],"type":"Point"},"id":"MMM_EcoCompt_XTH19101158_202010310000","type":"TrafficFlowObserved","vehicleType":"bicycle","reversedLane":false}
{"intensity":494,"laneId":188609530,"dateObserved":"2020-11-01T00:00:00/2020-11-02T00:00:00","location":{"coordinates":[3.874408006668091,43.61620945549243],"type":"Point"},"id":"MMM_EcoCompt_XTH19101158_202011010000","type":"TrafficFlowObserved","vehicleType":"bicycle","reversedLane":false}
{"intensity":1139,"laneId":188609530,"dateObserved":"2020-11-02T00:00:00/2020-11-03T00:00:00","location":{"coordinates":[3.874408006668091,43.61620945549243],"type":"Point"},"id":"MMM_EcoCompt_XTH19101158_202011020000","type":"TrafficFlowObserved","vehicleType":"bicycle","reversedLane":false}
{"intensity":1176,"laneId":188609530,"dateObserved":"2020-11-03T00:00:00/2020-11-04T00:00:00","location":{"coordinates":[3.874408006668091,43.61620945549243],"type":"Point"},"id":"MMM_EcoCompt_XTH19101158_202011030000","type":"TrafficFlowObserved","vehicleType":"bicycle","reversedLane":false}
{"intensity":1149,"laneId":188609530,"dateObserved":"2020-11-04T00:00:00/2020-11-05T00:00:00","location":{"coordinates":[3.874408006668091,43.61620945549243],"type":"Point"},"id":"MMM_EcoCompt_XTH19101158_202011040000","type":"TrafficFlowObserved","vehicleType":"bicycle","reversedLane":false}
{"intensity":1197,"laneId":188609530,"dateObserved":"2020-11-05T00:00:00/2020-11-06T00:00:00","location":{"coordinates":[3.874408006668091,43.61620945549243],"type":"Point"},"id":"MMM_EcoCompt_XTH19101158_202011050000","type":"TrafficFlowObserved","vehicleType":"bicycle","reversedLane":false}
{"intensity":1198,"laneId":188609530,"dateObserved":"2020-11-06T00:00:00/2020-11-07T00:00:00","location":{"coordinates":[3.874408006668091,43.61620945549243],"type":"Point"},"id":"MMM_EcoCompt_XTH19101158_202011060000","type":"TrafficFlowObserved","vehicleType":"bicycle","reversedLane":false}
{"intensity":519,"laneId":188609530,"dateObserved":"2020-11-07T00:00:00/2020-11-08T00:00:00","location":{"coordinates":[3.874408006668091,43.61620945549243],"type":"Point"},"id":"MMM_EcoCompt_XTH19101158_202011070000","type":"TrafficFlowObserved","vehicleType":"bicycle","reversedLane":false}
{"intensity":462,"laneId":188609530,"dateObserved":"2020-11-08T00:00:00/2020-11-09T00:00:00","location":{"coordinates":[3.874408006668091,43.61620945549243],"type":"Point"},"id":"MMM_EcoCompt_XTH19101158_202011080000","type":"TrafficFlowObserved","vehicleType":"bicycle","reversedLane":false}
{"intensity":1028,"laneId":188609530,"dateObserved":"2020-11-09T00:00:00/2020-11-10T00:00:00","location":{"coordinates":[3.874408006668091,43.61620945549243],"type":"Point"},"id":"MMM_EcoCompt_XTH19101158_202011090000","type":"TrafficFlowObserved","vehicleType":"bicycle","reversedLane":false}
{"intensity":1306,"laneId":188609530,"dateObserved":"2020-11-10T00:00:00/2020-11-11T00:00:00","location":{"coordinates":[3.874408006668091,43.61620945549243],"type":"Point"},"id":"MMM_EcoCompt_XTH19101158_202011100000","type":"TrafficFlowObserved","vehicleType":"bicycle","reversedLane":false}
{"intensity":770,"laneId":188609530,"dateObserved":"2020-11-11T00:00:00/2020-11-12T00:00:00","location":{"coordinates":[3.874408006668091,43.61620945549243],"type":"Point"},"id":"MMM_EcoCompt_XTH19101158_202011110000","type":"TrafficFlowObserved","vehicleType":"bicycle","reversedLane":false}
{"intensity":1279,"laneId":188609530,"dateObserved":"2020-11-12T00:00:00/2020-11-13T00:00:00","location":{"coordinates":[3.874408006668091,43.61620945549243],"type":"Point"},"id":"MMM_EcoCompt_XTH19101158_202011120000","type":"TrafficFlowObserved","vehicleType":"bicycle","reversedLane":false}
{"intensity":1274,"laneId":188609530,"dateObserved":"2020-11-13T00:00:00/2020-11-14T00:00:00","location":{"coordinates":[3.874408006668091,43.61620945549243],"type":"Point"},"id":"MMM_EcoCompt_XTH19101158_202011130000","type":"TrafficFlowObserved","vehicleType":"bicycle","reversedLane":false}
{"intensity":653,"laneId":188609530,"dateObserved":"2020-11-14T00:00:00/2020-11-15T00:00:00","location":{"coordinates":[3.874408006668091,43.61620945549243],"type":"Point"},"id":"MMM_EcoCompt_XTH19101158_202011140000","type":"TrafficFlowObserved","vehicleType":"bicycle","reversedLane":false}
{"intensity":351,"laneId":188609530,"dateObserved":"2020-11-15T00:00:00/2020-11-16T00:00:00","location":{"coordinates":[3.874408006668091,43.61620945549243],"type":"Point"},"id":"MMM_EcoCompt_XTH19101158_202011150000","type":"TrafficFlowObserved","vehicleType":"bicycle","reversedLane":false}
{"intensity":1162,"laneId":188609530,"dateObserved":"2020-11-16T00:00:00/2020-11-17T00:00:00","location":{"coordinates":[3.874408006668091,43.61620945549243],"type":"Point"},"id":"MMM_EcoCompt_XTH19101158_202011160000","type":"TrafficFlowObserved","vehicleType":"bicycle","reversedLane":false}
{"intensity":1320,"laneId":188609530,"dateObserved":"2020-11-17T00:00:00/2020-11-18T00:00:00","location":{"coordinates":[3.874408006668091,43.61620945549243],"type":"Point"},"id":"MMM_EcoCompt_XTH19101158_202011170000","type":"TrafficFlowObserved","vehicleType":"bicycle","reversedLane":false}
{"intensity":1297,"laneId":188609530,"dateObserved":"2020-11-18T00:00:00/2020-11-19T00:00:00","location":{"coordinates":[3.874408006668091,43.61620945549243],"type":"Point"},"id":"MMM_EcoCompt_XTH19101158_202011180000","type":"TrafficFlowObserved","vehicleType":"bicycle","reversedLane":false}
{"intensity":1230,"laneId":188609530,"dateObserved":"2020-11-19T00:00:00/2020-11-20T00:00:00","location":{"coordinates":[3.874408006668091,43.61620945549243],"type":"Point"},"id":"MMM_EcoCompt_XTH19101158_202011190000","type":"TrafficFlowObserved","vehicleType":"bicycle","reversedLane":false}
{"intensity":1209,"laneId":188609530,"dateObserved":"2020-11-20T00:00:00/2020-11-21T00:00:00","location":{"coordinates":[3.874408006668091,43.61620945549243],"type":"Point"},"id":"MMM_EcoCompt_XTH19101158_202011200000","type":"TrafficFlowObserved","vehicleType":"bicycle","reversedLane":false}
{"intensity":827,"laneId":188609530,"dateObserved":"2020-11-21T00:00:00/2020-11-22T00:00:00","location":{"coordinates":[3.874408006668091,43.61620945549243],"type":"Point"},"id":"MMM_EcoCompt_XTH19101158_202011210000","type":"TrafficFlowObserved","vehicleType":"bicycle","reversedLane":false}
{"intensity":571,"laneId":188609530,"dateObserved":"2020-11-22T00:00:00/2020-11-23T00:00:00","location":{"coordinates":[3.874408006668091,43.61620945549243],"type":"Point"},"id":"MMM_EcoCompt_XTH19101158_202011220000","type":"TrafficFlowObserved","vehicleType":"bicycle","reversedLane":false}
{"intensity":1129,"laneId":188609530,"dateObserved":"2020-11-23T00:00:00/2020-11-24T00:00:00","location":{"coordinates":[3.874408006668091,43.61620945549243],"type":"Point"},"id":"MMM_EcoCompt_XTH19101158_202011230000","type":"TrafficFlowObserved","vehicleType":"bicycle","reversedLane":false}
{"intensity":1295,"laneId":188609530,"dateObserved":"2020-11-24T00:00:00/2020-11-25T00:00:00","location":{"coordinates":[3.874408006668091,43.61620945549243],"type":"Point"},"id":"MMM_EcoCompt_XTH19101158_202011240000","type":"TrafficFlowObserved","vehicleType":"bicycle","reversedLane":false}
{"intensity":979,"laneId":188609530,"dateObserved":"2020-11-25T00:00:00/2020-11-26T00:00:00","location":{"coordinates":[3.874408006668091,43.61620945549243],"type":"Point"},"id":"MMM_EcoCompt_XTH19101158_202011250000","type":"TrafficFlowObserved","vehicleType":"bicycle","reversedLane":false}
{"intensity":1044,"laneId":188609530,"dateObserved":"2020-11-26T00:00:00/2020-11-27T00:00:00","location":{"coordinates":[3.874408006668091,43.61620945549243],"type":"Point"},"id":"MMM_EcoCompt_XTH19101158_202011260000","type":"TrafficFlowObserved","vehicleType":"bicycle","reversedLane":false}
{"intensity":1097,"laneId":188609530,"dateObserved":"2020-11-27T00:00:00/2020-11-28T00:00:00","location":{"coordinates":[3.874408006668091,43.61620945549243],"type":"Point"},"id":"MMM_EcoCompt_XTH19101158_202011270000","type":"TrafficFlowObserved","vehicleType":"bicycle","reversedLane":false}
{"intensity":1066,"laneId":188609530,"dateObserved":"2020-11-28T00:00:00/2020-11-29T00:00:00","location":{"coordinates":[3.874408006668091,43.61620945549243],"type":"Point"},"id":"MMM_EcoCompt_XTH19101158_202011280000","type":"TrafficFlowObserved","vehicleType":"bicycle","reversedLane":false}
{"intensity":907,"laneId":188609530,"dateObserved":"2020-11-29T00:00:00/2020-11-30T00:00:00","location":{"coordinates":[3.874408006668091,43.61620945549243],"type":"Point"},"id":"MMM_EcoCompt_XTH19101158_202011290000","type":"TrafficFlowObserved","vehicleType":"bicycle","reversedLane":false}
{"intensity":1258,"laneId":188609530,"dateObserved":"2020-11-30T00:00:00/2020-12-01T00:00:00","location":{"coordinates":[3.874408006668091,43.61620945549243],"type":"Point"},"id":"MMM_EcoCompt_XTH19101158_202011300000","type":"TrafficFlowObserved","vehicleType":"bicycle","reversedLane":false}
{"intensity":1217,"laneId":188609530,"dateObserved":"2020-12-01T00:00:00/2020-12-02T00:00:00","location":{"coordinates":[3.874408006668091,43.61620945549243],"type":"Point"},"id":"MMM_EcoCompt_XTH19101158_202012010000","type":"TrafficFlowObserved","vehicleType":"bicycle","reversedLane":false}
{"intensity":1318,"laneId":188609530,"dateObserved":"2020-12-02T00:00:00/2020-12-03T00:00:00","location":{"coordinates":[3.874408006668091,43.61620945549243],"type":"Point"},"id":"MMM_EcoCompt_XTH19101158_202012020000","type":"TrafficFlowObserved","vehicleType":"bicycle","reversedLane":false}
{"intensity":1359,"laneId":188609530,"dateObserved":"2020-12-03T00:00:00/2020-12-04T00:00:00","location":{"coordinates":[3.874408006668091,43.61620945549243],"type":"Point"},"id":"MMM_EcoCompt_XTH19101158_202012030000","type":"TrafficFlowObserved","vehicleType":"bicycle","reversedLane":false}
{"intensity":1094,"laneId":188609530,"dateObserved":"2020-12-04T00:00:00/2020-12-05T00:00:00","location":{"coordinates":[3.874408006668091,43.61620945549243],"type":"Point"},"id":"MMM_EcoCompt_XTH19101158_202012040000","type":"TrafficFlowObserved","vehicleType":"bicycle","reversedLane":false}
{"intensity":967,"laneId":188609530,"dateObserved":"2020-12-05T00:00:00/2020-12-06T00:00:00","location":{"coordinates":[3.874408006668091,43.61620945549243],"type":"Point"},"id":"MMM_EcoCompt_XTH19101158_202012050000","type":"TrafficFlowObserved","vehicleType":"bicycle","reversedLane":false}
{"intensity":719,"laneId":188609530,"dateObserved":"2020-12-06T00:00:00/2020-12-07T00:00:00","location":{"coordinates":[3.874408006668091,43.61620945549243],"type":"Point"},"id":"MMM_EcoCompt_XTH19101158_202012060000","type":"TrafficFlowObserved","vehicleType":"bicycle","reversedLane":false}
{"intensity":1112,"laneId":188609530,"dateObserved":"2020-12-07T00:00:00/2020-12-08T00:00:00","location":{"coordinates":[3.874408006668091,43.61620945549243],"type":"Point"},"id":"MMM_EcoCompt_XTH19101158_202012070000","type":"TrafficFlowObserved","vehicleType":"bicycle","reversedLane":false}
{"intensity":1061,"laneId":188609530,"dateObserved":"2020-12-08T00:00:00/2020-12-09T00:00:00","location":{"coordinates":[3.874408006668091,43.61620945549243],"type":"Point"},"id":"MMM_EcoCompt_XTH19101158_202012080000","type":"TrafficFlowObserved","vehicleType":"bicycle","reversedLane":false}
{"intensity":1272,"laneId":188609530,"dateObserved":"2020-12-09T00:00:00/2020-12-10T00:00:00","location":{"coordinates":[3.874408006668091,43.61620945549243],"type":"Point"},"id":"MMM_EcoCompt_XTH19101158_202012090000","type":"TrafficFlowObserved","vehicleType":"bicycle","reversedLane":false}
{"intensity":851,"laneId":188609530,"dateObserved":"2020-12-10T00:00:00/2020-12-11T00:00:00","location":{"coordinates":[3.874408006668091,43.61620945549243],"type":"Point"},"id":"MMM_EcoCompt_XTH19101158_202012100000","type":"TrafficFlowObserved","vehicleType":"bicycle","reversedLane":false}
{"intensity":721,"laneId":188609530,"dateObserved":"2020-12-11T00:00:00/2020-12-12T00:00:00","location":{"coordinates":[3.874408006668091,43.61620945549243],"type":"Point"},"id":"MMM_EcoCompt_XTH19101158_202012110000","type":"TrafficFlowObserved","vehicleType":"bicycle","reversedLane":false}
{"intensity":808,"laneId":188609530,"dateObserved":"2020-12-12T00:00:00/2020-12-13T00:00:00","location":{"coordinates":[3.874408006668091,43.61620945549243],"type":"Point"},"id":"MMM_EcoCompt_XTH19101158_202012120000","type":"TrafficFlowObserved","vehicleType":"bicycle","reversedLane":false}
{"intensity":743,"laneId":188609530,"dateObserved":"2020-12-13T00:00:00/2020-12-14T00:00:00","location":{"coordinates":[3.874408006668091,43.61620945549243],"type":"Point"},"id":"MMM_EcoCompt_XTH19101158_202012130000","type":"TrafficFlowObserved","vehicleType":"bicycle","reversedLane":false}
{"intensity":1007,"laneId":188609530,"dateObserved":"2020-12-14T00:00:00/2020-12-15T00:00:00","location":{"coordinates":[3.874408006668091,43.61620945549243],"type":"Point"},"id":"MMM_EcoCompt_XTH19101158_202012140000","type":"TrafficFlowObserved","vehicleType":"bicycle","reversedLane":false}
{"intensity":850,"laneId":188609530,"dateObserved":"2020-12-15T00:00:00/2020-12-16T00:00:00","location":{"coordinates":[3.874408006668091,43.61620945549243],"type":"Point"},"id":"MMM_EcoCompt_XTH19101158_202012150000","type":"TrafficFlowObserved","vehicleType":"bicycle","reversedLane":false}
{"intensity":1133,"laneId":188609530,"dateObserved":"2020-12-16T00:00:00/2020-12-17T00:00:00","location":{"coordinates":[3.874408006668091,43.61620945549243],"type":"Point"},"id":"MMM_EcoCompt_XTH19101158_202012160000","type":"TrafficFlowObserved","vehicleType":"bicycle","reversedLane":false}
{"intensity":879,"laneId":188609530,"dateObserved":"2020-12-17T00:00:00/2020-12-18T00:00:00","location":{"coordinates":[3.874408006668091,43.61620945549243],"type":"Point"},"id":"MMM_EcoCompt_XTH19101158_202012170000","type":"TrafficFlowObserved","vehicleType":"bicycle","reversedLane":false}
{"intensity":971,"laneId":188609530,"dateObserved":"2020-12-18T00:00:00/2020-12-19T00:00:00","location":{"coordinates":[3.874408006668091,43.61620945549243],"type":"Point"},"id":"MMM_EcoCompt_XTH19101158_202012180000","type":"TrafficFlowObserved","vehicleType":"bicycle","reversedLane":false}
{"intensity":743,"laneId":188609530,"dateObserved":"2020-12-19T00:00:00/2020-12-20T00:00:00","location":{"coordinates":[3.874408006668091,43.61620945549243],"type":"Point"},"id":"MMM_EcoCompt_XTH19101158_202012190000","type":"TrafficFlowObserved","vehicleType":"bicycle","reversedLane":false}
{"intensity":432,"laneId":188609530,"dateObserved":"2020-12-20T00:00:00/2020-12-21T00:00:00","location":{"coordinates":[3.874408006668091,43.61620945549243],"type":"Point"},"id":"MMM_EcoCompt_XTH19101158_202012200000","type":"TrafficFlowObserved","vehicleType":"bicycle","reversedLane":false}
{"intensity":861,"laneId":188609530,"dateObserved":"2020-12-21T00:00:00/2020-12-22T00:00:00","location":{"coordinates":[3.874408006668091,43.61620945549243],"type":"Point"},"id":"MMM_EcoCompt_XTH19101158_202012210000","type":"TrafficFlowObserved","vehicleType":"bicycle","reversedLane":false}
{"intensity":895,"laneId":188609530,"dateObserved":"2020-12-22T00:00:00/2020-12-23T00:00:00","location":{"coordinates":[3.874408006668091,43.61620945549243],"type":"Point"},"id":"MMM_EcoCompt_XTH19101158_202012220000","type":"TrafficFlowObserved","vehicleType":"bicycle","reversedLane":false}
{"intensity":656,"laneId":188609530,"dateObserved":"2020-12-23T00:00:00/2020-12-24T00:00:00","location":{"coordinates":[3.874408006668091,43.61620945549243],"type":"Point"},"id":"MMM_EcoCompt_XTH19101158_202012230000","type":"TrafficFlowObserved","vehicleType":"bicycle","reversedLane":false}
{"intensity":565,"laneId":188609530,"dateObserved":"2020-12-24T00:00:00/2020-12-25T00:00:00","location":{"coordinates":[3.874408006668091,43.61620945549243],"type":"Point"},"id":"MMM_EcoCompt_XTH19101158_202012240000","type":"TrafficFlowObserved","vehicleType":"bicycle","reversedLane":false}
{"intensity":220,"laneId":188609530,"dateObserved":"2020-12-25T00:00:00/2020-12-26T00:00:00","location":{"coordinates":[3.874408006668091,43.61620945549243],"type":"Point"},"id":"MMM_EcoCompt_XTH19101158_202012250000","type":"TrafficFlowObserved","vehicleType":"bicycle","reversedLane":false}
{"intensity":417,"laneId":188609530,"dateObserved":"2020-12-26T00:00:00/2020-12-27T00:00:00","location":{"coordinates":[3.874408006668091,43.61620945549243],"type":"Point"},"id":"MMM_EcoCompt_XTH19101158_202012260000","type":"TrafficFlowObserved","vehicleType":"bicycle","reversedLane":false}
{"intensity":299,"laneId":188609530,"dateObserved":"2020-12-27T00:00:00/2020-12-28T00:00:00","location":{"coordinates":[3.874408006668091,43.61620945549243],"type":"Point"},"id":"MMM_EcoCompt_XTH19101158_202012270000","type":"TrafficFlowObserved","vehicleType":"bicycle","reversedLane":false}
{"intensity":547,"laneId":188609530,"dateObserved":"2020-12-28T00:00:00/2020-12-29T00:00:00","location":{"coordinates":[3.874408006668091,43.61620945549243],"type":"Point"},"id":"MMM_EcoCompt_XTH19101158_202012280000","type":"TrafficFlowObserved","vehicleType":"bicycle","reversedLane":false}
{"intensity":650,"laneId":188609530,"dateObserved":"2020-12-29T00:00:00/2020-12-30T00:00:00","location":{"coordinates":[3.874408006668091,43.61620945549243],"type":"Point"},"id":"MMM_EcoCompt_XTH19101158_202012290000","type":"TrafficFlowObserved","vehicleType":"bicycle","reversedLane":false}
{"intensity":642,"laneId":188609530,"dateObserved":"2020-12-30T00:00:00/2020-12-31T00:00:00","location":{"coordinates":[3.874408006668091,43.61620945549243],"type":"Point"},"id":"MMM_EcoCompt_XTH19101158_202012300000","type":"TrafficFlowObserved","vehicleType":"bicycle","reversedLane":false}
{"intensity":566,"laneId":188609530,"dateObserved":"2020-12-31T00:00:00/2021-01-01T00:00:00","location":{"coordinates":[3.874408006668091,43.61620945549243],"type":"Point"},"id":"MMM_EcoCompt_XTH19101158_202012310000","type":"TrafficFlowObserved","vehicleType":"bicycle","reversedLane":false}
