{"intensity":761,"laneId":734202564,"dateObserved":"2020-06-19T00:00:00/2020-06-20T00:00:00","location":{"coordinates":[3.8336,43.61465],"type":"Point"},"id":"MMM_EcoCompt_X2H20042633_202006190000","type":"TrafficFlowObserved","vehicleType":"bicycle","reversedLane":false}
{"intensity":494,"laneId":734202564,"dateObserved":"2020-06-20T00:00:00/2020-06-21T00:00:00","location":{"coordinates":[3.8336,43.61465],"type":"Point"},"id":"MMM_EcoCompt_X2H20042633_202006200000","type":"TrafficFlowObserved","vehicleType":"bicycle","reversedLane":false}
{"intensity":457,"laneId":734202564,"dateObserved":"2020-06-21T00:00:00/2020-06-22T00:00:00","location":{"coordinates":[3.8336,43.61465],"type":"Point"},"id":"MMM_EcoCompt_X2H20042633_202006210000","type":"TrafficFlowObserved","vehicleType":"bicycle","reversedLane":false}
{"intensity":720,"laneId":734202564,"dateObserved":"2020-06-22T00:00:00/2020-06-23T00:00:00","location":{"coordinates":[3.8336,43.61465],"type":"Point"},"id":"MMM_EcoCompt_X2H20042633_202006220000","type":"TrafficFlowObserved","vehicleType":"bicycle","reversedLane":false}
{"intensity":818,"laneId":734202564,"dateObserved":"2020-06-23T00:00:00/2020-06-24T00:00:00","location":{"coordinates":[3.8336,43.61465],"type":"Point"},"id":"MMM_EcoCompt_X2H20042633_202006230000","type":"TrafficFlowObserved","vehicleType":"bicycle","reversedLane":false}
{"intensity":798,"laneId":734202564,"dateObserved":"2020-06-24T00:00:00/2020-06-25T00:00:00","location":{"coordinates":[3.8336,43.61465],"type":"Point"},"id":"MMM_EcoCompt_X2H20042633_202006240000","type":"TrafficFlowObserved","vehicleType":"bicycle","reversedLane":false}
{"intensity":786,"laneId":734202564,"dateObserved":"2020-06-25T00:00:00/2020-06-26T00:00:00","location":{"coordinates":[3.8336,43.61465],"type":"Point"},"id":"MMM_EcoCompt_X2H20042633_202006250000","type":"TrafficFlowObserved","vehicleType":"bicycle","reversedLane":false}
{"intensity":742,"laneId":734202564,"dateObserved":"2020-06-26T00:00:00/2020-06-27T00:00:00","location":{"coordinates":[3.8336,43.61465],"type":"Point"},"id":"MMM_EcoCompt_X2H20042633_202006260000","type":"TrafficFlowObserved","vehicleType":"bicycle","reversedLane":false}
{"intensity":404,"laneId":734202564,"dateObserved":"2020-06-27T00:00:00/2020-06-28T00:00:00","location":{"coordinates":[3.8336,43.61465],"type":"Point"},"id":"MMM_EcoCompt_X2H20042633_202006270000","type":"TrafficFlowObserved","vehicleType":"bicycle","reversedLane":false}
{"intensity":381,"laneId":734202564,"dateObserved":"2020-06-28T00:00:00/2020-06-29T00:00:00","location":{"coordinates":[3.8336,43.61465],"type":"Point"},"id":"MMM_EcoCompt_X2H20042633_202006280000","type":"TrafficFlowObserved","vehicleType":"bicycle","reversedLane":false}
{"intensity":745,"laneId":734202564,"dateObserved":"2020-06-29T00:00:00/2020-06-30T00:00:00","location":{"coordinates":[3.8336,43.61465],"type":"Point"},"id":"MMM_EcoCompt_X2H20042633_202006290000","type":"TrafficFlowObserved","vehicleType":"bicycle","reversedLane":false}
{"intensity":805,"laneId":734202564,"dateObserved":"2020-06-30T00:00:00/2020-07-01T00:00:00","location":{"coordinates":[3.8336,43.61465],"type":"Point"},"id":"MMM_EcoCompt_X2H20042633_202006300000","type":"TrafficFlowObserved","vehicleType":"bicycle","reversedLane":false}
{"intensity":645,"laneId":734202564,"dateObserved":"2020-07-01T00:00:00/2020-07-02T00:00:00","location":{"coordinates":[3.8336,43.61465],"type":"Point"},"id":"MMM_EcoCompt_X2H20042633_202007010000","type":"TrafficFlowObserved","vehicleType":"bicycle","reversedLane":false}
{"intensity":736,"laneId":734202564,"dateObserved":"2020-07-02T00:00:00/2020-07-03T00:00:00","location":{"coordinates":[3.8336,43.61465],"type":"Point"},"id":"MMM_EcoCompt_X2H20042633_202007020000","type":"TrafficFlowObserved","vehicleType":"bicycle","reversedLane":false}
{"intensity":741,"laneId":734202564,"dateObserved":"2020-07-03T00:00:00/2020-07-04T00:00:00","location":{"coordinates":[3.8336,43.61465],"type":"Point"},"id":"MMM_EcoCompt_X2H20042633_202007030000","type":"TrafficFlowObserved","vehicleType":"bicycle","reversedLane":false}
{"intensity":440,"laneId":734202564,"dateObserved":"2020-07-04T00:00:00/2020-07-05T00:00:00","location":{"coordinates":[3.8336,43.61465],"type":"Point"},"id":"MMM_EcoCompt_X2H20042633_202007040000","type":"TrafficFlowObserved","vehicleType":"bicycle","reversedLane":false}
{"intensity":419,"laneId":734202564,"dateObserved":"2020-07-05T00:00:00/2020-07-06T00:00:00","location":{"coordinates":[3.8336,43.61465],"type":"Point"},"id":"MMM_EcoCompt_X2H20042633_202007050000","type":"TrafficFlowObserved","vehicleType":"bicycle","reversedLane":false}
{"intensity":657,"laneId":734202564,"dateObserved":"2020-07-06T00:00:00/2020-07-07T00:00:00","location":{"coordinates":[3.8336,43.61465],"type":"Point"},"id":"MMM_EcoCompt_X2H20042633_202007060000","type":"TrafficFlowObserved","vehicleType":"bicycle","reversedLane":false}
{"intensity":844,"laneId":734202564,"dateObserved":"2020-07-07T00:00:00/2020-07-08T00:00:00","location":{"coordinates":[3.8336,43.61465],"type":"Point"},"id":"MMM_EcoCompt_X2H20042633_202007070000","type":"TrafficFlowObserved","vehicleType":"bicycle","reversedLane":false}
{"intensity":754,"laneId":734202564,"dateObserved":"2020-07-08T00:00:00/2020-07-09T00:00:00","location":{"coordinates":[3.8336,43.61465],"type":"Point"},"id":"MMM_EcoCompt_X2H20042633_202007080000","type":"TrafficFlowObserved","vehicleType":"bicycle","reversedLane":false}
{"intensity":754,"laneId":734202564,"dateObserved":"2020-07-09T00:00:00/2020-07-10T00:00:00","location":{"coordinates":[3.8336,43.61465],"type":"Point"},"id":"MMM_EcoCompt_X2H20042633_202007090000","type":"TrafficFlowObserved","vehicleType":"bicycle","reversedLane":false}
{"intensity":716,"laneId":734202564,"dateObserved":"2020-07-10T00:00:00/2020-07-11T00:00:00","location":{"coordinates":[3.8336,43.61465],"type":"Point"},"id":"MMM_EcoCompt_X2H20042633_202007100000","type":"TrafficFlowObserved","vehicleType":"bicycle","reversedLane":false}
{"intensity":371,"laneId":734202564,"dateObserved":"2020-07-11T00:00:00/2020-07-12T00:00:00","location":{"coordinates":[3.8336,43.61465],"type":"Point"},"id":"MMM_EcoCompt_X2H20042633_202007110000","type":"TrafficFlowObserved","vehicleType":"bicycle","reversedLane":false}
{"intensity":357,"laneId":734202564,"dateObserved":"2020-07-12T00:00:00/2020-07-13T00:00:00","location":{"coordinates":[3.8336,43.61465],"type":"Point"},"id":"MMM_EcoCompt_X2H20042633_202007120000","type":"TrafficFlowObserved","vehicleType":"bicycle","reversedLane":false}
{"intensity":509,"laneId":734202564,"dateObserved":"2020-07-13T00:00:00/2020-07-14T00:00:00","location":{"coordinates":[3.8336,43.61465],"type":"Point"},"id":"MMM_EcoCompt_X2H20042633_202007130000","type":"TrafficFlowObserved","vehicleType":"bicycle","reversedLane":false}
{"intensity":420,"laneId":734202564,"dateObserved":"2020-07-14T00:00:00/2020-07-15T00:00:00","location":{"coordinates":[3.8336,43.61465],"type":"Point"},"id":"MMM_EcoCompt_X2H20042633_202007140000","type":"TrafficFlowObserved","vehicleType":"bicycle","reversedLane":false}
{"intensity":656,"laneId":734202564,"dateObserved":"2020-07-15T00:00:00/2020-07-16T00:00:00","location":{"coordinates":[3.8336,43.61465],"type":"Point"},"id":"MMM_EcoCompt_X2H20042633_202007150000","type":"TrafficFlowObserved","vehicleType":"bicycle","reversedLane":false}
{"intensity":673,"laneId":734202564,"dateObserved":"2020-07-16T00:00:00/2020-07-17T00:00:00","location":{"coordinates":[3.8336,43.61465],"type":"Point"},"id":"MMM_EcoCompt_X2H20042633_202007160000","type":"TrafficFlowObserved","vehicleType":"bicycle","reversedLane":false}
{"intensity":674,"laneId":734202564,"dateObserved":"2020-07-17T00:00:00/2020-07-18T00:00:00","location":{"coordinates":[3.8336,43.61465],"type":"Point"},"id":"MMM_EcoCompt_X2H20042633_202007170000","type":"TrafficFlowObserved","vehicleType":"bicycle","reversedLane":false}
{"intensity":431,"laneId":734202564,"dateObserved":"2020-07-18T00:00:00/2020-07-19T00:00:00","location":{"coordinates":[3.8336,43.61465],"type":"Point"},"id":"MMM_EcoCompt_X2H20042633_202007180000","type":"TrafficFlowObserved","vehicleType":"bicycle","reversedLane":false}
{"intensity":436,"laneId":734202564,"dateObserved":"2020-07-19T00:00:00/2020-07-20T00:00:00","location":{"coordinates":[3.8336,43.61465],"type":"Point"},"id":"MMM_EcoCompt_X2H20042633_202007190000","type":"TrafficFlowObserved","vehicleType":"bicycle","reversedLane":false}
{"intensity":725,"laneId":734202564,"dateObserved":"2020-07-20T00:00:00/2020-07-21T00:00:00","location":{"coordinates":[3.8336,43.61465],"type":"Point"},"id":"MMM_EcoCompt_X2H20042633_202007200000","type":"TrafficFlowObserved","vehicleType":"bicycle","reversedLane":false}
{"intensity":707,"laneId":734202564,"dateObserved":"2020-07-21T00:00:00/2020-07-22T00:00:00","location":{"coordinates":[3.8336,43.61465],"type":"Point"},"id":"MMM_EcoCompt_X2H20042633_202007210000","type":"TrafficFlowObserved","vehicleType":"bicycle","reversedLane":false}
{"intensity":670,"laneId":734202564,"dateObserved":"2020-07-22T00:00:00/2020-07-23T00:00:00","location":{"coordinates":[3.8336,43.61465],"type":"Point"},"id":"MMM_EcoCompt_X2H20042633_202007220000","type":"TrafficFlowObserved","vehicleType":"bicycle","reversedLane":false}
{"intensity":672,"laneId":734202564,"dateObserved":"2020-07-23T00:00:00/2020-07-24T00:00:00","location":{"coordinates":[3.8336,43.61465],"type":"Point"},"id":"MMM_EcoCompt_X2H20042633_202007230000","type":"TrafficFlowObserved","vehicleType":"bicycle","reversedLane":false}
{"intensity":686,"laneId":734202564,"dateObserved":"2020-07-24T00:00:00/2020-07-25T00:00:00","location":{"coordinates":[3.8336,43.61465],"type":"Point"},"id":"MMM_EcoCompt_X2H20042633_202007240000","type":"TrafficFlowObserved","vehicleType":"bicycle","reversedLane":false}
{"intensity":460,"laneId":734202564,"dateObserved":"2020-07-25T00:00:00/2020-07-26T00:00:00","location":{"coordinates":[3.8336,43.61465],"type":"Point"},"id":"MMM_EcoCompt_X2H20042633_202007250000","type":"TrafficFlowObserved","vehicleType":"bicycle","reversedLane":false}
{"intensity":355,"laneId":734202564,"dateObserved":"2020-07-26T00:00:00/2020-07-27T00:00:00","location":{"coordinates":[3.8336,43.61465],"type":"Point"},"id":"MMM_EcoCompt_X2H20042633_202007260000","type":"TrafficFlowObserved","vehicleType":"bicycle","reversedLane":false}
{"intensity":612,"laneId":734202564,"dateObserved":"2020-07-27T00:00:00/2020-07-28T00:00:00","location":{"coordinates":[3.8336,43.61465],"type":"Point"},"id":"MMM_EcoCompt_X2H20042633_202007270000","type":"TrafficFlowObserved","vehicleType":"bicycle","reversedLane":false}
{"intensity":655,"laneId":734202564,"dateObserved":"2020-07-28T00:00:00/2020-07-29T00:00:00","location":{"coordinates":[3.8336,43.61465],"type":"Point"},"id":"MMM_EcoCompt_X2H20042633_202007280000","type":"TrafficFlowObserved","vehicleType":"bicycle","reversedLane":false}
{"intensity":636,"laneId":734202564,"dateObserved":"2020-07-29T00:00:00/2020-07-30T00:00:00","location":{"coordinates":[3.8336,43.61465],"type":"Point"},"id":"MMM_EcoCompt_X2H20042633_202007290000","type":"TrafficFlowObserved","vehicleType":"bicycle","reversedLane":false}
{"intensity":650,"laneId":734202564,"dateObserved":"2020-07-30T00:00:00/2020-07-31T00:00:00","location":{"coordinates":[3.8336,43.61465],"type":"Point"},"id":"MMM_EcoCompt_X2H20042633_202007300000","type":"TrafficFlowObserved","vehicleType":"bicycle","reversedLane":false}
{"intensity":563,"laneId":734202564,"dateObserved":"2020-07-31T00:00:00/2020-08-01T00:00:00","location":{"coordinates":[3.8336,43.61465],"type":"Point"},"id":"MMM_EcoCompt_X2H20042633_202007310000","type":"TrafficFlowObserved","vehicleType":"bicycle","reversedLane":false}
{"intensity":317,"laneId":734202564,"dateObserved":"2020-08-01T00:00:00/2020-08-02T00:00:00","location":{"coordinates":[3.8336,43.61465],"type":"Point"},"id":"MMM_EcoCompt_X2H20042633_202008010000","type":"TrafficFlowObserved","vehicleType":"bicycle","reversedLane":false}
{"intensity":331,"laneId":734202564,"dateObserved":"2020-08-02T00:00:00/2020-08-03T00:00:00","location":{"coordinates":[3.8336,43.61465],"type":"Point"},"id":"MMM_EcoCompt_X2H20042633_202008020000","type":"TrafficFlowObserved","vehicleType":"bicycle","reversedLane":false}
{"intensity":547,"laneId":734202564,"dateObserved":"2020-08-03T00:00:00/2020-08-04T00:00:00","location":{"coordinates":[3.8336,43.61465],"type":"Point"},"id":"MMM_EcoCompt_X2H20042633_202008030000","type":"TrafficFlowObserved","vehicleType":"bicycle","reversedLane":false}
{"intensity":665,"laneId":734202564,"dateObserved":"2020-08-04T00:00:00/2020-08-05T00:00:00","location":{"coordinates":[3.8336,43.61465],"type":"Point"},"id":"MMM_EcoCompt_X2H20042633_202008040000","type":"TrafficFlowObserved","vehicleType":"bicycle","reversedLane":false}
{"intensity":691,"laneId":734202564,"dateObserved":"2020-08-05T00:00:00/2020-08-06T00:00:00","location":{"coordinates":[3.8336,43.61465],"type":"Point"},"id":"MMM_EcoCompt_X2H20042633_202008050000","type":"TrafficFlowObserved","vehicleType":"bicycle","reversedLane":false}
{"intensity":636,"laneId":734202564,"dateObserved":"2020-08-06T00:00:00/2020-08-07T00:00:00","location":{"coordinates":[3.8336,43.61465],"type":"Point"},"id":"MMM_EcoCompt_X2H20042633_202008060000","type":"TrafficFlowObserved","vehicleType":"bicycle","reversedLane":false}
{"intensity":600,"laneId":734202564,"dateObserved":"2020-08-07T00:00:00/2020-08-08T00:00:00","location":{"coordinates":[3.8336,43.61465],"type":"Point"},"id":"MMM_EcoCompt_X2H20042633_202008070000","type":"TrafficFlowObserved","vehicleType":"bicycle","reversedLane":false}
{"intensity":354,"laneId":734202564,"dateObserved":"2020-08-08T00:00:00/2020-08-09T00:00:00","location":{"coordinates":[3.8336,43.61465],"type":"Point"},"id":"MMM_EcoCompt_X2H20042633_202008080000","type":"TrafficFlowObserved","vehicleType":"bicycle","reversedLane":false}
{"intensity":331,"laneId":734202564,"dateObserved":"2020-08-09T00:00:00/2020-08-10T00:00:00","location":{"coordinates":[3.8336,43.61465],"type":"Point"},"id":"MMM_EcoCompt_X2H20042633_202008090000","type":"TrafficFlowObserved","vehicleType":"bicycle","reversedLane":false}
{"intensity":603,"laneId":734202564,"dateObserved":"2020-08-10T00:00:00/2020-08-11T00:00:00","location":{"coordinates":[3.8336,43.61465],"type":"Point"},"id":"MMM_EcoCompt_X2H20042633_202008100000","type":"TrafficFlowObserved","vehicleType":"bicycle","reversedLane":false}
{"intensity":584,"laneId":734202564,"dateObserved":"2020-08-11T00:00:00/2020-08-12T00:00:00","location":{"coordinates":[3.8336,43.61465],"type":"Point"},"id":"MMM_EcoCompt_X2H20042633_202008110000","type":"TrafficFlowObserved","vehicleType":"bicycle","reversedLane":false}
{"intensity":564,"laneId":734202564,"dateObserved":"2020-08-12T00:00:00/2020-08-13T00:00:00","location":{"coordinates":[3.8336,43.61465],"type":"Point"},"id":"MMM_EcoCompt_X2H20042633_202008120000","type":"TrafficFlowObserved","vehicleType":"bicycle","reversedLane":false}
{"intensity":545,"laneId":734202564,"dateObserved":"2020-08-13T00:00:00/2020-08-14T00:00:00","location":{"coordinates":[3.8336,43.61465],"type":"Point"},"id":"MMM_EcoCompt_X2H20042633_202008130000","type":"TrafficFlowObserved","vehicleType":"bicycle","reversedLane":false}
{"intensity":555,"laneId":734202564,"dateObserved":"2020-08-14T00:00:00/2020-08-15T00:00:00","location":{"coordinates":[3.8336,43.61465],"type":"Point"},"id":"MMM_EcoCompt_X2H20042633_202008140000","type":"TrafficFlowObserved","vehicleType":"bicycle","reversedLane":false}
{"intensity":361,"laneId":734202564,"dateObserved":"2020-08-15T00:00:00/2020-08-16T00:00:00","location":{"coordinates":[3.8336,43.61465],"type":"Point"},"id":"MMM_EcoCompt_X2H20042633_202008150000","type":"TrafficFlowObserved","vehicleType":"bicycle","reversedLane":false}
{"intensity":372,"laneId":734202564,"dateObserved":"2020-08-16T00:00:00/2020-08-17T00:00:00","location":{"coordinates":[3.8336,43.61465],"type":"Point"},"id":"MMM_EcoCompt_X2H20042633_202008160000","type":"TrafficFlowObserved","vehicleType":"bicycle","reversedLane":false}
{"intensity":589,"laneId":734202564,"dateObserved":"2020-08-17T00:00:00/2020-08-18T00:00:00","location":{"coordinates":[3.8336,43.61465],"type":"Point"},"id":"MMM_EcoCompt_X2H20042633_202008170000","type":"TrafficFlowObserved","vehicleType":"bicycle","reversedLane":false}
{"intensity":644,"laneId":734202564,"dateObserved":"2020-08-18T00:00:00/2020-08-19T00:00:00","location":{"coordinates":[3.8336,43.61465],"type":"Point"},"id":"MMM_EcoCompt_X2H20042633_202008180000","type":"TrafficFlowObserved","vehicleType":"bicycle","reversedLane":false}
{"intensity":560,"laneId":734202564,"dateObserved":"2020-08-19T00:00:00/2020-08-20T00:00:00","location":{"coordinates":[3.8336,43.61465],"type":"Point"},"id":"MMM_EcoCompt_X2H20042633_202008190000","type":"TrafficFlowObserved","vehicleType":"bicycle","reversedLane":false}
{"intensity":509,"laneId":734202564,"dateObserved":"2020-08-20T00:00:00/2020-08-21T00:00:00","location":{"coordinates":[3.8336,43.61465],"type":"Point"},"id":"MMM_EcoCompt_X2H20042633_202008200000","type":"TrafficFlowObserved","vehicleType":"bicycle","reversedLane":false}
{"intensity":573,"laneId":734202564,"dateObserved":"2020-08-21T00:00:00/2020-08-22T00:00:00","location":{"coordinates":[3.8336,43.61465],"type":"Point"},"id":"MMM_EcoCompt_X2H20042633_202008210000","type":"TrafficFlowObserved","vehicleType":"bicycle","reversedLane":false}
{"intensity":412,"laneId":734202564,"dateObserved":"2020-08-22T00:00:00/2020-08-23T00:00:00","location":{"coordinates":[3.8336,43.61465],"type":"Point"},"id":"MMM_EcoCompt_X2H20042633_202008220000","type":"TrafficFlowObserved","vehicleType":"bicycle","reversedLane":false}
{"intensity":388,"laneId":734202564,"dateObserved":"2020-08-23T00:00:00/2020-08-24T00:00:00","location":{"coordinates":[3.8336,43.61465],"type":"Point"},"id":"MMM_EcoCompt_X2H20042633_202008230000","type":"TrafficFlowObserved","vehicleType":"bicycle","reversedLane":false}
{"intensity":684,"laneId":734202564,"dateObserved":"2020-08-24T00:00:00/2020-08-25T00:00:00","location":{"coordinates":[3.8336,43.61465],"type":"Point"},"id":"MMM_EcoCompt_X2H20042633_202008240000","type":"TrafficFlowObserved","vehicleType":"bicycle","reversedLane":false}
{"intensity":671,"laneId":734202564,"dateObserved":"2020-08-25T00:00:00/2020-08-26T00:00:00","location":{"coordinates":[3.8336,43.61465],"type":"Point"},"id":"MMM_EcoCompt_X2H20042633_202008250000","type":"TrafficFlowObserved","vehicleType":"bicycle","reversedLane":false}
{"intensity":695,"laneId":734202564,"dateObserved":"2020-08-26T00:00:00/2020-08-27T00:00:00","location":{"coordinates":[3.8336,43.61465],"type":"Point"},"id":"MMM_EcoCompt_X2H20042633_202008260000","type":"TrafficFlowObserved","vehicleType":"bicycle","reversedLane":false}
{"intensity":700,"laneId":734202564,"dateObserved":"2020-08-27T00:00:00/2020-08-28T00:00:00","location":{"coordinates":[3.8336,43.61465],"type":"Point"},"id":"MMM_EcoCompt_X2H20042633_202008270000","type":"TrafficFlowObserved","vehicleType":"bicycle","reversedLane":false}
{"intensity":561,"laneId":734202564,"dateObserved":"2020-08-28T00:00:00/2020-08-29T00:00:00","location":{"coordinates":[3.8336,43.61465],"type":"Point"},"id":"MMM_EcoCompt_X2H20042633_202008280000","type":"TrafficFlowObserved","vehicleType":"bicycle","reversedLane":false}
{"intensity":362,"laneId":734202564,"dateObserved":"2020-08-29T00:00:00/2020-08-30T00:00:00","location":{"coordinates":[3.8336,43.61465],"type":"Point"},"id":"MMM_EcoCompt_X2H20042633_202008290000","type":"TrafficFlowObserved","vehicleType":"bicycle","reversedLane":false}
{"intensity":414,"laneId":734202564,"dateObserved":"2020-08-30T00:00:00/2020-08-31T00:00:00","location":{"coordinates":[3.8336,43.61465],"type":"Point"},"id":"MMM_EcoCompt_X2H20042633_202008300000","type":"TrafficFlowObserved","vehicleType":"bicycle","reversedLane":false}
{"intensity":834,"laneId":734202564,"dateObserved":"2020-08-31T00:00:00/2020-09-01T00:00:00","location":{"coordinates":[3.8336,43.61465],"type":"Point"},"id":"MMM_EcoCompt_X2H20042633_202008310000","type":"TrafficFlowObserved","vehicleType":"bicycle","reversedLane":false}
{"intensity":892,"laneId":734202564,"dateObserved":"2020-09-01T00:00:00/2020-09-02T00:00:00","location":{"coordinates":[3.8336,43.61465],"type":"Point"},"id":"MMM_EcoCompt_X2H20042633_202009010000","type":"TrafficFlowObserved","vehicleType":"bicycle","reversedLane":false}
{"intensity":841,"laneId":734202564,"dateObserved":"2020-09-02T00:00:00/2020-09-03T00:00:00","location":{"coordinates":[3.8336,43.61465],"type":"Point"},"id":"MMM_EcoCompt_X2H20042633_202009020000","type":"TrafficFlowObserved","vehicleType":"bicycle","reversedLane":false}
{"intensity":876,"laneId":734202564,"dateObserved":"2020-09-03T00:00:00/2020-09-04T00:00:00","location":{"coordinates":[3.8336,43.61465],"type":"Point"},"id":"MMM_EcoCompt_X2H20042633_202009030000","type":"TrafficFlowObserved","vehicleType":"bicycle","reversedLane":false}
{"intensity":851,"laneId":734202564,"dateObserved":"2020-09-04T00:00:00/2020-09-05T00:00:00","location":{"coordinates":[3.8336,43.61465],"type":"Point"},"id":"MMM_EcoCompt_X2H20042633_202009040000","type":"TrafficFlowObserved","vehicleType":"bicycle","reversedLane":false}
{"intensity":476,"laneId":734202564,"dateObserved":"2020-09-05T00:00:00/2020-09-06T00:00:00","location":{"coordinates":[3.8336,43.61465],"type":"Point"},"id":"MMM_EcoCompt_X2H20042633_202009050000","type":"TrafficFlowObserved","vehicleType":"bicycle","reversedLane":false}
{"intensity":436,"laneId":734202564,"dateObserved":"2020-09-06T00:00:00/2020-09-07T00:00:00","location":{"coordinates":[3.8336,43.61465],"type":"Point"},"id":"MMM_EcoCompt_X2H20042633_202009060000","type":"TrafficFlowObserved","vehicleType":"bicycle","reversedLane":false}
{"intensity":870,"laneId":734202564,"dateObserved":"2020-09-07T00:00:00/2020-09-08T00:00:00","location":{"coordinates":[3.8336,43.61465],"type":"Point"},"id":"MMM_EcoCompt_X2H20042633_202009070000","type":"TrafficFlowObserved","vehicleType":"bicycle","reversedLane":false}
{"intensity":1002,"laneId":734202564,"dateObserved":"2020-09-08T00:00:00/2020-09-09T00:00:00","location":{"coordinates":[3.8336,43.61465],"type":"Point"},"id":"MMM_EcoCompt_X2H20042633_202009080000","type":"TrafficFlowObserved","vehicleType":"bicycle","reversedLane":false}
{"intensity":726,"laneId":734202564,"dateObserved":"2020-09-09T00:00:00/2020-09-10T00:00:00","location":{"coordinates":[3.8336,43.61465],"type":"Point"},"id":"MMM_EcoCompt_X2H20042633_202009090000","type":"TrafficFlowObserved","vehicleType":"bicycle","reversedLane":false}
{"intensity":898,"laneId":734202564,"dateObserved":"2020-09-10T00:00:00/2020-09-11T00:00:00","location":{"coordinates":[3.8336,43.61465],"type":"Point"},"id":"MMM_EcoCompt_X2H20042633_202009100000","type":"TrafficFlowObserved","vehicleType":"bicycle","reversedLane":false}
{"intensity":918,"laneId":734202564,"dateObserved":"2020-09-11T00:00:00/2020-09-12T00:00:00","location":{"coordinates":[3.8336,43.61465],"type":"Point"},"id":"MMM_EcoCompt_X2H20042633_202009110000","type":"TrafficFlowObserved","vehicleType":"bicycle","reversedLane":false}
{"intensity":508,"laneId":734202564,"dateObserved":"2020-09-12T00:00:00/2020-09-13T00:00:00","location":{"coordinates":[3.8336,43.61465],"type":"Point"},"id":"MMM_EcoCompt_X2H20042633_202009120000","type":"TrafficFlowObserved","vehicleType":"bicycle","reversedLane":false}
{"intensity":421,"laneId":734202564,"dateObserved":"2020-09-13T00:00:00/2020-09-14T00:00:00","location":{"coordinates":[3.8336,43.61465],"type":"Point"},"id":"MMM_EcoCompt_X2H20042633_202009130000","type":"TrafficFlowObserved","vehicleType":"bicycle","reversedLane":false}
{"intensity":936,"laneId":734202564,"dateObserved":"2020-09-14T00:00:00/2020-09-15T00:00:00","location":{"coordinates":[3.8336,43.61465],"type":"Point"},"id":"MMM_EcoCompt_X2H20042633_202009140000","type":"TrafficFlowObserved","vehicleType":"bicycle","reversedLane":false}
{"intensity":987,"laneId":734202564,"dateObserved":"2020-09-15T00:00:00/2020-09-16T00:00:00","location":{"coordinates":[3.8336,43.61465],"type":"Point"},"id":"MMM_EcoCompt_X2H20042633_202009150000","type":"TrafficFlowObserved","vehicleType":"bicycle","reversedLane":false}
{"intensity":953,"laneId":734202564,"dateObserved":"2020-09-16T00:00:00/2020-09-17T00:00:00","location":{"coordinates":[3.8336,43.61465],"type":"Point"},"id":"MMM_EcoCompt_X2H20042633_202009160000","type":"TrafficFlowObserved","vehicleType":"bicycle","reversedLane":false}
{"intensity":991,"laneId":734202564,"dateObserved":"2020-09-17T00:00:00/2020-09-18T00:00:00","location":{"coordinates":[3.8336,43.61465],"type":"Point"},"id":"MMM_EcoCompt_X2H20042633_202009170000","type":"TrafficFlowObserved","vehicleType":"bicycle","reversedLane":false}
{"intensity":897,"laneId":734202564,"dateObserved":"2020-09-18T00:00:00/2020-09-19T00:00:00","location":{"coordinates":[3.8336,43.61465],"type":"Point"},"id":"MMM_EcoCompt_X2H20042633_202009180000","type":"TrafficFlowObserved","vehicleType":"bicycle","reversedLane":false}
{"intensity":352,"laneId":734202564,"dateObserved":"2020-09-19T00:00:00/2020-09-20T00:00:00","location":{"coordinates":[3.8336,43.61465],"type":"Point"},"id":"MMM_EcoCompt_X2H20042633_202009190000","type":"TrafficFlowObserved","vehicleType":"bicycle","reversedLane":false}
{"intensity":461,"laneId":734202564,"dateObserved":"2020-09-20T00:00:00/2020-09-21T00:00:00","location":{"coordinates":[3.8336,43.61465],"type":"Point"},"id":"MMM_EcoCompt_X2H20042633_202009200000","type":"TrafficFlowObserved","vehicleType":"bicycle","reversedLane":false}
{"intensity":919,"laneId":734202564,"dateObserved":"2020-09-21T00:00:00/2020-09-22T00:00:00","location":{"coordinates":[3.8336,43.61465],"type":"Point"},"id":"MMM_EcoCompt_X2H20042633_202009210000","type":"TrafficFlowObserved","vehicleType":"bicycle","reversedLane":false}
{"intensity":814,"laneId":734202564,"dateObserved":"2020-09-22T00:00:00/2020-09-23T00:00:00","location":{"coordinates":[3.8336,43.61465],"type":"Point"},"id":"MMM_EcoCompt_X2H20042633_202009220000","type":"TrafficFlowObserved","vehicleType":"bicycle","reversedLane":false}
{"intensity":936,"laneId":734202564,"dateObserved":"2020-09-23T00:00:00/2020-09-24T00:00:00","location":{"coordinates":[3.8336,43.61465],"type":"Point"},"id":"MMM_EcoCompt_X2H20042633_202009230000","type":"TrafficFlowObserved","vehicleType":"bicycle","reversedLane":false}
{"intensity":935,"laneId":734202564,"dateObserved":"2020-09-24T00:00:00/2020-09-25T00:00:00","location":{"coordinates":[3.8336,43.61465],"type":"Point"},"id":"MMM_EcoCompt_X2H20042633_202009240000","type":"TrafficFlowObserved","vehicleType":"bicycle","reversedLane":false}
{"intensity":865,"laneId":734202564,"dateObserved":"2020-09-25T00:00:00/2020-09-26T00:00:00","location":{"coordinates":[3.8336,43.61465],"type":"Point"},"id":"MMM_EcoCompt_X2H20042633_202009250000","type":"TrafficFlowObserved","vehicleType":"bicycle","reversedLane":false}
{"intensity":406,"laneId":734202564,"dateObserved":"2020-09-26T00:00:00/2020-09-27T00:00:00","location":{"coordinates":[3.8336,43.61465],"type":"Point"},"id":"MMM_EcoCompt_X2H20042633_202009260000","type":"TrafficFlowObserved","vehicleType":"bicycle","reversedLane":false}
{"intensity":312,"laneId":734202564,"dateObserved":"2020-09-27T00:00:00/2020-09-28T00:00:00","location":{"coordinates":[3.8336,43.61465],"type":"Point"},"id":"MMM_EcoCompt_X2H20042633_202009270000","type":"TrafficFlowObserved","vehicleType":"bicycle","reversedLane":false}
{"intensity":758,"laneId":734202564,"dateObserved":"2020-09-28T00:00:00/2020-09-29T00:00:00","location":{"coordinates":[3.8336,43.61465],"type":"Point"},"id":"MMM_EcoCompt_X2H20042633_202009280000","type":"TrafficFlowObserved","vehicleType":"bicycle","reversedLane":false}
{"intensity":974,"laneId":734202564,"dateObserved":"2020-09-29T00:00:00/2020-09-30T00:00:00","location":{"coordinates":[3.8336,43.61465],"type":"Point"},"id":"MMM_EcoCompt_X2H20042633_202009290000","type":"TrafficFlowObserved","vehicleType":"bicycle","reversedLane":false}
{"intensity":902,"laneId":734202564,"dateObserved":"2020-09-30T00:00:00/2020-10-01T00:00:00","location":{"coordinates":[3.8336,43.61465],"type":"Point"},"id":"MMM_EcoCompt_X2H20042633_202009300000","type":"TrafficFlowObserved","vehicleType":"bicycle","reversedLane":false}
{"intensity":873,"laneId":734202564,"dateObserved":"2020-10-01T00:00:00/2020-10-02T00:00:00","location":{"coordinates":[3.8336,43.61465],"type":"Point"},"id":"MMM_EcoCompt_X2H20042633_202010010000","type":"TrafficFlowObserved","vehicleType":"bicycle","reversedLane":false}
{"intensity":548,"laneId":734202564,"dateObserved":"2020-10-02T00:00:00/2020-10-03T00:00:00","location":{"coordinates":[3.8336,43.61465],"type":"Point"},"id":"MMM_EcoCompt_X2H20042633_202010020000","type":"TrafficFlowObserved","vehicleType":"bicycle","reversedLane":false}
{"intensity":399,"laneId":734202564,"dateObserved":"2020-10-03T00:00:00/2020-10-04T00:00:00","location":{"coordinates":[3.8336,43.61465],"type":"Point"},"id":"MMM_EcoCompt_X2H20042633_202010030000","type":"TrafficFlowObserved","vehicleType":"bicycle","reversedLane":false}
{"intensity":387,"laneId":734202564,"dateObserved":"2020-10-04T00:00:00/2020-10-05T00:00:00","location":{"coordinates":[3.8336,43.61465],"type":"Point"},"id":"MMM_EcoCompt_X2H20042633_202010040000","type":"TrafficFlowObserved","vehicleType":"bicycle","reversedLane":false}
{"intensity":893,"laneId":734202564,"dateObserved":"2020-10-05T00:00:00/2020-10-06T00:00:00","location":{"coordinates":[3.8336,43.61465],"type":"Point"},"id":"MMM_EcoCompt_X2H20042633_202010050000","type":"TrafficFlowObserved","vehicleType":"bicycle","reversedLane":false}
{"intensity":887,"laneId":734202564,"dateObserved":"2020-10-06T00:00:00/2020-10-07T00:00:00","location":{"coordinates":[3.8336,43.61465],"type":"Point"},"id":"MMM_EcoCompt_X2H20042633_202010060000","type":"TrafficFlowObserved","vehicleType":"bicycle","reversedLane":false}
{"intensity":851,"laneId":734202564,"dateObserved":"2020-10-07T00:00:00/2020-10-08T00:00:00","location":{"coordinates":[3.8336,43.61465],"type":"Point"},"id":"MMM_EcoCompt_X2H20042633_202010070000","type":"TrafficFlowObserved","vehicleType":"bicycle","reversedLane":false}
{"intensity":936,"laneId":734202564,"dateObserved":"2020-10-08T00:00:00/2020-10-09T00:00:00","location":{"coordinates":[3.8336,43.61465],"type":"Point"},"id":"MMM_EcoCompt_X2H20042633_202010080000","type":"TrafficFlowObserved","vehicleType":"bicycle","reversedLane":false}
{"intensity":816,"laneId":734202564,"dateObserved":"2020-10-09T00:00:00/2020-10-10T00:00:00","location":{"coordinates":[3.8336,43.61465],"type":"Point"},"id":"MMM_EcoCompt_X2H20042633_202010090000","type":"TrafficFlowObserved","vehicleType":"bicycle","reversedLane":false}
{"intensity":463,"laneId":734202564,"dateObserved":"2020-10-10T00:00:00/2020-10-11T00:00:00","location":{"coordinates":[3.8336,43.61465],"type":"Point"},"id":"MMM_EcoCompt_X2H20042633_202010100000","type":"TrafficFlowObserved","vehicleType":"bicycle","reversedLane":false}
{"intensity":382,"laneId":734202564,"dateObserved":"2020-10-11T00:00:00/2020-10-12T00:00:00","location":{"coordinates":[3.8336,43.61465],"type":"Point"},"id":"MMM_EcoCompt_X2H20042633_202010110000","type":"TrafficFlowObserved","vehicleType":"bicycle","reversedLane":false}
{"intensity":825,"laneId":734202564,"dateObserved":"2020-10-12T00:00:00/2020-10-13T00:00:00","location":{"coordinates":[3.8336,43.61465],"type":"Point"},"id":"MMM_EcoCompt_X2H20042633_202010120000","type":"TrafficFlowObserved","vehicleType":"bicycle","reversedLane":false}
{"intensity":890,"laneId":734202564,"dateObserved":"2020-10-13T00:00:00/2020-10-14T00:00:00","location":{"coordinates":[3.8336,43.61465],"type":"Point"},"id":"MMM_EcoCompt_X2H20042633_202010130000","type":"TrafficFlowObserved","vehicleType":"bicycle","reversedLane":false}
{"intensity":843,"laneId":734202564,"dateObserved":"2020-10-14T00:00:00/2020-10-15T00:00:00","location":{"coordinates":[3.8336,43.61465],"type":"Point"},"id":"MMM_EcoCompt_X2H20042633_202010140000","type":"TrafficFlowObserved","vehicleType":"bicycle","reversedLane":false}
{"intensity":847,"laneId":734202564,"dateObserved":"2020-10-15T00:00:00/2020-10-16T00:00:00","location":{"coordinates":[3.8336,43.61465],"type":"Point"},"id":"MMM_EcoCompt_X2H20042633_202010150000","type":"TrafficFlowObserved","vehicleType":"bicycle","reversedLane":false}
{"intensity":765,"laneId":734202564,"dateObserved":"2020-10-16T00:00:00/2020-10-17T00:00:00","location":{"coordinates":[3.8336,43.61465],"type":"Point"},"id":"MMM_EcoCompt_X2H20042633_202010160000","type":"TrafficFlowObserved","vehicleType":"bicycle","reversedLane":false}
{"intensity":463,"laneId":734202564,"dateObserved":"2020-10-17T00:00:00/2020-10-18T00:00:00","location":{"coordinates":[3.8336,43.61465],"type":"Point"},"id":"MMM_EcoCompt_X2H20042633_202010170000","type":"TrafficFlowObserved","vehicleType":"bicycle","reversedLane":false}
{"intensity":426,"laneId":734202564,"dateObserved":"2020-10-18T00:00:00/2020-10-19T00:00:00","location":{"coordinates":[3.8336,43.61465],"type":"Point"},"id":"MMM_EcoCompt_X2H20042633_202010180000","type":"TrafficFlowObserved","vehicleType":"bicycle","reversedLane":false}
{"intensity":685,"laneId":734202564,"dateObserved":"2020-10-19T00:00:00/2020-10-20T00:00:00","location":{"coordinates":[3.8336,43.61465],"type":"Point"},"id":"MMM_EcoCompt_X2H20042633_202010190000","type":"TrafficFlowObserved","vehicleType":"bicycle","reversedLane":false}
{"intensity":632,"laneId":734202564,"dateObserved":"2020-10-20T00:00:00/2020-10-21T00:00:00","location":{"coordinates":[3.8336,43.61465],"type":"Point"},"id":"MMM_EcoCompt_X2H20042633_202010200000","type":"TrafficFlowObserved","vehicleType":"bicycle","reversedLane":false}
{"intensity":490,"laneId":734202564,"dateObserved":"2020-10-21T00:00:00/2020-10-22T00:00:00","location":{"coordinates":[3.8336,43.61465],"type":"Point"},"id":"MMM_EcoCompt_X2H20042633_202010210000","type":"TrafficFlowObserved","vehicleType":"bicycle","reversedLane":false}
{"intensity":429,"laneId":734202564,"dateObserved":"2020-10-22T00:00:00/2020-10-23T00:00:00","location":{"coordinates":[3.8336,43.61465],"type":"Point"},"id":"MMM_EcoCompt_X2H20042633_202010220000","type":"TrafficFlowObserved","vehicleType":"bicycle","reversedLane":false}
{"intensity":578,"laneId":734202564,"dateObserved":"2020-10-23T00:00:00/2020-10-24T00:00:00","location":{"coordinates":[3.8336,43.61465],"type":"Point"},"id":"MMM_EcoCompt_X2H20042633_202010230000","type":"TrafficFlowObserved","vehicleType":"bicycle","reversedLane":false}
{"intensity":438,"laneId":734202564,"dateObserved":"2020-10-24T00:00:00/2020-10-25T00:00:00","location":{"coordinates":[3.8336,43.61465],"type":"Point"},"id":"MMM_EcoCompt_X2H20042633_202010240000","type":"TrafficFlowObserved","vehicleType":"bicycle","reversedLane":false}
{"intensity":395,"laneId":734202564,"dateObserved":"2020-10-25T00:00:00/2020-10-25T00:00:00","location":{"coordinates":[3.8336,43.61465],"type":"Point"},"id":"MMM_EcoCompt_X2H20042633_202010250000","type":"TrafficFlowObserved","vehicleType":"bicycle","reversedLane":false}
{"intensity":595,"laneId":734202564,"dateObserved":"2020-10-26T00:00:00/2020-10-27T00:00:00","location":{"coordinates":[3.8336,43.61465],"type":"Point"},"id":"MMM_EcoCompt_X2H20042633_202010260000","type":"TrafficFlowObserved","vehicleType":"bicycle","reversedLane":false}
{"intensity":719,"laneId":734202564,"dateObserved":"2020-10-27T00:00:00/2020-10-28T00:00:00","location":{"coordinates":[3.8336,43.61465],"type":"Point"},"id":"MMM_EcoCompt_X2H20042633_202010270000","type":"TrafficFlowObserved","vehicleType":"bicycle","reversedLane":false}
{"intensity":751,"laneId":734202564,"dateObserved":"2020-10-28T00:00:00/2020-10-29T00:00:00","location":{"coordinates":[3.8336,43.61465],"type":"Point"},"id":"MMM_EcoCompt_X2H20042633_202010280000","type":"TrafficFlowObserved","vehicleType":"bicycle","reversedLane":false}
{"intensity":688,"laneId":734202564,"dateObserved":"2020-10-29T00:00:00/2020-10-30T00:00:00","location":{"coordinates":[3.8336,43.61465],"type":"Point"},"id":"MMM_EcoCompt_X2H20042633_202010290000","type":"TrafficFlowObserved","vehicleType":"bicycle","reversedLane":false}
{"intensity":508,"laneId":734202564,"dateObserved":"2020-10-30T00:00:00/2020-10-31T00:00:00","location":{"coordinates":[3.8336,43.61465],"type":"Point"},"id":"MMM_EcoCompt_X2H20042633_202010300000","type":"TrafficFlowObserved","vehicleType":"bicycle","reversedLane":false}
{"intensity":310,"laneId":734202564,"dateObserved":"2020-10-31T00:00:00/2020-11-01T00:00:00","location":{"coordinates":[3.8336,43.61465],"type":"Point"},"id":"MMM_EcoCompt_X2H20042633_202010310000","type":"TrafficFlowObserved","vehicleType":"bicycle","reversedLane":false}
{"intensity":308,"laneId":734202564,"dateObserved":"2020-11-01T00:00:00/2020-11-02T00:00:00","location":{"coordinates":[3.8336,43.61465],"type":"Point"},"id":"MMM_EcoCompt_X2H20042633_202011010000","type":"TrafficFlowObserved","vehicleType":"bicycle","reversedLane":false}
{"intensity":596,"laneId":734202564,"dateObserved":"2020-11-02T00:00:00/2020-11-03T00:00:00","location":{"coordinates":[3.8336,43.61465],"type":"Point"},"id":"MMM_EcoCompt_X2H20042633_202011020000","type":"TrafficFlowObserved","vehicleType":"bicycle","reversedLane":false}
{"intensity":655,"laneId":734202564,"dateObserved":"2020-11-03T00:00:00/2020-11-04T00:00:00","location":{"coordinates":[3.8336,43.61465],"type":"Point"},"id":"MMM_EcoCompt_X2H20042633_202011030000","type":"TrafficFlowObserved","vehicleType":"bicycle","reversedLane":false}
{"intensity":607,"laneId":734202564,"dateObserved":"2020-11-04T00:00:00/2020-11-05T00:00:00","location":{"coordinates":[3.8336,43.61465],"type":"Point"},"id":"MMM_EcoCompt_X2H20042633_202011040000","type":"TrafficFlowObserved","vehicleType":"bicycle","reversedLane":false}
{"intensity":611,"laneId":734202564,"dateObserved":"2020-11-05T00:00:00/2020-11-06T00:00:00","location":{"coordinates":[3.8336,43.61465],"type":"Point"},"id":"MMM_EcoCompt_X2H20042633_202011050000","type":"TrafficFlowObserved","vehicleType":"bicycle","reversedLane":false}
{"intensity":616,"laneId":734202564,"dateObserved":"2020-11-06T00:00:00/2020-11-07T00:00:00","location":{"coordinates":[3.8336,43.61465],"type":"Point"},"id":"MMM_EcoCompt_X2H20042633_202011060000","type":"TrafficFlowObserved","vehicleType":"bicycle","reversedLane":false}
{"intensity":260,"laneId":734202564,"dateObserved":"2020-11-07T00:00:00/2020-11-08T00:00:00","location":{"coordinates":[3.8336,43.61465],"type":"Point"},"id":"MMM_EcoCompt_X2H20042633_202011070000","type":"TrafficFlowObserved","vehicleType":"bicycle","reversedLane":false}
{"intensity":289,"laneId":734202564,"dateObserved":"2020-11-08T00:00:00/2020-11-09T00:00:00","location":{"coordinates":[3.8336,43.61465],"type":"Point"},"id":"MMM_EcoCompt_X2H20042633_202011080000","type":"TrafficFlowObserved","vehicleType":"bicycle","reversedLane":false}
{"intensity":568,"laneId":734202564,"dateObserved":"2020-11-09T00:00:00/2020-11-10T00:00:00","location":{"coordinates":[3.8336,43.61465],"type":"Point"},"id":"MMM_EcoCompt_X2H20042633_202011090000","type":"TrafficFlowObserved","vehicleType":"bicycle","reversedLane":false}
{"intensity":718,"laneId":734202564,"dateObserved":"2020-11-10T00:00:00/2020-11-11T00:00:00","location":{"coordinates":[3.8336,43.61465],"type":"Point"},"id":"MMM_EcoCompt_X2H20042633_202011100000","type":"TrafficFlowObserved","vehicleType":"bicycle","reversedLane":false}
{"intensity":402,"laneId":734202564,"dateObserved":"2020-11-11T00:00:00/2020-11-12T00:00:00","location":{"coordinates":[3.8336,43.61465],"type":"Point"},"id":"MMM_EcoCompt_X2H20042633_202011110000","type":"TrafficFlowObserved","vehicleType":"bicycle","reversedLane":false}
{"intensity":695,"laneId":734202564,"dateObserved":"2020-11-12T00:00:00/2020-11-13T00:00:00","location":{"coordinates":[3.8336,43.61465],"type":"Point"},"id":"MMM_EcoCompt_X2H20042633_202011120000","type":"TrafficFlowObserved","vehicleType":"bicycle","reversedLane":false}
{"intensity":643,"laneId":734202564,"dateObserved":"2020-11-13T00:00:00/2020-11-14T00:00:00","location":{"coordinates":[3.8336,43.61465],"type":"Point"},"id":"MMM_EcoCompt_X2H20042633_202011130000","type":"TrafficFlowObserved","vehicleType":"bicycle","reversedLane":false}
{"intensity":333,"laneId":734202564,"dateObserved":"2020-11-14T00:00:00/2020-11-15T00:00:00","location":{"coordinates":[3.8336,43.61465],"type":"Point"},"id":"MMM_EcoCompt_X2H20042633_202011140000","type":"TrafficFlowObserved","vehicleType":"bicycle","reversedLane":false}
{"intensity":262,"laneId":734202564,"dateObserved":"2020-11-15T00:00:00/2020-11-16T00:00:00","location":{"coordinates":[3.8336,43.61465],"type":"Point"},"id":"MMM_EcoCompt_X2H20042633_202011150000","type":"TrafficFlowObserved","vehicleType":"bicycle","reversedLane":false}
{"intensity":629,"laneId":734202564,"dateObserved":"2020-11-16T00:00:00/2020-11-17T00:00:00","location":{"coordinates":[3.8336,43.61465],"type":"Point"},"id":"MMM_EcoCompt_X2H20042633_202011160000","type":"TrafficFlowObserved","vehicleType":"bicycle","reversedLane":false}
{"intensity":749,"laneId":734202564,"dateObserved":"2020-11-17T00:00:00/2020-11-18T00:00:00","location":{"coordinates":[3.8336,43.61465],"type":"Point"},"id":"MMM_EcoCompt_X2H20042633_202011170000","type":"TrafficFlowObserved","vehicleType":"bicycle","reversedLane":false}
{"intensity":655,"laneId":734202564,"dateObserved":"2020-11-18T00:00:00/2020-11-19T00:00:00","location":{"coordinates":[3.8336,43.61465],"type":"Point"},"id":"MMM_EcoCompt_X2H20042633_202011180000","type":"TrafficFlowObserved","vehicleType":"bicycle","reversedLane":false}
{"intensity":603,"laneId":734202564,"dateObserved":"2020-11-19T00:00:00/2020-11-20T00:00:00","location":{"coordinates":[3.8336,43.61465],"type":"Point"},"id":"MMM_EcoCompt_X2H20042633_202011190000","type":"TrafficFlowObserved","vehicleType":"bicycle","reversedLane":false}
{"intensity":634,"laneId":734202564,"dateObserved":"2020-11-20T00:00:00/2020-11-21T00:00:00","location":{"coordinates":[3.8336,43.61465],"type":"Point"},"id":"MMM_EcoCompt_X2H20042633_202011200000","type":"TrafficFlowObserved","vehicleType":"bicycle","reversedLane":false}
{"intensity":373,"laneId":734202564,"dateObserved":"2020-11-21T00:00:00/2020-11-22T00:00:00","location":{"coordinates":[3.8336,43.61465],"type":"Point"},"id":"MMM_EcoCompt_X2H20042633_202011210000","type":"TrafficFlowObserved","vehicleType":"bicycle","reversedLane":false}
{"intensity":310,"laneId":734202564,"dateObserved":"2020-11-22T00:00:00/2020-11-23T00:00:00","location":{"coordinates":[3.8336,43.61465],"type":"Point"},"id":"MMM_EcoCompt_X2H20042633_202011220000","type":"TrafficFlowObserved","vehicleType":"bicycle","reversedLane":false}
{"intensity":580,"laneId":734202564,"dateObserved":"2020-11-23T00:00:00/2020-11-24T00:00:00","location":{"coordinates":[3.8336,43.61465],"type":"Point"},"id":"MMM_EcoCompt_X2H20042633_202011230000","type":"TrafficFlowObserved","vehicleType":"bicycle","reversedLane":false}
{"intensity":713,"laneId":734202564,"dateObserved":"2020-11-24T00:00:00/2020-11-25T00:00:00","location":{"coordinates":[3.8336,43.61465],"type":"Point"},"id":"MMM_EcoCompt_X2H20042633_202011240000","type":"TrafficFlowObserved","vehicleType":"bicycle","reversedLane":false}
{"intensity":474,"laneId":734202564,"dateObserved":"2020-11-25T00:00:00/2020-11-26T00:00:00","location":{"coordinates":[3.8336,43.61465],"type":"Point"},"id":"MMM_EcoCompt_X2H20042633_202011250000","type":"TrafficFlowObserved","vehicleType":"bicycle","reversedLane":false}
{"intensity":480,"laneId":734202564,"dateObserved":"2020-11-26T00:00:00/2020-11-27T00:00:00","location":{"coordinates":[3.8336,43.61465],"type":"Point"},"id":"MMM_EcoCompt_X2H20042633_202011260000","type":"TrafficFlowObserved","vehicleType":"bicycle","reversedLane":false}
{"intensity":555,"laneId":734202564,"dateObserved":"2020-11-27T00:00:00/2020-11-28T00:00:00","location":{"coordinates":[3.8336,43.61465],"type":"Point"},"id":"MMM_EcoCompt_X2H20042633_202011270000","type":"TrafficFlowObserved","vehicleType":"bicycle","reversedLane":false}
{"intensity":394,"laneId":734202564,"dateObserved":"2020-11-28T00:00:00/2020-11-29T00:00:00","location":{"coordinates":[3.8336,43.61465],"type":"Point"},"id":"MMM_EcoCompt_X2H20042633_202011280000","type":"TrafficFlowObserved","vehicleType":"bicycle","reversedLane":false}
{"intensity":478,"laneId":734202564,"dateObserved":"2020-11-29T00:00:00/2020-11-30T00:00:00","location":{"coordinates":[3.8336,43.61465],"type":"Point"},"id":"MMM_EcoCompt_X2H20042633_202011290000","type":"TrafficFlowObserved","vehicleType":"bicycle","reversedLane":false}
{"intensity":660,"laneId":734202564,"dateObserved":"2020-11-30T00:00:00/2020-12-01T00:00:00","location":{"coordinates":[3.8336,43.61465],"type":"Point"},"id":"MMM_EcoCompt_X2H20042633_202011300000","type":"TrafficFlowObserved","vehicleType":"bicycle","reversedLane":false}
{"intensity":548,"laneId":734202564,"dateObserved":"2020-12-01T00:00:00/2020-12-02T00:00:00","location":{"coordinates":[3.8336,43.61465],"type":"Point"},"id":"MMM_EcoCompt_X2H20042633_202012010000","type":"TrafficFlowObserved","vehicleType":"bicycle","reversedLane":false}
{"intensity":615,"laneId":734202564,"dateObserved":"2020-12-03T00:00:00/2020-12-04T00:00:00","location":{"coordinates":[3.8336,43.61465],"type":"Point"},"id":"MMM_EcoCompt_X2H20042633_202012030000","type":"TrafficFlowObserved","vehicleType":"bicycle","reversedLane":false}
{"intensity":531,"laneId":734202564,"dateObserved":"2020-12-04T00:00:00/2020-12-05T00:00:00","location":{"coordinates":[3.8336,43.61465],"type":"Point"},"id":"MMM_EcoCompt_X2H20042633_202012040000","type":"TrafficFlowObserved","vehicleType":"bicycle","reversedLane":false}
{"intensity":389,"laneId":734202564,"dateObserved":"2020-12-05T00:00:00/2020-12-06T00:00:00","location":{"coordinates":[3.8336,43.61465],"type":"Point"},"id":"MMM_EcoCompt_X2H20042633_202012050000","type":"TrafficFlowObserved","vehicleType":"bicycle","reversedLane":false}
{"intensity":344,"laneId":734202564,"dateObserved":"2020-12-06T00:00:00/2020-12-07T00:00:00","location":{"coordinates":[3.8336,43.61465],"type":"Point"},"id":"MMM_EcoCompt_X2H20042633_202012060000","type":"TrafficFlowObserved","vehicleType":"bicycle","reversedLane":false}
{"intensity":495,"laneId":734202564,"dateObserved":"2020-12-07T00:00:00/2020-12-08T00:00:00","location":{"coordinates":[3.8336,43.61465],"type":"Point"},"id":"MMM_EcoCompt_X2H20042633_202012070000","type":"TrafficFlowObserved","vehicleType":"bicycle","reversedLane":false}
{"intensity":480,"laneId":734202564,"dateObserved":"2020-12-08T00:00:00/2020-12-09T00:00:00","location":{"coordinates":[3.8336,43.61465],"type":"Point"},"id":"MMM_EcoCompt_X2H20042633_202012080000","type":"TrafficFlowObserved","vehicleType":"bicycle","reversedLane":false}
{"intensity":564,"laneId":734202564,"dateObserved":"2020-12-09T00:00:00/2020-12-10T00:00:00","location":{"coordinates":[3.8336,43.61465],"type":"Point"},"id":"MMM_EcoCompt_X2H20042633_202012090000","type":"TrafficFlowObserved","vehicleType":"bicycle","reversedLane":false}
{"intensity":387,"laneId":734202564,"dateObserved":"2020-12-10T00:00:00/2020-12-11T00:00:00","location":{"coordinates":[3.8336,43.61465],"type":"Point"},"id":"MMM_EcoCompt_X2H20042633_202012100000","type":"TrafficFlowObserved","vehicleType":"bicycle","reversedLane":false}
{"intensity":333,"laneId":734202564,"dateObserved":"2020-12-11T00:00:00/2020-12-12T00:00:00","location":{"coordinates":[3.8336,43.61465],"type":"Point"},"id":"MMM_EcoCompt_X2H20042633_202012110000","type":"TrafficFlowObserved","vehicleType":"bicycle","reversedLane":false}
{"intensity":399,"laneId":734202564,"dateObserved":"2020-12-12T00:00:00/2020-12-13T00:00:00","location":{"coordinates":[3.8336,43.61465],"type":"Point"},"id":"MMM_EcoCompt_X2H20042633_202012120000","type":"TrafficFlowObserved","vehicleType":"bicycle","reversedLane":false}
{"intensity":337,"laneId":734202564,"dateObserved":"2020-12-13T00:00:00/2020-12-14T00:00:00","location":{"coordinates":[3.8336,43.61465],"type":"Point"},"id":"MMM_EcoCompt_X2H20042633_202012130000","type":"TrafficFlowObserved","vehicleType":"bicycle","reversedLane":false}
{"intensity":459,"laneId":734202564,"dateObserved":"2020-12-14T00:00:00/2020-12-15T00:00:00","location":{"coordinates":[3.8336,43.61465],"type":"Point"},"id":"MMM_EcoCompt_X2H20042633_202012140000","type":"TrafficFlowObserved","vehicleType":"bicycle","reversedLane":false}
{"intensity":364,"laneId":734202564,"dateObserved":"2020-12-15T00:00:00/2020-12-16T00:00:00","location":{"coordinates":[3.8336,43.61465],"type":"Point"},"id":"MMM_EcoCompt_X2H20042633_202012150000","type":"TrafficFlowObserved","vehicleType":"bicycle","reversedLane":false}
{"intensity":480,"laneId":734202564,"dateObserved":"2020-12-16T00:00:00/2020-12-17T00:00:00","location":{"coordinates":[3.8336,43.61465],"type":"Point"},"id":"MMM_EcoCompt_X2H20042633_202012160000","type":"TrafficFlowObserved","vehicleType":"bicycle","reversedLane":false}
{"intensity":405,"laneId":734202564,"dateObserved":"2020-12-17T00:00:00/2020-12-18T00:00:00","location":{"coordinates":[3.8336,43.61465],"type":"Point"},"id":"MMM_EcoCompt_X2H20042633_202012170000","type":"TrafficFlowObserved","vehicleType":"bicycle","reversedLane":false}
{"intensity":450,"laneId":734202564,"dateObserved":"2020-12-18T00:00:00/2020-12-19T00:00:00","location":{"coordinates":[3.8336,43.61465],"type":"Point"},"id":"MMM_EcoCompt_X2H20042633_202012180000","type":"TrafficFlowObserved","vehicleType":"bicycle","reversedLane":false}
{"intensity":346,"laneId":734202564,"dateObserved":"2020-12-19T00:00:00/2020-12-20T00:00:00","location":{"coordinates":[3.8336,43.61465],"type":"Point"},"id":"MMM_EcoCompt_X2H20042633_202012190000","type":"TrafficFlowObserved","vehicleType":"bicycle","reversedLane":false}
{"intensity":283,"laneId":734202564,"dateObserved":"2020-12-20T00:00:00/2020-12-21T00:00:00","location":{"coordinates":[3.8336,43.61465],"type":"Point"},"id":"MMM_EcoCompt_X2H20042633_202012200000","type":"TrafficFlowObserved","vehicleType":"bicycle","reversedLane":false}
{"intensity":484,"laneId":734202564,"dateObserved":"2020-12-21T00:00:00/2020-12-22T00:00:00","location":{"coordinates":[3.8336,43.61465],"type":"Point"},"id":"MMM_EcoCompt_X2H20042633_202012210000","type":"TrafficFlowObserved","vehicleType":"bicycle","reversedLane":false}
{"intensity":473,"laneId":734202564,"dateObserved":"2020-12-22T00:00:00/2020-12-23T00:00:00","location":{"coordinates":[3.8336,43.61465],"type":"Point"},"id":"MMM_EcoCompt_X2H20042633_202012220000","type":"TrafficFlowObserved","vehicleType":"bicycle","reversedLane":false}
{"intensity":381,"laneId":734202564,"dateObserved":"2020-12-23T00:00:00/2020-12-24T00:00:00","location":{"coordinates":[3.8336,43.61465],"type":"Point"},"id":"MMM_EcoCompt_X2H20042633_202012230000","type":"TrafficFlowObserved","vehicleType":"bicycle","reversedLane":false}
{"intensity":335,"laneId":734202564,"dateObserved":"2020-12-24T00:00:00/2020-12-25T00:00:00","location":{"coordinates":[3.8336,43.61465],"type":"Point"},"id":"MMM_EcoCompt_X2H20042633_202012240000","type":"TrafficFlowObserved","vehicleType":"bicycle","reversedLane":false}
{"intensity":159,"laneId":734202564,"dateObserved":"2020-12-25T00:00:00/2020-12-26T00:00:00","location":{"coordinates":[3.8336,43.61465],"type":"Point"},"id":"MMM_EcoCompt_X2H20042633_202012250000","type":"TrafficFlowObserved","vehicleType":"bicycle","reversedLane":false}
{"intensity":262,"laneId":734202564,"dateObserved":"2020-12-26T00:00:00/2020-12-27T00:00:00","location":{"coordinates":[3.8336,43.61465],"type":"Point"},"id":"MMM_EcoCompt_X2H20042633_202012260000","type":"TrafficFlowObserved","vehicleType":"bicycle","reversedLane":false}
{"intensity":217,"laneId":734202564,"dateObserved":"2020-12-27T00:00:00/2020-12-28T00:00:00","location":{"coordinates":[3.8336,43.61465],"type":"Point"},"id":"MMM_EcoCompt_X2H20042633_202012270000","type":"TrafficFlowObserved","vehicleType":"bicycle","reversedLane":false}
{"intensity":306,"laneId":734202564,"dateObserved":"2020-12-28T00:00:00/2020-12-29T00:00:00","location":{"coordinates":[3.8336,43.61465],"type":"Point"},"id":"MMM_EcoCompt_X2H20042633_202012280000","type":"TrafficFlowObserved","vehicleType":"bicycle","reversedLane":false}
{"intensity":345,"laneId":734202564,"dateObserved":"2020-12-29T00:00:00/2020-12-30T00:00:00","location":{"coordinates":[3.8336,43.61465],"type":"Point"},"id":"MMM_EcoCompt_X2H20042633_202012290000","type":"TrafficFlowObserved","vehicleType":"bicycle","reversedLane":false}
{"intensity":369,"laneId":734202564,"dateObserved":"2020-12-30T00:00:00/2020-12-31T00:00:00","location":{"coordinates":[3.8336,43.61465],"type":"Point"},"id":"MMM_EcoCompt_X2H20042633_202012300000","type":"TrafficFlowObserved","vehicleType":"bicycle","reversedLane":false}
{"intensity":298,"laneId":734202564,"dateObserved":"2020-12-31T00:00:00/2021-01-01T00:00:00","location":{"coordinates":[3.8336,43.61465],"type":"Point"},"id":"MMM_EcoCompt_X2H20042633_202012310000","type":"TrafficFlowObserved","vehicleType":"bicycle","reversedLane":false}
