{"intensity":5,"laneId":23231541,"dateObserved":"2020-07-07T00:00:00/2020-07-08T00:00:00","location":{"coordinates":[3.8684671,43.6138841],"type":"Point"},"id":"MMM_EcoCompt_X2H20063162_202007070000","type":"TrafficFlowObserved","vehicleType":"bicycle","reversedLane":false}
{"intensity":1173,"laneId":23231541,"dateObserved":"2020-07-08T00:00:00/2020-07-09T00:00:00","location":{"coordinates":[3.8684671,43.6138841],"type":"Point"},"id":"MMM_EcoCompt_X2H20063162_202007080000","type":"TrafficFlowObserved","vehicleType":"bicycle","reversedLane":false}
{"intensity":1047,"laneId":23231541,"dateObserved":"2020-07-09T00:00:00/2020-07-10T00:00:00","location":{"coordinates":[3.8684671,43.6138841],"type":"Point"},"id":"MMM_EcoCompt_X2H20063162_202007090000","type":"TrafficFlowObserved","vehicleType":"bicycle","reversedLane":false}
{"intensity":1046,"laneId":23231541,"dateObserved":"2020-07-10T00:00:00/2020-07-11T00:00:00","location":{"coordinates":[3.8684671,43.6138841],"type":"Point"},"id":"MMM_EcoCompt_X2H20063162_202007100000","type":"TrafficFlowObserved","vehicleType":"bicycle","reversedLane":false}
{"intensity":600,"laneId":23231541,"dateObserved":"2020-07-11T00:00:00/2020-07-12T00:00:00","location":{"coordinates":[3.8684671,43.6138841],"type":"Point"},"id":"MMM_EcoCompt_X2H20063162_202007110000","type":"TrafficFlowObserved","vehicleType":"bicycle","reversedLane":false}
{"intensity":349,"laneId":23231541,"dateObserved":"2020-07-12T00:00:00/2020-07-13T00:00:00","location":{"coordinates":[3.8684671,43.6138841],"type":"Point"},"id":"MMM_EcoCompt_X2H20063162_202007120000","type":"TrafficFlowObserved","vehicleType":"bicycle","reversedLane":false}
{"intensity":638,"laneId":23231541,"dateObserved":"2020-07-13T00:00:00/2020-07-14T00:00:00","location":{"coordinates":[3.8684671,43.6138841],"type":"Point"},"id":"MMM_EcoCompt_X2H20063162_202007130000","type":"TrafficFlowObserved","vehicleType":"bicycle","reversedLane":false}
{"intensity":501,"laneId":23231541,"dateObserved":"2020-07-14T00:00:00/2020-07-15T00:00:00","location":{"coordinates":[3.8684671,43.6138841],"type":"Point"},"id":"MMM_EcoCompt_X2H20063162_202007140000","type":"TrafficFlowObserved","vehicleType":"bicycle","reversedLane":false}
{"intensity":999,"laneId":23231541,"dateObserved":"2020-07-15T00:00:00/2020-07-16T00:00:00","location":{"coordinates":[3.8684671,43.6138841],"type":"Point"},"id":"MMM_EcoCompt_X2H20063162_202007150000","type":"TrafficFlowObserved","vehicleType":"bicycle","reversedLane":false}
{"intensity":1045,"laneId":23231541,"dateObserved":"2020-07-16T00:00:00/2020-07-17T00:00:00","location":{"coordinates":[3.8684671,43.6138841],"type":"Point"},"id":"MMM_EcoCompt_X2H20063162_202007160000","type":"TrafficFlowObserved","vehicleType":"bicycle","reversedLane":false}
{"intensity":995,"laneId":23231541,"dateObserved":"2020-07-17T00:00:00/2020-07-18T00:00:00","location":{"coordinates":[3.8684671,43.6138841],"type":"Point"},"id":"MMM_EcoCompt_X2H20063162_202007170000","type":"TrafficFlowObserved","vehicleType":"bicycle","reversedLane":false}
{"intensity":583,"laneId":23231541,"dateObserved":"2020-07-18T00:00:00/2020-07-19T00:00:00","location":{"coordinates":[3.8684671,43.6138841],"type":"Point"},"id":"MMM_EcoCompt_X2H20063162_202007180000","type":"TrafficFlowObserved","vehicleType":"bicycle","reversedLane":false}
{"intensity":410,"laneId":23231541,"dateObserved":"2020-07-19T00:00:00/2020-07-20T00:00:00","location":{"coordinates":[3.8684671,43.6138841],"type":"Point"},"id":"MMM_EcoCompt_X2H20063162_202007190000","type":"TrafficFlowObserved","vehicleType":"bicycle","reversedLane":false}
{"intensity":959,"laneId":23231541,"dateObserved":"2020-07-20T00:00:00/2020-07-21T00:00:00","location":{"coordinates":[3.8684671,43.6138841],"type":"Point"},"id":"MMM_EcoCompt_X2H20063162_202007200000","type":"TrafficFlowObserved","vehicleType":"bicycle","reversedLane":false}
{"intensity":1062,"laneId":23231541,"dateObserved":"2020-07-21T00:00:00/2020-07-22T00:00:00","location":{"coordinates":[3.8684671,43.6138841],"type":"Point"},"id":"MMM_EcoCompt_X2H20063162_202007210000","type":"TrafficFlowObserved","vehicleType":"bicycle","reversedLane":false}
{"intensity":1016,"laneId":23231541,"dateObserved":"2020-07-22T00:00:00/2020-07-23T00:00:00","location":{"coordinates":[3.8684671,43.6138841],"type":"Point"},"id":"MMM_EcoCompt_X2H20063162_202007220000","type":"TrafficFlowObserved","vehicleType":"bicycle","reversedLane":false}
{"intensity":881,"laneId":23231541,"dateObserved":"2020-07-23T00:00:00/2020-07-24T00:00:00","location":{"coordinates":[3.8684671,43.6138841],"type":"Point"},"id":"MMM_EcoCompt_X2H20063162_202007230000","type":"TrafficFlowObserved","vehicleType":"bicycle","reversedLane":false}
{"intensity":945,"laneId":23231541,"dateObserved":"2020-07-24T00:00:00/2020-07-25T00:00:00","location":{"coordinates":[3.8684671,43.6138841],"type":"Point"},"id":"MMM_EcoCompt_X2H20063162_202007240000","type":"TrafficFlowObserved","vehicleType":"bicycle","reversedLane":false}
{"intensity":588,"laneId":23231541,"dateObserved":"2020-07-25T00:00:00/2020-07-26T00:00:00","location":{"coordinates":[3.8684671,43.6138841],"type":"Point"},"id":"MMM_EcoCompt_X2H20063162_202007250000","type":"TrafficFlowObserved","vehicleType":"bicycle","reversedLane":false}
{"intensity":366,"laneId":23231541,"dateObserved":"2020-07-26T00:00:00/2020-07-27T00:00:00","location":{"coordinates":[3.8684671,43.6138841],"type":"Point"},"id":"MMM_EcoCompt_X2H20063162_202007260000","type":"TrafficFlowObserved","vehicleType":"bicycle","reversedLane":false}
{"intensity":844,"laneId":23231541,"dateObserved":"2020-07-27T00:00:00/2020-07-28T00:00:00","location":{"coordinates":[3.8684671,43.6138841],"type":"Point"},"id":"MMM_EcoCompt_X2H20063162_202007270000","type":"TrafficFlowObserved","vehicleType":"bicycle","reversedLane":false}
{"intensity":934,"laneId":23231541,"dateObserved":"2020-07-28T00:00:00/2020-07-29T00:00:00","location":{"coordinates":[3.8684671,43.6138841],"type":"Point"},"id":"MMM_EcoCompt_X2H20063162_202007280000","type":"TrafficFlowObserved","vehicleType":"bicycle","reversedLane":false}
{"intensity":877,"laneId":23231541,"dateObserved":"2020-07-29T00:00:00/2020-07-30T00:00:00","location":{"coordinates":[3.8684671,43.6138841],"type":"Point"},"id":"MMM_EcoCompt_X2H20063162_202007290000","type":"TrafficFlowObserved","vehicleType":"bicycle","reversedLane":false}
{"intensity":859,"laneId":23231541,"dateObserved":"2020-07-30T00:00:00/2020-07-31T00:00:00","location":{"coordinates":[3.8684671,43.6138841],"type":"Point"},"id":"MMM_EcoCompt_X2H20063162_202007300000","type":"TrafficFlowObserved","vehicleType":"bicycle","reversedLane":false}
{"intensity":841,"laneId":23231541,"dateObserved":"2020-07-31T00:00:00/2020-08-01T00:00:00","location":{"coordinates":[3.8684671,43.6138841],"type":"Point"},"id":"MMM_EcoCompt_X2H20063162_202007310000","type":"TrafficFlowObserved","vehicleType":"bicycle","reversedLane":false}
{"intensity":556,"laneId":23231541,"dateObserved":"2020-08-01T00:00:00/2020-08-02T00:00:00","location":{"coordinates":[3.8684671,43.6138841],"type":"Point"},"id":"MMM_EcoCompt_X2H20063162_202008010000","type":"TrafficFlowObserved","vehicleType":"bicycle","reversedLane":false}
{"intensity":389,"laneId":23231541,"dateObserved":"2020-08-02T00:00:00/2020-08-03T00:00:00","location":{"coordinates":[3.8684671,43.6138841],"type":"Point"},"id":"MMM_EcoCompt_X2H20063162_202008020000","type":"TrafficFlowObserved","vehicleType":"bicycle","reversedLane":false}
{"intensity":689,"laneId":23231541,"dateObserved":"2020-08-03T00:00:00/2020-08-04T00:00:00","location":{"coordinates":[3.8684671,43.6138841],"type":"Point"},"id":"MMM_EcoCompt_X2H20063162_202008030000","type":"TrafficFlowObserved","vehicleType":"bicycle","reversedLane":false}
{"intensity":772,"laneId":23231541,"dateObserved":"2020-08-04T00:00:00/2020-08-05T00:00:00","location":{"coordinates":[3.8684671,43.6138841],"type":"Point"},"id":"MMM_EcoCompt_X2H20063162_202008040000","type":"TrafficFlowObserved","vehicleType":"bicycle","reversedLane":false}
{"intensity":754,"laneId":23231541,"dateObserved":"2020-08-05T00:00:00/2020-08-06T00:00:00","location":{"coordinates":[3.8684671,43.6138841],"type":"Point"},"id":"MMM_EcoCompt_X2H20063162_202008050000","type":"TrafficFlowObserved","vehicleType":"bicycle","reversedLane":false}
{"intensity":687,"laneId":23231541,"dateObserved":"2020-08-06T00:00:00/2020-08-07T00:00:00","location":{"coordinates":[3.8684671,43.6138841],"type":"Point"},"id":"MMM_EcoCompt_X2H20063162_202008060000","type":"TrafficFlowObserved","vehicleType":"bicycle","reversedLane":false}
{"intensity":608,"laneId":23231541,"dateObserved":"2020-08-07T00:00:00/2020-08-08T00:00:00","location":{"coordinates":[3.8684671,43.6138841],"type":"Point"},"id":"MMM_EcoCompt_X2H20063162_202008070000","type":"TrafficFlowObserved","vehicleType":"bicycle","reversedLane":false}
{"intensity":505,"laneId":23231541,"dateObserved":"2020-08-08T00:00:00/2020-08-09T00:00:00","location":{"coordinates":[3.8684671,43.6138841],"type":"Point"},"id":"MMM_EcoCompt_X2H20063162_202008080000","type":"TrafficFlowObserved","vehicleType":"bicycle","reversedLane":false}
{"intensity":333,"laneId":23231541,"dateObserved":"2020-08-09T00:00:00/2020-08-10T00:00:00","location":{"coordinates":[3.8684671,43.6138841],"type":"Point"},"id":"MMM_EcoCompt_X2H20063162_202008090000","type":"TrafficFlowObserved","vehicleType":"bicycle","reversedLane":false}
{"intensity":591,"laneId":23231541,"dateObserved":"2020-08-10T00:00:00/2020-08-11T00:00:00","location":{"coordinates":[3.8684671,43.6138841],"type":"Point"},"id":"MMM_EcoCompt_X2H20063162_202008100000","type":"TrafficFlowObserved","vehicleType":"bicycle","reversedLane":false}
{"intensity":739,"laneId":23231541,"dateObserved":"2020-08-11T00:00:00/2020-08-12T00:00:00","location":{"coordinates":[3.8684671,43.6138841],"type":"Point"},"id":"MMM_EcoCompt_X2H20063162_202008110000","type":"TrafficFlowObserved","vehicleType":"bicycle","reversedLane":false}
{"intensity":682,"laneId":23231541,"dateObserved":"2020-08-12T00:00:00/2020-08-13T00:00:00","location":{"coordinates":[3.8684671,43.6138841],"type":"Point"},"id":"MMM_EcoCompt_X2H20063162_202008120000","type":"TrafficFlowObserved","vehicleType":"bicycle","reversedLane":false}
{"intensity":623,"laneId":23231541,"dateObserved":"2020-08-13T00:00:00/2020-08-14T00:00:00","location":{"coordinates":[3.8684671,43.6138841],"type":"Point"},"id":"MMM_EcoCompt_X2H20063162_202008130000","type":"TrafficFlowObserved","vehicleType":"bicycle","reversedLane":false}
{"intensity":631,"laneId":23231541,"dateObserved":"2020-08-14T00:00:00/2020-08-15T00:00:00","location":{"coordinates":[3.8684671,43.6138841],"type":"Point"},"id":"MMM_EcoCompt_X2H20063162_202008140000","type":"TrafficFlowObserved","vehicleType":"bicycle","reversedLane":false}
{"intensity":480,"laneId":23231541,"dateObserved":"2020-08-15T00:00:00/2020-08-16T00:00:00","location":{"coordinates":[3.8684671,43.6138841],"type":"Point"},"id":"MMM_EcoCompt_X2H20063162_202008150000","type":"TrafficFlowObserved","vehicleType":"bicycle","reversedLane":false}
{"intensity":274,"laneId":23231541,"dateObserved":"2020-08-16T00:00:00/2020-08-17T00:00:00","location":{"coordinates":[3.8684671,43.6138841],"type":"Point"},"id":"MMM_EcoCompt_X2H20063162_202008160000","type":"TrafficFlowObserved","vehicleType":"bicycle","reversedLane":false}
{"intensity":635,"laneId":23231541,"dateObserved":"2020-08-17T00:00:00/2020-08-18T00:00:00","location":{"coordinates":[3.8684671,43.6138841],"type":"Point"},"id":"MMM_EcoCompt_X2H20063162_202008170000","type":"TrafficFlowObserved","vehicleType":"bicycle","reversedLane":false}
{"intensity":802,"laneId":23231541,"dateObserved":"2020-08-18T00:00:00/2020-08-19T00:00:00","location":{"coordinates":[3.8684671,43.6138841],"type":"Point"},"id":"MMM_EcoCompt_X2H20063162_202008180000","type":"TrafficFlowObserved","vehicleType":"bicycle","reversedLane":false}
{"intensity":729,"laneId":23231541,"dateObserved":"2020-08-19T00:00:00/2020-08-20T00:00:00","location":{"coordinates":[3.8684671,43.6138841],"type":"Point"},"id":"MMM_EcoCompt_X2H20063162_202008190000","type":"TrafficFlowObserved","vehicleType":"bicycle","reversedLane":false}
{"intensity":765,"laneId":23231541,"dateObserved":"2020-08-20T00:00:00/2020-08-21T00:00:00","location":{"coordinates":[3.8684671,43.6138841],"type":"Point"},"id":"MMM_EcoCompt_X2H20063162_202008200000","type":"TrafficFlowObserved","vehicleType":"bicycle","reversedLane":false}
{"intensity":748,"laneId":23231541,"dateObserved":"2020-08-21T00:00:00/2020-08-22T00:00:00","location":{"coordinates":[3.8684671,43.6138841],"type":"Point"},"id":"MMM_EcoCompt_X2H20063162_202008210000","type":"TrafficFlowObserved","vehicleType":"bicycle","reversedLane":false}
{"intensity":520,"laneId":23231541,"dateObserved":"2020-08-22T00:00:00/2020-08-23T00:00:00","location":{"coordinates":[3.8684671,43.6138841],"type":"Point"},"id":"MMM_EcoCompt_X2H20063162_202008220000","type":"TrafficFlowObserved","vehicleType":"bicycle","reversedLane":false}
{"intensity":430,"laneId":23231541,"dateObserved":"2020-08-23T00:00:00/2020-08-24T00:00:00","location":{"coordinates":[3.8684671,43.6138841],"type":"Point"},"id":"MMM_EcoCompt_X2H20063162_202008230000","type":"TrafficFlowObserved","vehicleType":"bicycle","reversedLane":false}
{"intensity":960,"laneId":23231541,"dateObserved":"2020-08-24T00:00:00/2020-08-25T00:00:00","location":{"coordinates":[3.8684671,43.6138841],"type":"Point"},"id":"MMM_EcoCompt_X2H20063162_202008240000","type":"TrafficFlowObserved","vehicleType":"bicycle","reversedLane":false}
{"intensity":1079,"laneId":23231541,"dateObserved":"2020-08-25T00:00:00/2020-08-26T00:00:00","location":{"coordinates":[3.8684671,43.6138841],"type":"Point"},"id":"MMM_EcoCompt_X2H20063162_202008250000","type":"TrafficFlowObserved","vehicleType":"bicycle","reversedLane":false}
{"intensity":1033,"laneId":23231541,"dateObserved":"2020-08-26T00:00:00/2020-08-27T00:00:00","location":{"coordinates":[3.8684671,43.6138841],"type":"Point"},"id":"MMM_EcoCompt_X2H20063162_202008260000","type":"TrafficFlowObserved","vehicleType":"bicycle","reversedLane":false}
{"intensity":1053,"laneId":23231541,"dateObserved":"2020-08-27T00:00:00/2020-08-28T00:00:00","location":{"coordinates":[3.8684671,43.6138841],"type":"Point"},"id":"MMM_EcoCompt_X2H20063162_202008270000","type":"TrafficFlowObserved","vehicleType":"bicycle","reversedLane":false}
{"intensity":952,"laneId":23231541,"dateObserved":"2020-08-28T00:00:00/2020-08-29T00:00:00","location":{"coordinates":[3.8684671,43.6138841],"type":"Point"},"id":"MMM_EcoCompt_X2H20063162_202008280000","type":"TrafficFlowObserved","vehicleType":"bicycle","reversedLane":false}
{"intensity":633,"laneId":23231541,"dateObserved":"2020-08-29T00:00:00/2020-08-30T00:00:00","location":{"coordinates":[3.8684671,43.6138841],"type":"Point"},"id":"MMM_EcoCompt_X2H20063162_202008290000","type":"TrafficFlowObserved","vehicleType":"bicycle","reversedLane":false}
{"intensity":434,"laneId":23231541,"dateObserved":"2020-08-30T00:00:00/2020-08-31T00:00:00","location":{"coordinates":[3.8684671,43.6138841],"type":"Point"},"id":"MMM_EcoCompt_X2H20063162_202008300000","type":"TrafficFlowObserved","vehicleType":"bicycle","reversedLane":false}
{"intensity":1193,"laneId":23231541,"dateObserved":"2020-08-31T00:00:00/2020-09-01T00:00:00","location":{"coordinates":[3.8684671,43.6138841],"type":"Point"},"id":"MMM_EcoCompt_X2H20063162_202008310000","type":"TrafficFlowObserved","vehicleType":"bicycle","reversedLane":false}
{"intensity":1463,"laneId":23231541,"dateObserved":"2020-09-01T00:00:00/2020-09-02T00:00:00","location":{"coordinates":[3.8684671,43.6138841],"type":"Point"},"id":"MMM_EcoCompt_X2H20063162_202009010000","type":"TrafficFlowObserved","vehicleType":"bicycle","reversedLane":false}
{"intensity":1355,"laneId":23231541,"dateObserved":"2020-09-02T00:00:00/2020-09-03T00:00:00","location":{"coordinates":[3.8684671,43.6138841],"type":"Point"},"id":"MMM_EcoCompt_X2H20063162_202009020000","type":"TrafficFlowObserved","vehicleType":"bicycle","reversedLane":false}
{"intensity":1447,"laneId":23231541,"dateObserved":"2020-09-03T00:00:00/2020-09-04T00:00:00","location":{"coordinates":[3.8684671,43.6138841],"type":"Point"},"id":"MMM_EcoCompt_X2H20063162_202009030000","type":"TrafficFlowObserved","vehicleType":"bicycle","reversedLane":false}
{"intensity":1374,"laneId":23231541,"dateObserved":"2020-09-04T00:00:00/2020-09-05T00:00:00","location":{"coordinates":[3.8684671,43.6138841],"type":"Point"},"id":"MMM_EcoCompt_X2H20063162_202009040000","type":"TrafficFlowObserved","vehicleType":"bicycle","reversedLane":false}
{"intensity":826,"laneId":23231541,"dateObserved":"2020-09-05T00:00:00/2020-09-06T00:00:00","location":{"coordinates":[3.8684671,43.6138841],"type":"Point"},"id":"MMM_EcoCompt_X2H20063162_202009050000","type":"TrafficFlowObserved","vehicleType":"bicycle","reversedLane":false}
{"intensity":473,"laneId":23231541,"dateObserved":"2020-09-06T00:00:00/2020-09-07T00:00:00","location":{"coordinates":[3.8684671,43.6138841],"type":"Point"},"id":"MMM_EcoCompt_X2H20063162_202009060000","type":"TrafficFlowObserved","vehicleType":"bicycle","reversedLane":false}
{"intensity":1519,"laneId":23231541,"dateObserved":"2020-09-07T00:00:00/2020-09-08T00:00:00","location":{"coordinates":[3.8684671,43.6138841],"type":"Point"},"id":"MMM_EcoCompt_X2H20063162_202009070000","type":"TrafficFlowObserved","vehicleType":"bicycle","reversedLane":false}
{"intensity":1667,"laneId":23231541,"dateObserved":"2020-09-08T00:00:00/2020-09-09T00:00:00","location":{"coordinates":[3.8684671,43.6138841],"type":"Point"},"id":"MMM_EcoCompt_X2H20063162_202009080000","type":"TrafficFlowObserved","vehicleType":"bicycle","reversedLane":false}
{"intensity":1326,"laneId":23231541,"dateObserved":"2020-09-09T00:00:00/2020-09-10T00:00:00","location":{"coordinates":[3.8684671,43.6138841],"type":"Point"},"id":"MMM_EcoCompt_X2H20063162_202009090000","type":"TrafficFlowObserved","vehicleType":"bicycle","reversedLane":false}
{"intensity":1490,"laneId":23231541,"dateObserved":"2020-09-10T00:00:00/2020-09-11T00:00:00","location":{"coordinates":[3.8684671,43.6138841],"type":"Point"},"id":"MMM_EcoCompt_X2H20063162_202009100000","type":"TrafficFlowObserved","vehicleType":"bicycle","reversedLane":false}
{"intensity":1508,"laneId":23231541,"dateObserved":"2020-09-11T00:00:00/2020-09-12T00:00:00","location":{"coordinates":[3.8684671,43.6138841],"type":"Point"},"id":"MMM_EcoCompt_X2H20063162_202009110000","type":"TrafficFlowObserved","vehicleType":"bicycle","reversedLane":false}
{"intensity":887,"laneId":23231541,"dateObserved":"2020-09-12T00:00:00/2020-09-13T00:00:00","location":{"coordinates":[3.8684671,43.6138841],"type":"Point"},"id":"MMM_EcoCompt_X2H20063162_202009120000","type":"TrafficFlowObserved","vehicleType":"bicycle","reversedLane":false}
{"intensity":538,"laneId":23231541,"dateObserved":"2020-09-13T00:00:00/2020-09-14T00:00:00","location":{"coordinates":[3.8684671,43.6138841],"type":"Point"},"id":"MMM_EcoCompt_X2H20063162_202009130000","type":"TrafficFlowObserved","vehicleType":"bicycle","reversedLane":false}
{"intensity":1605,"laneId":23231541,"dateObserved":"2020-09-14T00:00:00/2020-09-15T00:00:00","location":{"coordinates":[3.8684671,43.6138841],"type":"Point"},"id":"MMM_EcoCompt_X2H20063162_202009140000","type":"TrafficFlowObserved","vehicleType":"bicycle","reversedLane":false}
{"intensity":1884,"laneId":23231541,"dateObserved":"2020-09-15T00:00:00/2020-09-16T00:00:00","location":{"coordinates":[3.8684671,43.6138841],"type":"Point"},"id":"MMM_EcoCompt_X2H20063162_202009150000","type":"TrafficFlowObserved","vehicleType":"bicycle","reversedLane":false}
{"intensity":1657,"laneId":23231541,"dateObserved":"2020-09-16T00:00:00/2020-09-17T00:00:00","location":{"coordinates":[3.8684671,43.6138841],"type":"Point"},"id":"MMM_EcoCompt_X2H20063162_202009160000","type":"TrafficFlowObserved","vehicleType":"bicycle","reversedLane":false}
{"intensity":1807,"laneId":23231541,"dateObserved":"2020-09-17T00:00:00/2020-09-18T00:00:00","location":{"coordinates":[3.8684671,43.6138841],"type":"Point"},"id":"MMM_EcoCompt_X2H20063162_202009170000","type":"TrafficFlowObserved","vehicleType":"bicycle","reversedLane":false}
{"intensity":1585,"laneId":23231541,"dateObserved":"2020-09-18T00:00:00/2020-09-19T00:00:00","location":{"coordinates":[3.8684671,43.6138841],"type":"Point"},"id":"MMM_EcoCompt_X2H20063162_202009180000","type":"TrafficFlowObserved","vehicleType":"bicycle","reversedLane":false}
{"intensity":659,"laneId":23231541,"dateObserved":"2020-09-19T00:00:00/2020-09-20T00:00:00","location":{"coordinates":[3.8684671,43.6138841],"type":"Point"},"id":"MMM_EcoCompt_X2H20063162_202009190000","type":"TrafficFlowObserved","vehicleType":"bicycle","reversedLane":false}
{"intensity":557,"laneId":23231541,"dateObserved":"2020-09-20T00:00:00/2020-09-21T00:00:00","location":{"coordinates":[3.8684671,43.6138841],"type":"Point"},"id":"MMM_EcoCompt_X2H20063162_202009200000","type":"TrafficFlowObserved","vehicleType":"bicycle","reversedLane":false}
{"intensity":1680,"laneId":23231541,"dateObserved":"2020-09-21T00:00:00/2020-09-22T00:00:00","location":{"coordinates":[3.8684671,43.6138841],"type":"Point"},"id":"MMM_EcoCompt_X2H20063162_202009210000","type":"TrafficFlowObserved","vehicleType":"bicycle","reversedLane":false}
{"intensity":1619,"laneId":23231541,"dateObserved":"2020-09-22T00:00:00/2020-09-23T00:00:00","location":{"coordinates":[3.8684671,43.6138841],"type":"Point"},"id":"MMM_EcoCompt_X2H20063162_202009220000","type":"TrafficFlowObserved","vehicleType":"bicycle","reversedLane":false}
{"intensity":1717,"laneId":23231541,"dateObserved":"2020-09-23T00:00:00/2020-09-24T00:00:00","location":{"coordinates":[3.8684671,43.6138841],"type":"Point"},"id":"MMM_EcoCompt_X2H20063162_202009230000","type":"TrafficFlowObserved","vehicleType":"bicycle","reversedLane":false}
{"intensity":1646,"laneId":23231541,"dateObserved":"2020-09-24T00:00:00/2020-09-25T00:00:00","location":{"coordinates":[3.8684671,43.6138841],"type":"Point"},"id":"MMM_EcoCompt_X2H20063162_202009240000","type":"TrafficFlowObserved","vehicleType":"bicycle","reversedLane":false}
{"intensity":1478,"laneId":23231541,"dateObserved":"2020-09-25T00:00:00/2020-09-26T00:00:00","location":{"coordinates":[3.8684671,43.6138841],"type":"Point"},"id":"MMM_EcoCompt_X2H20063162_202009250000","type":"TrafficFlowObserved","vehicleType":"bicycle","reversedLane":false}
{"intensity":771,"laneId":23231541,"dateObserved":"2020-09-26T00:00:00/2020-09-27T00:00:00","location":{"coordinates":[3.8684671,43.6138841],"type":"Point"},"id":"MMM_EcoCompt_X2H20063162_202009260000","type":"TrafficFlowObserved","vehicleType":"bicycle","reversedLane":false}
{"intensity":424,"laneId":23231541,"dateObserved":"2020-09-27T00:00:00/2020-09-28T00:00:00","location":{"coordinates":[3.8684671,43.6138841],"type":"Point"},"id":"MMM_EcoCompt_X2H20063162_202009270000","type":"TrafficFlowObserved","vehicleType":"bicycle","reversedLane":false}
{"intensity":1441,"laneId":23231541,"dateObserved":"2020-09-28T00:00:00/2020-09-29T00:00:00","location":{"coordinates":[3.8684671,43.6138841],"type":"Point"},"id":"MMM_EcoCompt_X2H20063162_202009280000","type":"TrafficFlowObserved","vehicleType":"bicycle","reversedLane":false}
{"intensity":1789,"laneId":23231541,"dateObserved":"2020-09-29T00:00:00/2020-09-30T00:00:00","location":{"coordinates":[3.8684671,43.6138841],"type":"Point"},"id":"MMM_EcoCompt_X2H20063162_202009290000","type":"TrafficFlowObserved","vehicleType":"bicycle","reversedLane":false}
{"intensity":1711,"laneId":23231541,"dateObserved":"2020-09-30T00:00:00/2020-10-01T00:00:00","location":{"coordinates":[3.8684671,43.6138841],"type":"Point"},"id":"MMM_EcoCompt_X2H20063162_202009300000","type":"TrafficFlowObserved","vehicleType":"bicycle","reversedLane":false}
{"intensity":1679,"laneId":23231541,"dateObserved":"2020-10-01T00:00:00/2020-10-02T00:00:00","location":{"coordinates":[3.8684671,43.6138841],"type":"Point"},"id":"MMM_EcoCompt_X2H20063162_202010010000","type":"TrafficFlowObserved","vehicleType":"bicycle","reversedLane":false}
{"intensity":1173,"laneId":23231541,"dateObserved":"2020-10-02T00:00:00/2020-10-03T00:00:00","location":{"coordinates":[3.8684671,43.6138841],"type":"Point"},"id":"MMM_EcoCompt_X2H20063162_202010020000","type":"TrafficFlowObserved","vehicleType":"bicycle","reversedLane":false}
{"intensity":779,"laneId":23231541,"dateObserved":"2020-10-03T00:00:00/2020-10-04T00:00:00","location":{"coordinates":[3.8684671,43.6138841],"type":"Point"},"id":"MMM_EcoCompt_X2H20063162_202010030000","type":"TrafficFlowObserved","vehicleType":"bicycle","reversedLane":false}
{"intensity":491,"laneId":23231541,"dateObserved":"2020-10-04T00:00:00/2020-10-05T00:00:00","location":{"coordinates":[3.8684671,43.6138841],"type":"Point"},"id":"MMM_EcoCompt_X2H20063162_202010040000","type":"TrafficFlowObserved","vehicleType":"bicycle","reversedLane":false}
{"intensity":1687,"laneId":23231541,"dateObserved":"2020-10-05T00:00:00/2020-10-06T00:00:00","location":{"coordinates":[3.8684671,43.6138841],"type":"Point"},"id":"MMM_EcoCompt_X2H20063162_202010050000","type":"TrafficFlowObserved","vehicleType":"bicycle","reversedLane":false}
{"intensity":1714,"laneId":23231541,"dateObserved":"2020-10-06T00:00:00/2020-10-07T00:00:00","location":{"coordinates":[3.8684671,43.6138841],"type":"Point"},"id":"MMM_EcoCompt_X2H20063162_202010060000","type":"TrafficFlowObserved","vehicleType":"bicycle","reversedLane":false}
{"intensity":1694,"laneId":23231541,"dateObserved":"2020-10-07T00:00:00/2020-10-08T00:00:00","location":{"coordinates":[3.8684671,43.6138841],"type":"Point"},"id":"MMM_EcoCompt_X2H20063162_202010070000","type":"TrafficFlowObserved","vehicleType":"bicycle","reversedLane":false}
{"intensity":1672,"laneId":23231541,"dateObserved":"2020-10-08T00:00:00/2020-10-09T00:00:00","location":{"coordinates":[3.8684671,43.6138841],"type":"Point"},"id":"MMM_EcoCompt_X2H20063162_202010080000","type":"TrafficFlowObserved","vehicleType":"bicycle","reversedLane":false}
{"intensity":1659,"laneId":23231541,"dateObserved":"2020-10-09T00:00:00/2020-10-10T00:00:00","location":{"coordinates":[3.8684671,43.6138841],"type":"Point"},"id":"MMM_EcoCompt_X2H20063162_202010090000","type":"TrafficFlowObserved","vehicleType":"bicycle","reversedLane":false}
{"intensity":780,"laneId":23231541,"dateObserved":"2020-10-10T00:00:00/2020-10-11T00:00:00","location":{"coordinates":[3.8684671,43.6138841],"type":"Point"},"id":"MMM_EcoCompt_X2H20063162_202010100000","type":"TrafficFlowObserved","vehicleType":"bicycle","reversedLane":false}
{"intensity":435,"laneId":23231541,"dateObserved":"2020-10-11T00:00:00/2020-10-12T00:00:00","location":{"coordinates":[3.8684671,43.6138841],"type":"Point"},"id":"MMM_EcoCompt_X2H20063162_202010110000","type":"TrafficFlowObserved","vehicleType":"bicycle","reversedLane":false}
{"intensity":1613,"laneId":23231541,"dateObserved":"2020-10-12T00:00:00/2020-10-13T00:00:00","location":{"coordinates":[3.8684671,43.6138841],"type":"Point"},"id":"MMM_EcoCompt_X2H20063162_202010120000","type":"TrafficFlowObserved","vehicleType":"bicycle","reversedLane":false}
{"intensity":1714,"laneId":23231541,"dateObserved":"2020-10-13T00:00:00/2020-10-14T00:00:00","location":{"coordinates":[3.8684671,43.6138841],"type":"Point"},"id":"MMM_EcoCompt_X2H20063162_202010130000","type":"TrafficFlowObserved","vehicleType":"bicycle","reversedLane":false}
{"intensity":1603,"laneId":23231541,"dateObserved":"2020-10-14T00:00:00/2020-10-15T00:00:00","location":{"coordinates":[3.8684671,43.6138841],"type":"Point"},"id":"MMM_EcoCompt_X2H20063162_202010140000","type":"TrafficFlowObserved","vehicleType":"bicycle","reversedLane":false}
{"intensity":1656,"laneId":23231541,"dateObserved":"2020-10-15T00:00:00/2020-10-16T00:00:00","location":{"coordinates":[3.8684671,43.6138841],"type":"Point"},"id":"MMM_EcoCompt_X2H20063162_202010150000","type":"TrafficFlowObserved","vehicleType":"bicycle","reversedLane":false}
{"intensity":1542,"laneId":23231541,"dateObserved":"2020-10-16T00:00:00/2020-10-17T00:00:00","location":{"coordinates":[3.8684671,43.6138841],"type":"Point"},"id":"MMM_EcoCompt_X2H20063162_202010160000","type":"TrafficFlowObserved","vehicleType":"bicycle","reversedLane":false}
{"intensity":765,"laneId":23231541,"dateObserved":"2020-10-17T00:00:00/2020-10-18T00:00:00","location":{"coordinates":[3.8684671,43.6138841],"type":"Point"},"id":"MMM_EcoCompt_X2H20063162_202010170000","type":"TrafficFlowObserved","vehicleType":"bicycle","reversedLane":false}
{"intensity":437,"laneId":23231541,"dateObserved":"2020-10-18T00:00:00/2020-10-19T00:00:00","location":{"coordinates":[3.8684671,43.6138841],"type":"Point"},"id":"MMM_EcoCompt_X2H20063162_202010180000","type":"TrafficFlowObserved","vehicleType":"bicycle","reversedLane":false}
{"intensity":1282,"laneId":23231541,"dateObserved":"2020-10-19T00:00:00/2020-10-20T00:00:00","location":{"coordinates":[3.8684671,43.6138841],"type":"Point"},"id":"MMM_EcoCompt_X2H20063162_202010190000","type":"TrafficFlowObserved","vehicleType":"bicycle","reversedLane":false}
{"intensity":1201,"laneId":23231541,"dateObserved":"2020-10-20T00:00:00/2020-10-21T00:00:00","location":{"coordinates":[3.8684671,43.6138841],"type":"Point"},"id":"MMM_EcoCompt_X2H20063162_202010200000","type":"TrafficFlowObserved","vehicleType":"bicycle","reversedLane":false}
{"intensity":1080,"laneId":23231541,"dateObserved":"2020-10-21T00:00:00/2020-10-22T00:00:00","location":{"coordinates":[3.8684671,43.6138841],"type":"Point"},"id":"MMM_EcoCompt_X2H20063162_202010210000","type":"TrafficFlowObserved","vehicleType":"bicycle","reversedLane":false}
{"intensity":881,"laneId":23231541,"dateObserved":"2020-10-22T00:00:00/2020-10-23T00:00:00","location":{"coordinates":[3.8684671,43.6138841],"type":"Point"},"id":"MMM_EcoCompt_X2H20063162_202010220000","type":"TrafficFlowObserved","vehicleType":"bicycle","reversedLane":false}
{"intensity":1010,"laneId":23231541,"dateObserved":"2020-10-23T00:00:00/2020-10-24T00:00:00","location":{"coordinates":[3.8684671,43.6138841],"type":"Point"},"id":"MMM_EcoCompt_X2H20063162_202010230000","type":"TrafficFlowObserved","vehicleType":"bicycle","reversedLane":false}
{"intensity":689,"laneId":23231541,"dateObserved":"2020-10-24T00:00:00/2020-10-25T00:00:00","location":{"coordinates":[3.8684671,43.6138841],"type":"Point"},"id":"MMM_EcoCompt_X2H20063162_202010240000","type":"TrafficFlowObserved","vehicleType":"bicycle","reversedLane":false}
{"intensity":439,"laneId":23231541,"dateObserved":"2020-10-25T00:00:00/2020-10-25T00:00:00","location":{"coordinates":[3.8684671,43.6138841],"type":"Point"},"id":"MMM_EcoCompt_X2H20063162_202010250000","type":"TrafficFlowObserved","vehicleType":"bicycle","reversedLane":false}
{"intensity":890,"laneId":23231541,"dateObserved":"2020-10-26T00:00:00/2020-10-27T00:00:00","location":{"coordinates":[3.8684671,43.6138841],"type":"Point"},"id":"MMM_EcoCompt_X2H20063162_202010260000","type":"TrafficFlowObserved","vehicleType":"bicycle","reversedLane":false}
{"intensity":1088,"laneId":23231541,"dateObserved":"2020-10-27T00:00:00/2020-10-28T00:00:00","location":{"coordinates":[3.8684671,43.6138841],"type":"Point"},"id":"MMM_EcoCompt_X2H20063162_202010270000","type":"TrafficFlowObserved","vehicleType":"bicycle","reversedLane":false}
{"intensity":1013,"laneId":23231541,"dateObserved":"2020-10-28T00:00:00/2020-10-29T00:00:00","location":{"coordinates":[3.8684671,43.6138841],"type":"Point"},"id":"MMM_EcoCompt_X2H20063162_202010280000","type":"TrafficFlowObserved","vehicleType":"bicycle","reversedLane":false}
{"intensity":1043,"laneId":23231541,"dateObserved":"2020-10-29T00:00:00/2020-10-30T00:00:00","location":{"coordinates":[3.8684671,43.6138841],"type":"Point"},"id":"MMM_EcoCompt_X2H20063162_202010290000","type":"TrafficFlowObserved","vehicleType":"bicycle","reversedLane":false}
{"intensity":709,"laneId":23231541,"dateObserved":"2020-10-30T00:00:00/2020-10-31T00:00:00","location":{"coordinates":[3.8684671,43.6138841],"type":"Point"},"id":"MMM_EcoCompt_X2H20063162_202010300000","type":"TrafficFlowObserved","vehicleType":"bicycle","reversedLane":false}
{"intensity":534,"laneId":23231541,"dateObserved":"2020-10-31T00:00:00/2020-11-01T00:00:00","location":{"coordinates":[3.8684671,43.6138841],"type":"Point"},"id":"MMM_EcoCompt_X2H20063162_202010310000","type":"TrafficFlowObserved","vehicleType":"bicycle","reversedLane":false}
{"intensity":391,"laneId":23231541,"dateObserved":"2020-11-01T00:00:00/2020-11-02T00:00:00","location":{"coordinates":[3.8684671,43.6138841],"type":"Point"},"id":"MMM_EcoCompt_X2H20063162_202011010000","type":"TrafficFlowObserved","vehicleType":"bicycle","reversedLane":false}
{"intensity":1060,"laneId":23231541,"dateObserved":"2020-11-02T00:00:00/2020-11-03T00:00:00","location":{"coordinates":[3.8684671,43.6138841],"type":"Point"},"id":"MMM_EcoCompt_X2H20063162_202011020000","type":"TrafficFlowObserved","vehicleType":"bicycle","reversedLane":false}
{"intensity":1166,"laneId":23231541,"dateObserved":"2020-11-03T00:00:00/2020-11-04T00:00:00","location":{"coordinates":[3.8684671,43.6138841],"type":"Point"},"id":"MMM_EcoCompt_X2H20063162_202011030000","type":"TrafficFlowObserved","vehicleType":"bicycle","reversedLane":false}
{"intensity":949,"laneId":23231541,"dateObserved":"2020-11-04T00:00:00/2020-11-05T00:00:00","location":{"coordinates":[3.8684671,43.6138841],"type":"Point"},"id":"MMM_EcoCompt_X2H20063162_202011040000","type":"TrafficFlowObserved","vehicleType":"bicycle","reversedLane":false}
{"intensity":1126,"laneId":23231541,"dateObserved":"2020-11-05T00:00:00/2020-11-06T00:00:00","location":{"coordinates":[3.8684671,43.6138841],"type":"Point"},"id":"MMM_EcoCompt_X2H20063162_202011050000","type":"TrafficFlowObserved","vehicleType":"bicycle","reversedLane":false}
{"intensity":1109,"laneId":23231541,"dateObserved":"2020-11-06T00:00:00/2020-11-07T00:00:00","location":{"coordinates":[3.8684671,43.6138841],"type":"Point"},"id":"MMM_EcoCompt_X2H20063162_202011060000","type":"TrafficFlowObserved","vehicleType":"bicycle","reversedLane":false}
{"intensity":646,"laneId":23231541,"dateObserved":"2020-11-07T00:00:00/2020-11-08T00:00:00","location":{"coordinates":[3.8684671,43.6138841],"type":"Point"},"id":"MMM_EcoCompt_X2H20063162_202011070000","type":"TrafficFlowObserved","vehicleType":"bicycle","reversedLane":false}
{"intensity":401,"laneId":23231541,"dateObserved":"2020-11-08T00:00:00/2020-11-09T00:00:00","location":{"coordinates":[3.8684671,43.6138841],"type":"Point"},"id":"MMM_EcoCompt_X2H20063162_202011080000","type":"TrafficFlowObserved","vehicleType":"bicycle","reversedLane":false}
{"intensity":1033,"laneId":23231541,"dateObserved":"2020-11-09T00:00:00/2020-11-10T00:00:00","location":{"coordinates":[3.8684671,43.6138841],"type":"Point"},"id":"MMM_EcoCompt_X2H20063162_202011090000","type":"TrafficFlowObserved","vehicleType":"bicycle","reversedLane":false}
{"intensity":1215,"laneId":23231541,"dateObserved":"2020-11-10T00:00:00/2020-11-11T00:00:00","location":{"coordinates":[3.8684671,43.6138841],"type":"Point"},"id":"MMM_EcoCompt_X2H20063162_202011100000","type":"TrafficFlowObserved","vehicleType":"bicycle","reversedLane":false}
{"intensity":574,"laneId":23231541,"dateObserved":"2020-11-11T00:00:00/2020-11-12T00:00:00","location":{"coordinates":[3.8684671,43.6138841],"type":"Point"},"id":"MMM_EcoCompt_X2H20063162_202011110000","type":"TrafficFlowObserved","vehicleType":"bicycle","reversedLane":false}
{"intensity":1132,"laneId":23231541,"dateObserved":"2020-11-12T00:00:00/2020-11-13T00:00:00","location":{"coordinates":[3.8684671,43.6138841],"type":"Point"},"id":"MMM_EcoCompt_X2H20063162_202011120000","type":"TrafficFlowObserved","vehicleType":"bicycle","reversedLane":false}
{"intensity":1070,"laneId":23231541,"dateObserved":"2020-11-13T00:00:00/2020-11-14T00:00:00","location":{"coordinates":[3.8684671,43.6138841],"type":"Point"},"id":"MMM_EcoCompt_X2H20063162_202011130000","type":"TrafficFlowObserved","vehicleType":"bicycle","reversedLane":false}
{"intensity":671,"laneId":23231541,"dateObserved":"2020-11-14T00:00:00/2020-11-15T00:00:00","location":{"coordinates":[3.8684671,43.6138841],"type":"Point"},"id":"MMM_EcoCompt_X2H20063162_202011140000","type":"TrafficFlowObserved","vehicleType":"bicycle","reversedLane":false}
{"intensity":283,"laneId":23231541,"dateObserved":"2020-11-15T00:00:00/2020-11-16T00:00:00","location":{"coordinates":[3.8684671,43.6138841],"type":"Point"},"id":"MMM_EcoCompt_X2H20063162_202011150000","type":"TrafficFlowObserved","vehicleType":"bicycle","reversedLane":false}
{"intensity":1167,"laneId":23231541,"dateObserved":"2020-11-16T00:00:00/2020-11-17T00:00:00","location":{"coordinates":[3.8684671,43.6138841],"type":"Point"},"id":"MMM_EcoCompt_X2H20063162_202011160000","type":"TrafficFlowObserved","vehicleType":"bicycle","reversedLane":false}
{"intensity":1256,"laneId":23231541,"dateObserved":"2020-11-17T00:00:00/2020-11-18T00:00:00","location":{"coordinates":[3.8684671,43.6138841],"type":"Point"},"id":"MMM_EcoCompt_X2H20063162_202011170000","type":"TrafficFlowObserved","vehicleType":"bicycle","reversedLane":false}
{"intensity":1093,"laneId":23231541,"dateObserved":"2020-11-18T00:00:00/2020-11-19T00:00:00","location":{"coordinates":[3.8684671,43.6138841],"type":"Point"},"id":"MMM_EcoCompt_X2H20063162_202011180000","type":"TrafficFlowObserved","vehicleType":"bicycle","reversedLane":false}
{"intensity":1112,"laneId":23231541,"dateObserved":"2020-11-19T00:00:00/2020-11-20T00:00:00","location":{"coordinates":[3.8684671,43.6138841],"type":"Point"},"id":"MMM_EcoCompt_X2H20063162_202011190000","type":"TrafficFlowObserved","vehicleType":"bicycle","reversedLane":false}
{"intensity":1146,"laneId":23231541,"dateObserved":"2020-11-20T00:00:00/2020-11-21T00:00:00","location":{"coordinates":[3.8684671,43.6138841],"type":"Point"},"id":"MMM_EcoCompt_X2H20063162_202011200000","type":"TrafficFlowObserved","vehicleType":"bicycle","reversedLane":false}
{"intensity":812,"laneId":23231541,"dateObserved":"2020-11-21T00:00:00/2020-11-22T00:00:00","location":{"coordinates":[3.8684671,43.6138841],"type":"Point"},"id":"MMM_EcoCompt_X2H20063162_202011210000","type":"TrafficFlowObserved","vehicleType":"bicycle","reversedLane":false}
{"intensity":481,"laneId":23231541,"dateObserved":"2020-11-22T00:00:00/2020-11-23T00:00:00","location":{"coordinates":[3.8684671,43.6138841],"type":"Point"},"id":"MMM_EcoCompt_X2H20063162_202011220000","type":"TrafficFlowObserved","vehicleType":"bicycle","reversedLane":false}
{"intensity":1114,"laneId":23231541,"dateObserved":"2020-11-23T00:00:00/2020-11-24T00:00:00","location":{"coordinates":[3.8684671,43.6138841],"type":"Point"},"id":"MMM_EcoCompt_X2H20063162_202011230000","type":"TrafficFlowObserved","vehicleType":"bicycle","reversedLane":false}
{"intensity":1254,"laneId":23231541,"dateObserved":"2020-11-24T00:00:00/2020-11-25T00:00:00","location":{"coordinates":[3.8684671,43.6138841],"type":"Point"},"id":"MMM_EcoCompt_X2H20063162_202011240000","type":"TrafficFlowObserved","vehicleType":"bicycle","reversedLane":false}
{"intensity":879,"laneId":23231541,"dateObserved":"2020-11-25T00:00:00/2020-11-26T00:00:00","location":{"coordinates":[3.8684671,43.6138841],"type":"Point"},"id":"MMM_EcoCompt_X2H20063162_202011250000","type":"TrafficFlowObserved","vehicleType":"bicycle","reversedLane":false}
{"intensity":991,"laneId":23231541,"dateObserved":"2020-11-26T00:00:00/2020-11-27T00:00:00","location":{"coordinates":[3.8684671,43.6138841],"type":"Point"},"id":"MMM_EcoCompt_X2H20063162_202011260000","type":"TrafficFlowObserved","vehicleType":"bicycle","reversedLane":false}
{"intensity":1009,"laneId":23231541,"dateObserved":"2020-11-27T00:00:00/2020-11-28T00:00:00","location":{"coordinates":[3.8684671,43.6138841],"type":"Point"},"id":"MMM_EcoCompt_X2H20063162_202011270000","type":"TrafficFlowObserved","vehicleType":"bicycle","reversedLane":false}
{"intensity":743,"laneId":23231541,"dateObserved":"2020-11-28T00:00:00/2020-11-29T00:00:00","location":{"coordinates":[3.8684671,43.6138841],"type":"Point"},"id":"MMM_EcoCompt_X2H20063162_202011280000","type":"TrafficFlowObserved","vehicleType":"bicycle","reversedLane":false}
{"intensity":493,"laneId":23231541,"dateObserved":"2020-11-29T00:00:00/2020-11-30T00:00:00","location":{"coordinates":[3.8684671,43.6138841],"type":"Point"},"id":"MMM_EcoCompt_X2H20063162_202011290000","type":"TrafficFlowObserved","vehicleType":"bicycle","reversedLane":false}
{"intensity":1147,"laneId":23231541,"dateObserved":"2020-11-30T00:00:00/2020-12-01T00:00:00","location":{"coordinates":[3.8684671,43.6138841],"type":"Point"},"id":"MMM_EcoCompt_X2H20063162_202011300000","type":"TrafficFlowObserved","vehicleType":"bicycle","reversedLane":false}
{"intensity":1089,"laneId":23231541,"dateObserved":"2020-12-01T00:00:00/2020-12-02T00:00:00","location":{"coordinates":[3.8684671,43.6138841],"type":"Point"},"id":"MMM_EcoCompt_X2H20063162_202012010000","type":"TrafficFlowObserved","vehicleType":"bicycle","reversedLane":false}
{"intensity":1209,"laneId":23231541,"dateObserved":"2020-12-03T00:00:00/2020-12-04T00:00:00","location":{"coordinates":[3.8684671,43.6138841],"type":"Point"},"id":"MMM_EcoCompt_X2H20063162_202012030000","type":"TrafficFlowObserved","vehicleType":"bicycle","reversedLane":false}
{"intensity":999,"laneId":23231541,"dateObserved":"2020-12-04T00:00:00/2020-12-05T00:00:00","location":{"coordinates":[3.8684671,43.6138841],"type":"Point"},"id":"MMM_EcoCompt_X2H20063162_202012040000","type":"TrafficFlowObserved","vehicleType":"bicycle","reversedLane":false}
{"intensity":790,"laneId":23231541,"dateObserved":"2020-12-05T00:00:00/2020-12-06T00:00:00","location":{"coordinates":[3.8684671,43.6138841],"type":"Point"},"id":"MMM_EcoCompt_X2H20063162_202012050000","type":"TrafficFlowObserved","vehicleType":"bicycle","reversedLane":false}
{"intensity":431,"laneId":23231541,"dateObserved":"2020-12-06T00:00:00/2020-12-07T00:00:00","location":{"coordinates":[3.8684671,43.6138841],"type":"Point"},"id":"MMM_EcoCompt_X2H20063162_202012060000","type":"TrafficFlowObserved","vehicleType":"bicycle","reversedLane":false}
{"intensity":1016,"laneId":23231541,"dateObserved":"2020-12-07T00:00:00/2020-12-08T00:00:00","location":{"coordinates":[3.8684671,43.6138841],"type":"Point"},"id":"MMM_EcoCompt_X2H20063162_202012070000","type":"TrafficFlowObserved","vehicleType":"bicycle","reversedLane":false}
{"intensity":1092,"laneId":23231541,"dateObserved":"2020-12-08T00:00:00/2020-12-09T00:00:00","location":{"coordinates":[3.8684671,43.6138841],"type":"Point"},"id":"MMM_EcoCompt_X2H20063162_202012080000","type":"TrafficFlowObserved","vehicleType":"bicycle","reversedLane":false}
{"intensity":1072,"laneId":23231541,"dateObserved":"2020-12-09T00:00:00/2020-12-10T00:00:00","location":{"coordinates":[3.8684671,43.6138841],"type":"Point"},"id":"MMM_EcoCompt_X2H20063162_202012090000","type":"TrafficFlowObserved","vehicleType":"bicycle","reversedLane":false}
{"intensity":822,"laneId":23231541,"dateObserved":"2020-12-10T00:00:00/2020-12-11T00:00:00","location":{"coordinates":[3.8684671,43.6138841],"type":"Point"},"id":"MMM_EcoCompt_X2H20063162_202012100000","type":"TrafficFlowObserved","vehicleType":"bicycle","reversedLane":false}
{"intensity":679,"laneId":23231541,"dateObserved":"2020-12-11T00:00:00/2020-12-12T00:00:00","location":{"coordinates":[3.8684671,43.6138841],"type":"Point"},"id":"MMM_EcoCompt_X2H20063162_202012110000","type":"TrafficFlowObserved","vehicleType":"bicycle","reversedLane":false}
{"intensity":712,"laneId":23231541,"dateObserved":"2020-12-12T00:00:00/2020-12-13T00:00:00","location":{"coordinates":[3.8684671,43.6138841],"type":"Point"},"id":"MMM_EcoCompt_X2H20063162_202012120000","type":"TrafficFlowObserved","vehicleType":"bicycle","reversedLane":false}
{"intensity":446,"laneId":23231541,"dateObserved":"2020-12-13T00:00:00/2020-12-14T00:00:00","location":{"coordinates":[3.8684671,43.6138841],"type":"Point"},"id":"MMM_EcoCompt_X2H20063162_202012130000","type":"TrafficFlowObserved","vehicleType":"bicycle","reversedLane":false}
{"intensity":982,"laneId":23231541,"dateObserved":"2020-12-14T00:00:00/2020-12-15T00:00:00","location":{"coordinates":[3.8684671,43.6138841],"type":"Point"},"id":"MMM_EcoCompt_X2H20063162_202012140000","type":"TrafficFlowObserved","vehicleType":"bicycle","reversedLane":false}
{"intensity":879,"laneId":23231541,"dateObserved":"2020-12-15T00:00:00/2020-12-16T00:00:00","location":{"coordinates":[3.8684671,43.6138841],"type":"Point"},"id":"MMM_EcoCompt_X2H20063162_202012150000","type":"TrafficFlowObserved","vehicleType":"bicycle","reversedLane":false}
{"intensity":940,"laneId":23231541,"dateObserved":"2020-12-16T00:00:00/2020-12-17T00:00:00","location":{"coordinates":[3.8684671,43.6138841],"type":"Point"},"id":"MMM_EcoCompt_X2H20063162_202012160000","type":"TrafficFlowObserved","vehicleType":"bicycle","reversedLane":false}
{"intensity":822,"laneId":23231541,"dateObserved":"2020-12-17T00:00:00/2020-12-18T00:00:00","location":{"coordinates":[3.8684671,43.6138841],"type":"Point"},"id":"MMM_EcoCompt_X2H20063162_202012170000","type":"TrafficFlowObserved","vehicleType":"bicycle","reversedLane":false}
{"intensity":857,"laneId":23231541,"dateObserved":"2020-12-18T00:00:00/2020-12-19T00:00:00","location":{"coordinates":[3.8684671,43.6138841],"type":"Point"},"id":"MMM_EcoCompt_X2H20063162_202012180000","type":"TrafficFlowObserved","vehicleType":"bicycle","reversedLane":false}
{"intensity":622,"laneId":23231541,"dateObserved":"2020-12-19T00:00:00/2020-12-20T00:00:00","location":{"coordinates":[3.8684671,43.6138841],"type":"Point"},"id":"MMM_EcoCompt_X2H20063162_202012190000","type":"TrafficFlowObserved","vehicleType":"bicycle","reversedLane":false}
{"intensity":319,"laneId":23231541,"dateObserved":"2020-12-20T00:00:00/2020-12-21T00:00:00","location":{"coordinates":[3.8684671,43.6138841],"type":"Point"},"id":"MMM_EcoCompt_X2H20063162_202012200000","type":"TrafficFlowObserved","vehicleType":"bicycle","reversedLane":false}
{"intensity":679,"laneId":23231541,"dateObserved":"2020-12-21T00:00:00/2020-12-22T00:00:00","location":{"coordinates":[3.8684671,43.6138841],"type":"Point"},"id":"MMM_EcoCompt_X2H20063162_202012210000","type":"TrafficFlowObserved","vehicleType":"bicycle","reversedLane":false}
{"intensity":703,"laneId":23231541,"dateObserved":"2020-12-22T00:00:00/2020-12-23T00:00:00","location":{"coordinates":[3.8684671,43.6138841],"type":"Point"},"id":"MMM_EcoCompt_X2H20063162_202012220000","type":"TrafficFlowObserved","vehicleType":"bicycle","reversedLane":false}
{"intensity":571,"laneId":23231541,"dateObserved":"2020-12-23T00:00:00/2020-12-24T00:00:00","location":{"coordinates":[3.8684671,43.6138841],"type":"Point"},"id":"MMM_EcoCompt_X2H20063162_202012230000","type":"TrafficFlowObserved","vehicleType":"bicycle","reversedLane":false}
{"intensity":396,"laneId":23231541,"dateObserved":"2020-12-24T00:00:00/2020-12-25T00:00:00","location":{"coordinates":[3.8684671,43.6138841],"type":"Point"},"id":"MMM_EcoCompt_X2H20063162_202012240000","type":"TrafficFlowObserved","vehicleType":"bicycle","reversedLane":false}
{"intensity":164,"laneId":23231541,"dateObserved":"2020-12-25T00:00:00/2020-12-26T00:00:00","location":{"coordinates":[3.8684671,43.6138841],"type":"Point"},"id":"MMM_EcoCompt_X2H20063162_202012250000","type":"TrafficFlowObserved","vehicleType":"bicycle","reversedLane":false}
{"intensity":346,"laneId":23231541,"dateObserved":"2020-12-26T00:00:00/2020-12-27T00:00:00","location":{"coordinates":[3.8684671,43.6138841],"type":"Point"},"id":"MMM_EcoCompt_X2H20063162_202012260000","type":"TrafficFlowObserved","vehicleType":"bicycle","reversedLane":false}
{"intensity":194,"laneId":23231541,"dateObserved":"2020-12-27T00:00:00/2020-12-28T00:00:00","location":{"coordinates":[3.8684671,43.6138841],"type":"Point"},"id":"MMM_EcoCompt_X2H20063162_202012270000","type":"TrafficFlowObserved","vehicleType":"bicycle","reversedLane":false}
{"intensity":387,"laneId":23231541,"dateObserved":"2020-12-28T00:00:00/2020-12-29T00:00:00","location":{"coordinates":[3.8684671,43.6138841],"type":"Point"},"id":"MMM_EcoCompt_X2H20063162_202012280000","type":"TrafficFlowObserved","vehicleType":"bicycle","reversedLane":false}
{"intensity":512,"laneId":23231541,"dateObserved":"2020-12-29T00:00:00/2020-12-30T00:00:00","location":{"coordinates":[3.8684671,43.6138841],"type":"Point"},"id":"MMM_EcoCompt_X2H20063162_202012290000","type":"TrafficFlowObserved","vehicleType":"bicycle","reversedLane":false}
{"intensity":433,"laneId":23231541,"dateObserved":"2020-12-30T00:00:00/2020-12-31T00:00:00","location":{"coordinates":[3.8684671,43.6138841],"type":"Point"},"id":"MMM_EcoCompt_X2H20063162_202012300000","type":"TrafficFlowObserved","vehicleType":"bicycle","reversedLane":false}
{"intensity":412,"laneId":23231541,"dateObserved":"2020-12-31T00:00:00/2021-01-01T00:00:00","location":{"coordinates":[3.8684671,43.6138841],"type":"Point"},"id":"MMM_EcoCompt_X2H20063162_202012310000","type":"TrafficFlowObserved","vehicleType":"bicycle","reversedLane":false}
