{"intensity":257,"laneId":97705885,"dateObserved":"2020-06-19T00:00:00/2020-06-20T00:00:00","location":{"coordinates":[3.81324,43.5907],"type":"Point"},"id":"MMM_EcoCompt_X2H20042632_202006190000","type":"TrafficFlowObserved","vehicleType":"bicycle","reversedLane":false}
{"intensity":262,"laneId":97705885,"dateObserved":"2020-06-20T00:00:00/2020-06-21T00:00:00","location":{"coordinates":[3.81324,43.5907],"type":"Point"},"id":"MMM_EcoCompt_X2H20042632_202006200000","type":"TrafficFlowObserved","vehicleType":"bicycle","reversedLane":false}
{"intensity":457,"laneId":97705885,"dateObserved":"2020-06-21T00:00:00/2020-06-22T00:00:00","location":{"coordinates":[3.81324,43.5907],"type":"Point"},"id":"MMM_EcoCompt_X2H20042632_202006210000","type":"TrafficFlowObserved","vehicleType":"bicycle","reversedLane":false}
{"intensity":240,"laneId":97705885,"dateObserved":"2020-06-22T00:00:00/2020-06-23T00:00:00","location":{"coordinates":[3.81324,43.5907],"type":"Point"},"id":"MMM_EcoCompt_X2H20042632_202006220000","type":"TrafficFlowObserved","vehicleType":"bicycle","reversedLane":false}
{"intensity":370,"laneId":97705885,"dateObserved":"2020-06-23T00:00:00/2020-06-24T00:00:00","location":{"coordinates":[3.81324,43.5907],"type":"Point"},"id":"MMM_EcoCompt_X2H20042632_202006230000","type":"TrafficFlowObserved","vehicleType":"bicycle","reversedLane":false}
{"intensity":317,"laneId":97705885,"dateObserved":"2020-06-24T00:00:00/2020-06-25T00:00:00","location":{"coordinates":[3.81324,43.5907],"type":"Point"},"id":"MMM_EcoCompt_X2H20042632_202006240000","type":"TrafficFlowObserved","vehicleType":"bicycle","reversedLane":false}
{"intensity":348,"laneId":97705885,"dateObserved":"2020-06-25T00:00:00/2020-06-26T00:00:00","location":{"coordinates":[3.81324,43.5907],"type":"Point"},"id":"MMM_EcoCompt_X2H20042632_202006250000","type":"TrafficFlowObserved","vehicleType":"bicycle","reversedLane":false}
{"intensity":266,"laneId":97705885,"dateObserved":"2020-06-26T00:00:00/2020-06-27T00:00:00","location":{"coordinates":[3.81324,43.5907],"type":"Point"},"id":"MMM_EcoCompt_X2H20042632_202006260000","type":"TrafficFlowObserved","vehicleType":"bicycle","reversedLane":false}
{"intensity":213,"laneId":97705885,"dateObserved":"2020-06-27T00:00:00/2020-06-28T00:00:00","location":{"coordinates":[3.81324,43.5907],"type":"Point"},"id":"MMM_EcoCompt_X2H20042632_202006270000","type":"TrafficFlowObserved","vehicleType":"bicycle","reversedLane":false}
{"intensity":342,"laneId":97705885,"dateObserved":"2020-06-28T00:00:00/2020-06-29T00:00:00","location":{"coordinates":[3.81324,43.5907],"type":"Point"},"id":"MMM_EcoCompt_X2H20042632_202006280000","type":"TrafficFlowObserved","vehicleType":"bicycle","reversedLane":false}
{"intensity":234,"laneId":97705885,"dateObserved":"2020-06-29T00:00:00/2020-06-30T00:00:00","location":{"coordinates":[3.81324,43.5907],"type":"Point"},"id":"MMM_EcoCompt_X2H20042632_202006290000","type":"TrafficFlowObserved","vehicleType":"bicycle","reversedLane":false}
{"intensity":371,"laneId":97705885,"dateObserved":"2020-06-30T00:00:00/2020-07-01T00:00:00","location":{"coordinates":[3.81324,43.5907],"type":"Point"},"id":"MMM_EcoCompt_X2H20042632_202006300000","type":"TrafficFlowObserved","vehicleType":"bicycle","reversedLane":false}
{"intensity":213,"laneId":97705885,"dateObserved":"2020-07-01T00:00:00/2020-07-02T00:00:00","location":{"coordinates":[3.81324,43.5907],"type":"Point"},"id":"MMM_EcoCompt_X2H20042632_202007010000","type":"TrafficFlowObserved","vehicleType":"bicycle","reversedLane":false}
{"intensity":335,"laneId":97705885,"dateObserved":"2020-07-02T00:00:00/2020-07-03T00:00:00","location":{"coordinates":[3.81324,43.5907],"type":"Point"},"id":"MMM_EcoCompt_X2H20042632_202007020000","type":"TrafficFlowObserved","vehicleType":"bicycle","reversedLane":false}
{"intensity":191,"laneId":97705885,"dateObserved":"2020-07-03T00:00:00/2020-07-04T00:00:00","location":{"coordinates":[3.81324,43.5907],"type":"Point"},"id":"MMM_EcoCompt_X2H20042632_202007030000","type":"TrafficFlowObserved","vehicleType":"bicycle","reversedLane":false}
{"intensity":234,"laneId":97705885,"dateObserved":"2020-07-04T00:00:00/2020-07-05T00:00:00","location":{"coordinates":[3.81324,43.5907],"type":"Point"},"id":"MMM_EcoCompt_X2H20042632_202007040000","type":"TrafficFlowObserved","vehicleType":"bicycle","reversedLane":false}
{"intensity":367,"laneId":97705885,"dateObserved":"2020-07-05T00:00:00/2020-07-06T00:00:00","location":{"coordinates":[3.81324,43.5907],"type":"Point"},"id":"MMM_EcoCompt_X2H20042632_202007050000","type":"TrafficFlowObserved","vehicleType":"bicycle","reversedLane":false}
{"intensity":178,"laneId":97705885,"dateObserved":"2020-07-06T00:00:00/2020-07-07T00:00:00","location":{"coordinates":[3.81324,43.5907],"type":"Point"},"id":"MMM_EcoCompt_X2H20042632_202007060000","type":"TrafficFlowObserved","vehicleType":"bicycle","reversedLane":false}
{"intensity":315,"laneId":97705885,"dateObserved":"2020-07-07T00:00:00/2020-07-08T00:00:00","location":{"coordinates":[3.81324,43.5907],"type":"Point"},"id":"MMM_EcoCompt_X2H20042632_202007070000","type":"TrafficFlowObserved","vehicleType":"bicycle","reversedLane":false}
{"intensity":288,"laneId":97705885,"dateObserved":"2020-07-08T00:00:00/2020-07-09T00:00:00","location":{"coordinates":[3.81324,43.5907],"type":"Point"},"id":"MMM_EcoCompt_X2H20042632_202007080000","type":"TrafficFlowObserved","vehicleType":"bicycle","reversedLane":false}
{"intensity":271,"laneId":97705885,"dateObserved":"2020-07-09T00:00:00/2020-07-10T00:00:00","location":{"coordinates":[3.81324,43.5907],"type":"Point"},"id":"MMM_EcoCompt_X2H20042632_202007090000","type":"TrafficFlowObserved","vehicleType":"bicycle","reversedLane":false}
{"intensity":228,"laneId":97705885,"dateObserved":"2020-07-10T00:00:00/2020-07-11T00:00:00","location":{"coordinates":[3.81324,43.5907],"type":"Point"},"id":"MMM_EcoCompt_X2H20042632_202007100000","type":"TrafficFlowObserved","vehicleType":"bicycle","reversedLane":false}
{"intensity":200,"laneId":97705885,"dateObserved":"2020-07-11T00:00:00/2020-07-12T00:00:00","location":{"coordinates":[3.81324,43.5907],"type":"Point"},"id":"MMM_EcoCompt_X2H20042632_202007110000","type":"TrafficFlowObserved","vehicleType":"bicycle","reversedLane":false}
{"intensity":279,"laneId":97705885,"dateObserved":"2020-07-12T00:00:00/2020-07-13T00:00:00","location":{"coordinates":[3.81324,43.5907],"type":"Point"},"id":"MMM_EcoCompt_X2H20042632_202007120000","type":"TrafficFlowObserved","vehicleType":"bicycle","reversedLane":false}
{"intensity":175,"laneId":97705885,"dateObserved":"2020-07-13T00:00:00/2020-07-14T00:00:00","location":{"coordinates":[3.81324,43.5907],"type":"Point"},"id":"MMM_EcoCompt_X2H20042632_202007130000","type":"TrafficFlowObserved","vehicleType":"bicycle","reversedLane":false}
{"intensity":362,"laneId":97705885,"dateObserved":"2020-07-14T00:00:00/2020-07-15T00:00:00","location":{"coordinates":[3.81324,43.5907],"type":"Point"},"id":"MMM_EcoCompt_X2H20042632_202007140000","type":"TrafficFlowObserved","vehicleType":"bicycle","reversedLane":false}
{"intensity":179,"laneId":97705885,"dateObserved":"2020-07-15T00:00:00/2020-07-16T00:00:00","location":{"coordinates":[3.81324,43.5907],"type":"Point"},"id":"MMM_EcoCompt_X2H20042632_202007150000","type":"TrafficFlowObserved","vehicleType":"bicycle","reversedLane":false}
{"intensity":290,"laneId":97705885,"dateObserved":"2020-07-16T00:00:00/2020-07-17T00:00:00","location":{"coordinates":[3.81324,43.5907],"type":"Point"},"id":"MMM_EcoCompt_X2H20042632_202007160000","type":"TrafficFlowObserved","vehicleType":"bicycle","reversedLane":false}
{"intensity":222,"laneId":97705885,"dateObserved":"2020-07-17T00:00:00/2020-07-18T00:00:00","location":{"coordinates":[3.81324,43.5907],"type":"Point"},"id":"MMM_EcoCompt_X2H20042632_202007170000","type":"TrafficFlowObserved","vehicleType":"bicycle","reversedLane":false}
{"intensity":243,"laneId":97705885,"dateObserved":"2020-07-18T00:00:00/2020-07-19T00:00:00","location":{"coordinates":[3.81324,43.5907],"type":"Point"},"id":"MMM_EcoCompt_X2H20042632_202007180000","type":"TrafficFlowObserved","vehicleType":"bicycle","reversedLane":false}
{"intensity":361,"laneId":97705885,"dateObserved":"2020-07-19T00:00:00/2020-07-20T00:00:00","location":{"coordinates":[3.81324,43.5907],"type":"Point"},"id":"MMM_EcoCompt_X2H20042632_202007190000","type":"TrafficFlowObserved","vehicleType":"bicycle","reversedLane":false}
{"intensity":236,"laneId":97705885,"dateObserved":"2020-07-20T00:00:00/2020-07-21T00:00:00","location":{"coordinates":[3.81324,43.5907],"type":"Point"},"id":"MMM_EcoCompt_X2H20042632_202007200000","type":"TrafficFlowObserved","vehicleType":"bicycle","reversedLane":false}
{"intensity":271,"laneId":97705885,"dateObserved":"2020-07-21T00:00:00/2020-07-22T00:00:00","location":{"coordinates":[3.81324,43.5907],"type":"Point"},"id":"MMM_EcoCompt_X2H20042632_202007210000","type":"TrafficFlowObserved","vehicleType":"bicycle","reversedLane":false}
{"intensity":231,"laneId":97705885,"dateObserved":"2020-07-22T00:00:00/2020-07-23T00:00:00","location":{"coordinates":[3.81324,43.5907],"type":"Point"},"id":"MMM_EcoCompt_X2H20042632_202007220000","type":"TrafficFlowObserved","vehicleType":"bicycle","reversedLane":false}
{"intensity":213,"laneId":97705885,"dateObserved":"2020-07-23T00:00:00/2020-07-24T00:00:00","location":{"coordinates":[3.81324,43.5907],"type":"Point"},"id":"MMM_EcoCompt_X2H20042632_202007230000","type":"TrafficFlowObserved","vehicleType":"bicycle","reversedLane":false}
{"intensity":174,"laneId":97705885,"dateObserved":"2020-07-24T00:00:00/2020-07-25T00:00:00","location":{"coordinates":[3.81324,43.5907],"type":"Point"},"id":"MMM_EcoCompt_X2H20042632_202007240000","type":"TrafficFlowObserved","vehicleType":"bicycle","reversedLane":false}
{"intensity":250,"laneId":97705885,"dateObserved":"2020-07-25T00:00:00/2020-07-26T00:00:00","location":{"coordinates":[3.81324,43.5907],"type":"Point"},"id":"MMM_EcoCompt_X2H20042632_202007250000","type":"TrafficFlowObserved","vehicleType":"bicycle","reversedLane":false}
{"intensity":347,"laneId":97705885,"dateObserved":"2020-07-26T00:00:00/2020-07-27T00:00:00","location":{"coordinates":[3.81324,43.5907],"type":"Point"},"id":"MMM_EcoCompt_X2H20042632_202007260000","type":"TrafficFlowObserved","vehicleType":"bicycle","reversedLane":false}
{"intensity":230,"laneId":97705885,"dateObserved":"2020-07-27T00:00:00/2020-07-28T00:00:00","location":{"coordinates":[3.81324,43.5907],"type":"Point"},"id":"MMM_EcoCompt_X2H20042632_202007270000","type":"TrafficFlowObserved","vehicleType":"bicycle","reversedLane":false}
{"intensity":233,"laneId":97705885,"dateObserved":"2020-07-28T00:00:00/2020-07-29T00:00:00","location":{"coordinates":[3.81324,43.5907],"type":"Point"},"id":"MMM_EcoCompt_X2H20042632_202007280000","type":"TrafficFlowObserved","vehicleType":"bicycle","reversedLane":false}
{"intensity":240,"laneId":97705885,"dateObserved":"2020-07-29T00:00:00/2020-07-30T00:00:00","location":{"coordinates":[3.81324,43.5907],"type":"Point"},"id":"MMM_EcoCompt_X2H20042632_202007290000","type":"TrafficFlowObserved","vehicleType":"bicycle","reversedLane":false}
{"intensity":222,"laneId":97705885,"dateObserved":"2020-07-30T00:00:00/2020-07-31T00:00:00","location":{"coordinates":[3.81324,43.5907],"type":"Point"},"id":"MMM_EcoCompt_X2H20042632_202007300000","type":"TrafficFlowObserved","vehicleType":"bicycle","reversedLane":false}
{"intensity":220,"laneId":97705885,"dateObserved":"2020-07-31T00:00:00/2020-08-01T00:00:00","location":{"coordinates":[3.81324,43.5907],"type":"Point"},"id":"MMM_EcoCompt_X2H20042632_202007310000","type":"TrafficFlowObserved","vehicleType":"bicycle","reversedLane":false}
{"intensity":216,"laneId":97705885,"dateObserved":"2020-08-01T00:00:00/2020-08-02T00:00:00","location":{"coordinates":[3.81324,43.5907],"type":"Point"},"id":"MMM_EcoCompt_X2H20042632_202008010000","type":"TrafficFlowObserved","vehicleType":"bicycle","reversedLane":false}
{"intensity":225,"laneId":97705885,"dateObserved":"2020-08-02T00:00:00/2020-08-03T00:00:00","location":{"coordinates":[3.81324,43.5907],"type":"Point"},"id":"MMM_EcoCompt_X2H20042632_202008020000","type":"TrafficFlowObserved","vehicleType":"bicycle","reversedLane":false}
{"intensity":155,"laneId":97705885,"dateObserved":"2020-08-03T00:00:00/2020-08-04T00:00:00","location":{"coordinates":[3.81324,43.5907],"type":"Point"},"id":"MMM_EcoCompt_X2H20042632_202008030000","type":"TrafficFlowObserved","vehicleType":"bicycle","reversedLane":false}
{"intensity":249,"laneId":97705885,"dateObserved":"2020-08-04T00:00:00/2020-08-05T00:00:00","location":{"coordinates":[3.81324,43.5907],"type":"Point"},"id":"MMM_EcoCompt_X2H20042632_202008040000","type":"TrafficFlowObserved","vehicleType":"bicycle","reversedLane":false}
{"intensity":257,"laneId":97705885,"dateObserved":"2020-08-05T00:00:00/2020-08-06T00:00:00","location":{"coordinates":[3.81324,43.5907],"type":"Point"},"id":"MMM_EcoCompt_X2H20042632_202008050000","type":"TrafficFlowObserved","vehicleType":"bicycle","reversedLane":false}
{"intensity":281,"laneId":97705885,"dateObserved":"2020-08-06T00:00:00/2020-08-07T00:00:00","location":{"coordinates":[3.81324,43.5907],"type":"Point"},"id":"MMM_EcoCompt_X2H20042632_202008060000","type":"TrafficFlowObserved","vehicleType":"bicycle","reversedLane":false}
{"intensity":221,"laneId":97705885,"dateObserved":"2020-08-07T00:00:00/2020-08-08T00:00:00","location":{"coordinates":[3.81324,43.5907],"type":"Point"},"id":"MMM_EcoCompt_X2H20042632_202008070000","type":"TrafficFlowObserved","vehicleType":"bicycle","reversedLane":false}
{"intensity":241,"laneId":97705885,"dateObserved":"2020-08-08T00:00:00/2020-08-09T00:00:00","location":{"coordinates":[3.81324,43.5907],"type":"Point"},"id":"MMM_EcoCompt_X2H20042632_202008080000","type":"TrafficFlowObserved","vehicleType":"bicycle","reversedLane":false}
{"intensity":308,"laneId":97705885,"dateObserved":"2020-08-09T00:00:00/2020-08-10T00:00:00","location":{"coordinates":[3.81324,43.5907],"type":"Point"},"id":"MMM_EcoCompt_X2H20042632_202008090000","type":"TrafficFlowObserved","vehicleType":"bicycle","reversedLane":false}
{"intensity":231,"laneId":97705885,"dateObserved":"2020-08-10T00:00:00/2020-08-11T00:00:00","location":{"coordinates":[3.81324,43.5907],"type":"Point"},"id":"MMM_EcoCompt_X2H20042632_202008100000","type":"TrafficFlowObserved","vehicleType":"bicycle","reversedLane":false}
{"intensity":256,"laneId":97705885,"dateObserved":"2020-08-11T00:00:00/2020-08-12T00:00:00","location":{"coordinates":[3.81324,43.5907],"type":"Point"},"id":"MMM_EcoCompt_X2H20042632_202008110000","type":"TrafficFlowObserved","vehicleType":"bicycle","reversedLane":false}
{"intensity":277,"laneId":97705885,"dateObserved":"2020-08-12T00:00:00/2020-08-13T00:00:00","location":{"coordinates":[3.81324,43.5907],"type":"Point"},"id":"MMM_EcoCompt_X2H20042632_202008120000","type":"TrafficFlowObserved","vehicleType":"bicycle","reversedLane":false}
{"intensity":239,"laneId":97705885,"dateObserved":"2020-08-13T00:00:00/2020-08-14T00:00:00","location":{"coordinates":[3.81324,43.5907],"type":"Point"},"id":"MMM_EcoCompt_X2H20042632_202008130000","type":"TrafficFlowObserved","vehicleType":"bicycle","reversedLane":false}
{"intensity":247,"laneId":97705885,"dateObserved":"2020-08-14T00:00:00/2020-08-15T00:00:00","location":{"coordinates":[3.81324,43.5907],"type":"Point"},"id":"MMM_EcoCompt_X2H20042632_202008140000","type":"TrafficFlowObserved","vehicleType":"bicycle","reversedLane":false}
{"intensity":261,"laneId":97705885,"dateObserved":"2020-08-15T00:00:00/2020-08-16T00:00:00","location":{"coordinates":[3.81324,43.5907],"type":"Point"},"id":"MMM_EcoCompt_X2H20042632_202008150000","type":"TrafficFlowObserved","vehicleType":"bicycle","reversedLane":false}
{"intensity":284,"laneId":97705885,"dateObserved":"2020-08-16T00:00:00/2020-08-17T00:00:00","location":{"coordinates":[3.81324,43.5907],"type":"Point"},"id":"MMM_EcoCompt_X2H20042632_202008160000","type":"TrafficFlowObserved","vehicleType":"bicycle","reversedLane":false}
{"intensity":231,"laneId":97705885,"dateObserved":"2020-08-17T00:00:00/2020-08-18T00:00:00","location":{"coordinates":[3.81324,43.5907],"type":"Point"},"id":"MMM_EcoCompt_X2H20042632_202008170000","type":"TrafficFlowObserved","vehicleType":"bicycle","reversedLane":false}
{"intensity":292,"laneId":97705885,"dateObserved":"2020-08-18T00:00:00/2020-08-19T00:00:00","location":{"coordinates":[3.81324,43.5907],"type":"Point"},"id":"MMM_EcoCompt_X2H20042632_202008180000","type":"TrafficFlowObserved","vehicleType":"bicycle","reversedLane":false}
{"intensity":244,"laneId":97705885,"dateObserved":"2020-08-19T00:00:00/2020-08-20T00:00:00","location":{"coordinates":[3.81324,43.5907],"type":"Point"},"id":"MMM_EcoCompt_X2H20042632_202008190000","type":"TrafficFlowObserved","vehicleType":"bicycle","reversedLane":false}
{"intensity":225,"laneId":97705885,"dateObserved":"2020-08-20T00:00:00/2020-08-21T00:00:00","location":{"coordinates":[3.81324,43.5907],"type":"Point"},"id":"MMM_EcoCompt_X2H20042632_202008200000","type":"TrafficFlowObserved","vehicleType":"bicycle","reversedLane":false}
{"intensity":198,"laneId":97705885,"dateObserved":"2020-08-21T00:00:00/2020-08-22T00:00:00","location":{"coordinates":[3.81324,43.5907],"type":"Point"},"id":"MMM_EcoCompt_X2H20042632_202008210000","type":"TrafficFlowObserved","vehicleType":"bicycle","reversedLane":false}
{"intensity":219,"laneId":97705885,"dateObserved":"2020-08-22T00:00:00/2020-08-23T00:00:00","location":{"coordinates":[3.81324,43.5907],"type":"Point"},"id":"MMM_EcoCompt_X2H20042632_202008220000","type":"TrafficFlowObserved","vehicleType":"bicycle","reversedLane":false}
{"intensity":331,"laneId":97705885,"dateObserved":"2020-08-23T00:00:00/2020-08-24T00:00:00","location":{"coordinates":[3.81324,43.5907],"type":"Point"},"id":"MMM_EcoCompt_X2H20042632_202008230000","type":"TrafficFlowObserved","vehicleType":"bicycle","reversedLane":false}
{"intensity":222,"laneId":97705885,"dateObserved":"2020-08-24T00:00:00/2020-08-25T00:00:00","location":{"coordinates":[3.81324,43.5907],"type":"Point"},"id":"MMM_EcoCompt_X2H20042632_202008240000","type":"TrafficFlowObserved","vehicleType":"bicycle","reversedLane":false}
{"intensity":283,"laneId":97705885,"dateObserved":"2020-08-25T00:00:00/2020-08-26T00:00:00","location":{"coordinates":[3.81324,43.5907],"type":"Point"},"id":"MMM_EcoCompt_X2H20042632_202008250000","type":"TrafficFlowObserved","vehicleType":"bicycle","reversedLane":false}
{"intensity":225,"laneId":97705885,"dateObserved":"2020-08-26T00:00:00/2020-08-27T00:00:00","location":{"coordinates":[3.81324,43.5907],"type":"Point"},"id":"MMM_EcoCompt_X2H20042632_202008260000","type":"TrafficFlowObserved","vehicleType":"bicycle","reversedLane":false}
{"intensity":275,"laneId":97705885,"dateObserved":"2020-08-27T00:00:00/2020-08-28T00:00:00","location":{"coordinates":[3.81324,43.5907],"type":"Point"},"id":"MMM_EcoCompt_X2H20042632_202008270000","type":"TrafficFlowObserved","vehicleType":"bicycle","reversedLane":false}
{"intensity":209,"laneId":97705885,"dateObserved":"2020-08-28T00:00:00/2020-08-29T00:00:00","location":{"coordinates":[3.81324,43.5907],"type":"Point"},"id":"MMM_EcoCompt_X2H20042632_202008280000","type":"TrafficFlowObserved","vehicleType":"bicycle","reversedLane":false}
{"intensity":120,"laneId":97705885,"dateObserved":"2020-08-29T00:00:00/2020-08-30T00:00:00","location":{"coordinates":[3.81324,43.5907],"type":"Point"},"id":"MMM_EcoCompt_X2H20042632_202008290000","type":"TrafficFlowObserved","vehicleType":"bicycle","reversedLane":false}
{"intensity":384,"laneId":97705885,"dateObserved":"2020-08-30T00:00:00/2020-08-31T00:00:00","location":{"coordinates":[3.81324,43.5907],"type":"Point"},"id":"MMM_EcoCompt_X2H20042632_202008300000","type":"TrafficFlowObserved","vehicleType":"bicycle","reversedLane":false}
{"intensity":266,"laneId":97705885,"dateObserved":"2020-08-31T00:00:00/2020-09-01T00:00:00","location":{"coordinates":[3.81324,43.5907],"type":"Point"},"id":"MMM_EcoCompt_X2H20042632_202008310000","type":"TrafficFlowObserved","vehicleType":"bicycle","reversedLane":false}
{"intensity":331,"laneId":97705885,"dateObserved":"2020-09-01T00:00:00/2020-09-02T00:00:00","location":{"coordinates":[3.81324,43.5907],"type":"Point"},"id":"MMM_EcoCompt_X2H20042632_202009010000","type":"TrafficFlowObserved","vehicleType":"bicycle","reversedLane":false}
{"intensity":362,"laneId":97705885,"dateObserved":"2020-09-02T00:00:00/2020-09-03T00:00:00","location":{"coordinates":[3.81324,43.5907],"type":"Point"},"id":"MMM_EcoCompt_X2H20042632_202009020000","type":"TrafficFlowObserved","vehicleType":"bicycle","reversedLane":false}
{"intensity":289,"laneId":97705885,"dateObserved":"2020-09-03T00:00:00/2020-09-04T00:00:00","location":{"coordinates":[3.81324,43.5907],"type":"Point"},"id":"MMM_EcoCompt_X2H20042632_202009030000","type":"TrafficFlowObserved","vehicleType":"bicycle","reversedLane":false}
{"intensity":301,"laneId":97705885,"dateObserved":"2020-09-04T00:00:00/2020-09-05T00:00:00","location":{"coordinates":[3.81324,43.5907],"type":"Point"},"id":"MMM_EcoCompt_X2H20042632_202009040000","type":"TrafficFlowObserved","vehicleType":"bicycle","reversedLane":false}
{"intensity":362,"laneId":97705885,"dateObserved":"2020-09-05T00:00:00/2020-09-06T00:00:00","location":{"coordinates":[3.81324,43.5907],"type":"Point"},"id":"MMM_EcoCompt_X2H20042632_202009050000","type":"TrafficFlowObserved","vehicleType":"bicycle","reversedLane":false}
{"intensity":431,"laneId":97705885,"dateObserved":"2020-09-06T00:00:00/2020-09-07T00:00:00","location":{"coordinates":[3.81324,43.5907],"type":"Point"},"id":"MMM_EcoCompt_X2H20042632_202009060000","type":"TrafficFlowObserved","vehicleType":"bicycle","reversedLane":false}
{"intensity":242,"laneId":97705885,"dateObserved":"2020-09-07T00:00:00/2020-09-08T00:00:00","location":{"coordinates":[3.81324,43.5907],"type":"Point"},"id":"MMM_EcoCompt_X2H20042632_202009070000","type":"TrafficFlowObserved","vehicleType":"bicycle","reversedLane":false}
{"intensity":318,"laneId":97705885,"dateObserved":"2020-09-08T00:00:00/2020-09-09T00:00:00","location":{"coordinates":[3.81324,43.5907],"type":"Point"},"id":"MMM_EcoCompt_X2H20042632_202009080000","type":"TrafficFlowObserved","vehicleType":"bicycle","reversedLane":false}
{"intensity":141,"laneId":97705885,"dateObserved":"2020-09-09T00:00:00/2020-09-10T00:00:00","location":{"coordinates":[3.81324,43.5907],"type":"Point"},"id":"MMM_EcoCompt_X2H20042632_202009090000","type":"TrafficFlowObserved","vehicleType":"bicycle","reversedLane":false}
{"intensity":273,"laneId":97705885,"dateObserved":"2020-09-10T00:00:00/2020-09-11T00:00:00","location":{"coordinates":[3.81324,43.5907],"type":"Point"},"id":"MMM_EcoCompt_X2H20042632_202009100000","type":"TrafficFlowObserved","vehicleType":"bicycle","reversedLane":false}
{"intensity":294,"laneId":97705885,"dateObserved":"2020-09-11T00:00:00/2020-09-12T00:00:00","location":{"coordinates":[3.81324,43.5907],"type":"Point"},"id":"MMM_EcoCompt_X2H20042632_202009110000","type":"TrafficFlowObserved","vehicleType":"bicycle","reversedLane":false}
{"intensity":321,"laneId":97705885,"dateObserved":"2020-09-12T00:00:00/2020-09-13T00:00:00","location":{"coordinates":[3.81324,43.5907],"type":"Point"},"id":"MMM_EcoCompt_X2H20042632_202009120000","type":"TrafficFlowObserved","vehicleType":"bicycle","reversedLane":false}
{"intensity":399,"laneId":97705885,"dateObserved":"2020-09-13T00:00:00/2020-09-14T00:00:00","location":{"coordinates":[3.81324,43.5907],"type":"Point"},"id":"MMM_EcoCompt_X2H20042632_202009130000","type":"TrafficFlowObserved","vehicleType":"bicycle","reversedLane":false}
{"intensity":243,"laneId":97705885,"dateObserved":"2020-09-14T00:00:00/2020-09-15T00:00:00","location":{"coordinates":[3.81324,43.5907],"type":"Point"},"id":"MMM_EcoCompt_X2H20042632_202009140000","type":"TrafficFlowObserved","vehicleType":"bicycle","reversedLane":false}
{"intensity":318,"laneId":97705885,"dateObserved":"2020-09-15T00:00:00/2020-09-16T00:00:00","location":{"coordinates":[3.81324,43.5907],"type":"Point"},"id":"MMM_EcoCompt_X2H20042632_202009150000","type":"TrafficFlowObserved","vehicleType":"bicycle","reversedLane":false}
{"intensity":298,"laneId":97705885,"dateObserved":"2020-09-16T00:00:00/2020-09-17T00:00:00","location":{"coordinates":[3.81324,43.5907],"type":"Point"},"id":"MMM_EcoCompt_X2H20042632_202009160000","type":"TrafficFlowObserved","vehicleType":"bicycle","reversedLane":false}
{"intensity":331,"laneId":97705885,"dateObserved":"2020-09-17T00:00:00/2020-09-18T00:00:00","location":{"coordinates":[3.81324,43.5907],"type":"Point"},"id":"MMM_EcoCompt_X2H20042632_202009170000","type":"TrafficFlowObserved","vehicleType":"bicycle","reversedLane":false}
{"intensity":235,"laneId":97705885,"dateObserved":"2020-09-18T00:00:00/2020-09-19T00:00:00","location":{"coordinates":[3.81324,43.5907],"type":"Point"},"id":"MMM_EcoCompt_X2H20042632_202009180000","type":"TrafficFlowObserved","vehicleType":"bicycle","reversedLane":false}
{"intensity":93,"laneId":97705885,"dateObserved":"2020-09-19T00:00:00/2020-09-20T00:00:00","location":{"coordinates":[3.81324,43.5907],"type":"Point"},"id":"MMM_EcoCompt_X2H20042632_202009190000","type":"TrafficFlowObserved","vehicleType":"bicycle","reversedLane":false}
{"intensity":387,"laneId":97705885,"dateObserved":"2020-09-20T00:00:00/2020-09-21T00:00:00","location":{"coordinates":[3.81324,43.5907],"type":"Point"},"id":"MMM_EcoCompt_X2H20042632_202009200000","type":"TrafficFlowObserved","vehicleType":"bicycle","reversedLane":false}
{"intensity":262,"laneId":97705885,"dateObserved":"2020-09-21T00:00:00/2020-09-22T00:00:00","location":{"coordinates":[3.81324,43.5907],"type":"Point"},"id":"MMM_EcoCompt_X2H20042632_202009210000","type":"TrafficFlowObserved","vehicleType":"bicycle","reversedLane":false}
{"intensity":176,"laneId":97705885,"dateObserved":"2020-09-22T00:00:00/2020-09-23T00:00:00","location":{"coordinates":[3.81324,43.5907],"type":"Point"},"id":"MMM_EcoCompt_X2H20042632_202009220000","type":"TrafficFlowObserved","vehicleType":"bicycle","reversedLane":false}
{"intensity":377,"laneId":97705885,"dateObserved":"2020-09-23T00:00:00/2020-09-24T00:00:00","location":{"coordinates":[3.81324,43.5907],"type":"Point"},"id":"MMM_EcoCompt_X2H20042632_202009230000","type":"TrafficFlowObserved","vehicleType":"bicycle","reversedLane":false}
{"intensity":276,"laneId":97705885,"dateObserved":"2020-09-24T00:00:00/2020-09-25T00:00:00","location":{"coordinates":[3.81324,43.5907],"type":"Point"},"id":"MMM_EcoCompt_X2H20042632_202009240000","type":"TrafficFlowObserved","vehicleType":"bicycle","reversedLane":false}
{"intensity":153,"laneId":97705885,"dateObserved":"2020-09-25T00:00:00/2020-09-26T00:00:00","location":{"coordinates":[3.81324,43.5907],"type":"Point"},"id":"MMM_EcoCompt_X2H20042632_202009250000","type":"TrafficFlowObserved","vehicleType":"bicycle","reversedLane":false}
{"intensity":168,"laneId":97705885,"dateObserved":"2020-09-26T00:00:00/2020-09-27T00:00:00","location":{"coordinates":[3.81324,43.5907],"type":"Point"},"id":"MMM_EcoCompt_X2H20042632_202009260000","type":"TrafficFlowObserved","vehicleType":"bicycle","reversedLane":false}
{"intensity":200,"laneId":97705885,"dateObserved":"2020-09-27T00:00:00/2020-09-28T00:00:00","location":{"coordinates":[3.81324,43.5907],"type":"Point"},"id":"MMM_EcoCompt_X2H20042632_202009270000","type":"TrafficFlowObserved","vehicleType":"bicycle","reversedLane":false}
{"intensity":132,"laneId":97705885,"dateObserved":"2020-09-28T00:00:00/2020-09-29T00:00:00","location":{"coordinates":[3.81324,43.5907],"type":"Point"},"id":"MMM_EcoCompt_X2H20042632_202009280000","type":"TrafficFlowObserved","vehicleType":"bicycle","reversedLane":false}
{"intensity":372,"laneId":97705885,"dateObserved":"2020-09-29T00:00:00/2020-09-30T00:00:00","location":{"coordinates":[3.81324,43.5907],"type":"Point"},"id":"MMM_EcoCompt_X2H20042632_202009290000","type":"TrafficFlowObserved","vehicleType":"bicycle","reversedLane":false}
{"intensity":319,"laneId":97705885,"dateObserved":"2020-09-30T00:00:00/2020-10-01T00:00:00","location":{"coordinates":[3.81324,43.5907],"type":"Point"},"id":"MMM_EcoCompt_X2H20042632_202009300000","type":"TrafficFlowObserved","vehicleType":"bicycle","reversedLane":false}
{"intensity":232,"laneId":97705885,"dateObserved":"2020-10-01T00:00:00/2020-10-02T00:00:00","location":{"coordinates":[3.81324,43.5907],"type":"Point"},"id":"MMM_EcoCompt_X2H20042632_202010010000","type":"TrafficFlowObserved","vehicleType":"bicycle","reversedLane":false}
{"intensity":79,"laneId":97705885,"dateObserved":"2020-10-02T00:00:00/2020-10-03T00:00:00","location":{"coordinates":[3.81324,43.5907],"type":"Point"},"id":"MMM_EcoCompt_X2H20042632_202010020000","type":"TrafficFlowObserved","vehicleType":"bicycle","reversedLane":false}
{"intensity":249,"laneId":97705885,"dateObserved":"2020-10-03T00:00:00/2020-10-04T00:00:00","location":{"coordinates":[3.81324,43.5907],"type":"Point"},"id":"MMM_EcoCompt_X2H20042632_202010030000","type":"TrafficFlowObserved","vehicleType":"bicycle","reversedLane":false}
{"intensity":365,"laneId":97705885,"dateObserved":"2020-10-04T00:00:00/2020-10-05T00:00:00","location":{"coordinates":[3.81324,43.5907],"type":"Point"},"id":"MMM_EcoCompt_X2H20042632_202010040000","type":"TrafficFlowObserved","vehicleType":"bicycle","reversedLane":false}
{"intensity":248,"laneId":97705885,"dateObserved":"2020-10-05T00:00:00/2020-10-06T00:00:00","location":{"coordinates":[3.81324,43.5907],"type":"Point"},"id":"MMM_EcoCompt_X2H20042632_202010050000","type":"TrafficFlowObserved","vehicleType":"bicycle","reversedLane":false}
{"intensity":227,"laneId":97705885,"dateObserved":"2020-10-06T00:00:00/2020-10-07T00:00:00","location":{"coordinates":[3.81324,43.5907],"type":"Point"},"id":"MMM_EcoCompt_X2H20042632_202010060000","type":"TrafficFlowObserved","vehicleType":"bicycle","reversedLane":false}
{"intensity":238,"laneId":97705885,"dateObserved":"2020-10-07T00:00:00/2020-10-08T00:00:00","location":{"coordinates":[3.81324,43.5907],"type":"Point"},"id":"MMM_EcoCompt_X2H20042632_202010070000","type":"TrafficFlowObserved","vehicleType":"bicycle","reversedLane":false}
{"intensity":338,"laneId":97705885,"dateObserved":"2020-10-08T00:00:00/2020-10-09T00:00:00","location":{"coordinates":[3.81324,43.5907],"type":"Point"},"id":"MMM_EcoCompt_X2H20042632_202010080000","type":"TrafficFlowObserved","vehicleType":"bicycle","reversedLane":false}
{"intensity":243,"laneId":97705885,"dateObserved":"2020-10-09T00:00:00/2020-10-10T00:00:00","location":{"coordinates":[3.81324,43.5907],"type":"Point"},"id":"MMM_EcoCompt_X2H20042632_202010090000","type":"TrafficFlowObserved","vehicleType":"bicycle","reversedLane":false}
{"intensity":272,"laneId":97705885,"dateObserved":"2020-10-10T00:00:00/2020-10-11T00:00:00","location":{"coordinates":[3.81324,43.5907],"type":"Point"},"id":"MMM_EcoCompt_X2H20042632_202010100000","type":"TrafficFlowObserved","vehicleType":"bicycle","reversedLane":false}
{"intensity":298,"laneId":97705885,"dateObserved":"2020-10-11T00:00:00/2020-10-12T00:00:00","location":{"coordinates":[3.81324,43.5907],"type":"Point"},"id":"MMM_EcoCompt_X2H20042632_202010110000","type":"TrafficFlowObserved","vehicleType":"bicycle","reversedLane":false}
{"intensity":173,"laneId":97705885,"dateObserved":"2020-10-12T00:00:00/2020-10-13T00:00:00","location":{"coordinates":[3.81324,43.5907],"type":"Point"},"id":"MMM_EcoCompt_X2H20042632_202010120000","type":"TrafficFlowObserved","vehicleType":"bicycle","reversedLane":false}
{"intensity":221,"laneId":97705885,"dateObserved":"2020-10-13T00:00:00/2020-10-14T00:00:00","location":{"coordinates":[3.81324,43.5907],"type":"Point"},"id":"MMM_EcoCompt_X2H20042632_202010130000","type":"TrafficFlowObserved","vehicleType":"bicycle","reversedLane":false}
{"intensity":199,"laneId":97705885,"dateObserved":"2020-10-14T00:00:00/2020-10-15T00:00:00","location":{"coordinates":[3.81324,43.5907],"type":"Point"},"id":"MMM_EcoCompt_X2H20042632_202010140000","type":"TrafficFlowObserved","vehicleType":"bicycle","reversedLane":false}
{"intensity":222,"laneId":97705885,"dateObserved":"2020-10-15T00:00:00/2020-10-16T00:00:00","location":{"coordinates":[3.81324,43.5907],"type":"Point"},"id":"MMM_EcoCompt_X2H20042632_202010150000","type":"TrafficFlowObserved","vehicleType":"bicycle","reversedLane":false}
{"intensity":133,"laneId":97705885,"dateObserved":"2020-10-16T00:00:00/2020-10-17T00:00:00","location":{"coordinates":[3.81324,43.5907],"type":"Point"},"id":"MMM_EcoCompt_X2H20042632_202010160000","type":"TrafficFlowObserved","vehicleType":"bicycle","reversedLane":false}
{"intensity":349,"laneId":97705885,"dateObserved":"2020-10-17T00:00:00/2020-10-18T00:00:00","location":{"coordinates":[3.81324,43.5907],"type":"Point"},"id":"MMM_EcoCompt_X2H20042632_202010170000","type":"TrafficFlowObserved","vehicleType":"bicycle","reversedLane":false}
{"intensity":424,"laneId":97705885,"dateObserved":"2020-10-18T00:00:00/2020-10-19T00:00:00","location":{"coordinates":[3.81324,43.5907],"type":"Point"},"id":"MMM_EcoCompt_X2H20042632_202010180000","type":"TrafficFlowObserved","vehicleType":"bicycle","reversedLane":false}
{"intensity":170,"laneId":97705885,"dateObserved":"2020-10-19T00:00:00/2020-10-20T00:00:00","location":{"coordinates":[3.81324,43.5907],"type":"Point"},"id":"MMM_EcoCompt_X2H20042632_202010190000","type":"TrafficFlowObserved","vehicleType":"bicycle","reversedLane":false}
{"intensity":104,"laneId":97705885,"dateObserved":"2020-10-20T00:00:00/2020-10-21T00:00:00","location":{"coordinates":[3.81324,43.5907],"type":"Point"},"id":"MMM_EcoCompt_X2H20042632_202010200000","type":"TrafficFlowObserved","vehicleType":"bicycle","reversedLane":false}
{"intensity":72,"laneId":97705885,"dateObserved":"2020-10-21T00:00:00/2020-10-22T00:00:00","location":{"coordinates":[3.81324,43.5907],"type":"Point"},"id":"MMM_EcoCompt_X2H20042632_202010210000","type":"TrafficFlowObserved","vehicleType":"bicycle","reversedLane":false}
{"intensity":41,"laneId":97705885,"dateObserved":"2020-10-22T00:00:00/2020-10-23T00:00:00","location":{"coordinates":[3.81324,43.5907],"type":"Point"},"id":"MMM_EcoCompt_X2H20042632_202010220000","type":"TrafficFlowObserved","vehicleType":"bicycle","reversedLane":false}
{"intensity":108,"laneId":97705885,"dateObserved":"2020-10-23T00:00:00/2020-10-24T00:00:00","location":{"coordinates":[3.81324,43.5907],"type":"Point"},"id":"MMM_EcoCompt_X2H20042632_202010230000","type":"TrafficFlowObserved","vehicleType":"bicycle","reversedLane":false}
{"intensity":338,"laneId":97705885,"dateObserved":"2020-10-24T00:00:00/2020-10-25T00:00:00","location":{"coordinates":[3.81324,43.5907],"type":"Point"},"id":"MMM_EcoCompt_X2H20042632_202010240000","type":"TrafficFlowObserved","vehicleType":"bicycle","reversedLane":false}
{"intensity":353,"laneId":97705885,"dateObserved":"2020-10-25T00:00:00/2020-10-25T00:00:00","location":{"coordinates":[3.81324,43.5907],"type":"Point"},"id":"MMM_EcoCompt_X2H20042632_202010250000","type":"TrafficFlowObserved","vehicleType":"bicycle","reversedLane":false}
{"intensity":107,"laneId":97705885,"dateObserved":"2020-10-26T00:00:00/2020-10-27T00:00:00","location":{"coordinates":[3.81324,43.5907],"type":"Point"},"id":"MMM_EcoCompt_X2H20042632_202010260000","type":"TrafficFlowObserved","vehicleType":"bicycle","reversedLane":false}
{"intensity":273,"laneId":97705885,"dateObserved":"2020-10-27T00:00:00/2020-10-28T00:00:00","location":{"coordinates":[3.81324,43.5907],"type":"Point"},"id":"MMM_EcoCompt_X2H20042632_202010270000","type":"TrafficFlowObserved","vehicleType":"bicycle","reversedLane":false}
{"intensity":223,"laneId":97705885,"dateObserved":"2020-10-28T00:00:00/2020-10-29T00:00:00","location":{"coordinates":[3.81324,43.5907],"type":"Point"},"id":"MMM_EcoCompt_X2H20042632_202010280000","type":"TrafficFlowObserved","vehicleType":"bicycle","reversedLane":false}
{"intensity":250,"laneId":97705885,"dateObserved":"2020-10-29T00:00:00/2020-10-30T00:00:00","location":{"coordinates":[3.81324,43.5907],"type":"Point"},"id":"MMM_EcoCompt_X2H20042632_202010290000","type":"TrafficFlowObserved","vehicleType":"bicycle","reversedLane":false}
{"intensity":74,"laneId":97705885,"dateObserved":"2020-10-30T00:00:00/2020-10-31T00:00:00","location":{"coordinates":[3.81324,43.5907],"type":"Point"},"id":"MMM_EcoCompt_X2H20042632_202010300000","type":"TrafficFlowObserved","vehicleType":"bicycle","reversedLane":false}
{"intensity":83,"laneId":97705885,"dateObserved":"2020-10-31T00:00:00/2020-11-01T00:00:00","location":{"coordinates":[3.81324,43.5907],"type":"Point"},"id":"MMM_EcoCompt_X2H20042632_202010310000","type":"TrafficFlowObserved","vehicleType":"bicycle","reversedLane":false}
{"intensity":100,"laneId":97705885,"dateObserved":"2020-11-01T00:00:00/2020-11-02T00:00:00","location":{"coordinates":[3.81324,43.5907],"type":"Point"},"id":"MMM_EcoCompt_X2H20042632_202011010000","type":"TrafficFlowObserved","vehicleType":"bicycle","reversedLane":false}
{"intensity":105,"laneId":97705885,"dateObserved":"2020-11-02T00:00:00/2020-11-03T00:00:00","location":{"coordinates":[3.81324,43.5907],"type":"Point"},"id":"MMM_EcoCompt_X2H20042632_202011020000","type":"TrafficFlowObserved","vehicleType":"bicycle","reversedLane":false}
{"intensity":105,"laneId":97705885,"dateObserved":"2020-11-03T00:00:00/2020-11-04T00:00:00","location":{"coordinates":[3.81324,43.5907],"type":"Point"},"id":"MMM_EcoCompt_X2H20042632_202011030000","type":"TrafficFlowObserved","vehicleType":"bicycle","reversedLane":false}
{"intensity":128,"laneId":97705885,"dateObserved":"2020-11-04T00:00:00/2020-11-05T00:00:00","location":{"coordinates":[3.81324,43.5907],"type":"Point"},"id":"MMM_EcoCompt_X2H20042632_202011040000","type":"TrafficFlowObserved","vehicleType":"bicycle","reversedLane":false}
{"intensity":127,"laneId":97705885,"dateObserved":"2020-11-05T00:00:00/2020-11-06T00:00:00","location":{"coordinates":[3.81324,43.5907],"type":"Point"},"id":"MMM_EcoCompt_X2H20042632_202011050000","type":"TrafficFlowObserved","vehicleType":"bicycle","reversedLane":false}
{"intensity":118,"laneId":97705885,"dateObserved":"2020-11-06T00:00:00/2020-11-07T00:00:00","location":{"coordinates":[3.81324,43.5907],"type":"Point"},"id":"MMM_EcoCompt_X2H20042632_202011060000","type":"TrafficFlowObserved","vehicleType":"bicycle","reversedLane":false}
{"intensity":58,"laneId":97705885,"dateObserved":"2020-11-07T00:00:00/2020-11-08T00:00:00","location":{"coordinates":[3.81324,43.5907],"type":"Point"},"id":"MMM_EcoCompt_X2H20042632_202011070000","type":"TrafficFlowObserved","vehicleType":"bicycle","reversedLane":false}
{"intensity":105,"laneId":97705885,"dateObserved":"2020-11-08T00:00:00/2020-11-09T00:00:00","location":{"coordinates":[3.81324,43.5907],"type":"Point"},"id":"MMM_EcoCompt_X2H20042632_202011080000","type":"TrafficFlowObserved","vehicleType":"bicycle","reversedLane":false}
{"intensity":90,"laneId":97705885,"dateObserved":"2020-11-09T00:00:00/2020-11-10T00:00:00","location":{"coordinates":[3.81324,43.5907],"type":"Point"},"id":"MMM_EcoCompt_X2H20042632_202011090000","type":"TrafficFlowObserved","vehicleType":"bicycle","reversedLane":false}
{"intensity":186,"laneId":97705885,"dateObserved":"2020-11-10T00:00:00/2020-11-11T00:00:00","location":{"coordinates":[3.81324,43.5907],"type":"Point"},"id":"MMM_EcoCompt_X2H20042632_202011100000","type":"TrafficFlowObserved","vehicleType":"bicycle","reversedLane":false}
{"intensity":214,"laneId":97705885,"dateObserved":"2020-11-11T00:00:00/2020-11-12T00:00:00","location":{"coordinates":[3.81324,43.5907],"type":"Point"},"id":"MMM_EcoCompt_X2H20042632_202011110000","type":"TrafficFlowObserved","vehicleType":"bicycle","reversedLane":false}
{"intensity":135,"laneId":97705885,"dateObserved":"2020-11-12T00:00:00/2020-11-13T00:00:00","location":{"coordinates":[3.81324,43.5907],"type":"Point"},"id":"MMM_EcoCompt_X2H20042632_202011120000","type":"TrafficFlowObserved","vehicleType":"bicycle","reversedLane":false}
{"intensity":123,"laneId":97705885,"dateObserved":"2020-11-13T00:00:00/2020-11-14T00:00:00","location":{"coordinates":[3.81324,43.5907],"type":"Point"},"id":"MMM_EcoCompt_X2H20042632_202011130000","type":"TrafficFlowObserved","vehicleType":"bicycle","reversedLane":false}
{"intensity":78,"laneId":97705885,"dateObserved":"2020-11-14T00:00:00/2020-11-15T00:00:00","location":{"coordinates":[3.81324,43.5907],"type":"Point"},"id":"MMM_EcoCompt_X2H20042632_202011140000","type":"TrafficFlowObserved","vehicleType":"bicycle","reversedLane":false}
{"intensity":39,"laneId":97705885,"dateObserved":"2020-11-15T00:00:00/2020-11-16T00:00:00","location":{"coordinates":[3.81324,43.5907],"type":"Point"},"id":"MMM_EcoCompt_X2H20042632_202011150000","type":"TrafficFlowObserved","vehicleType":"bicycle","reversedLane":false}
{"intensity":135,"laneId":97705885,"dateObserved":"2020-11-16T00:00:00/2020-11-17T00:00:00","location":{"coordinates":[3.81324,43.5907],"type":"Point"},"id":"MMM_EcoCompt_X2H20042632_202011160000","type":"TrafficFlowObserved","vehicleType":"bicycle","reversedLane":false}
{"intensity":149,"laneId":97705885,"dateObserved":"2020-11-17T00:00:00/2020-11-18T00:00:00","location":{"coordinates":[3.81324,43.5907],"type":"Point"},"id":"MMM_EcoCompt_X2H20042632_202011170000","type":"TrafficFlowObserved","vehicleType":"bicycle","reversedLane":false}
{"intensity":167,"laneId":97705885,"dateObserved":"2020-11-18T00:00:00/2020-11-19T00:00:00","location":{"coordinates":[3.81324,43.5907],"type":"Point"},"id":"MMM_EcoCompt_X2H20042632_202011180000","type":"TrafficFlowObserved","vehicleType":"bicycle","reversedLane":false}
{"intensity":127,"laneId":97705885,"dateObserved":"2020-11-19T00:00:00/2020-11-20T00:00:00","location":{"coordinates":[3.81324,43.5907],"type":"Point"},"id":"MMM_EcoCompt_X2H20042632_202011190000","type":"TrafficFlowObserved","vehicleType":"bicycle","reversedLane":false}
{"intensity":109,"laneId":97705885,"dateObserved":"2020-11-20T00:00:00/2020-11-21T00:00:00","location":{"coordinates":[3.81324,43.5907],"type":"Point"},"id":"MMM_EcoCompt_X2H20042632_202011200000","type":"TrafficFlowObserved","vehicleType":"bicycle","reversedLane":false}
{"intensity":139,"laneId":97705885,"dateObserved":"2020-11-21T00:00:00/2020-11-22T00:00:00","location":{"coordinates":[3.81324,43.5907],"type":"Point"},"id":"MMM_EcoCompt_X2H20042632_202011210000","type":"TrafficFlowObserved","vehicleType":"bicycle","reversedLane":false}
{"intensity":209,"laneId":97705885,"dateObserved":"2020-11-22T00:00:00/2020-11-23T00:00:00","location":{"coordinates":[3.81324,43.5907],"type":"Point"},"id":"MMM_EcoCompt_X2H20042632_202011220000","type":"TrafficFlowObserved","vehicleType":"bicycle","reversedLane":false}
{"intensity":125,"laneId":97705885,"dateObserved":"2020-11-24T00:00:00/2020-11-25T00:00:00","location":{"coordinates":[3.81324,43.5907],"type":"Point"},"id":"MMM_EcoCompt_X2H20042632_202011240000","type":"TrafficFlowObserved","vehicleType":"bicycle","reversedLane":false}
{"intensity":72,"laneId":97705885,"dateObserved":"2020-11-25T00:00:00/2020-11-26T00:00:00","location":{"coordinates":[3.81324,43.5907],"type":"Point"},"id":"MMM_EcoCompt_X2H20042632_202011250000","type":"TrafficFlowObserved","vehicleType":"bicycle","reversedLane":false}
{"intensity":59,"laneId":97705885,"dateObserved":"2020-11-26T00:00:00/2020-11-27T00:00:00","location":{"coordinates":[3.81324,43.5907],"type":"Point"},"id":"MMM_EcoCompt_X2H20042632_202011260000","type":"TrafficFlowObserved","vehicleType":"bicycle","reversedLane":false}
{"intensity":80,"laneId":97705885,"dateObserved":"2020-11-27T00:00:00/2020-11-28T00:00:00","location":{"coordinates":[3.81324,43.5907],"type":"Point"},"id":"MMM_EcoCompt_X2H20042632_202011270000","type":"TrafficFlowObserved","vehicleType":"bicycle","reversedLane":false}
{"intensity":192,"laneId":97705885,"dateObserved":"2020-11-28T00:00:00/2020-11-29T00:00:00","location":{"coordinates":[3.81324,43.5907],"type":"Point"},"id":"MMM_EcoCompt_X2H20042632_202011280000","type":"TrafficFlowObserved","vehicleType":"bicycle","reversedLane":false}
{"intensity":679,"laneId":97705885,"dateObserved":"2020-11-29T00:00:00/2020-11-30T00:00:00","location":{"coordinates":[3.81324,43.5907],"type":"Point"},"id":"MMM_EcoCompt_X2H20042632_202011290000","type":"TrafficFlowObserved","vehicleType":"bicycle","reversedLane":false}
{"intensity":217,"laneId":97705885,"dateObserved":"2020-11-30T00:00:00/2020-12-01T00:00:00","location":{"coordinates":[3.81324,43.5907],"type":"Point"},"id":"MMM_EcoCompt_X2H20042632_202011300000","type":"TrafficFlowObserved","vehicleType":"bicycle","reversedLane":false}
{"intensity":80,"laneId":97705885,"dateObserved":"2020-12-01T00:00:00/2020-12-02T00:00:00","location":{"coordinates":[3.81324,43.5907],"type":"Point"},"id":"MMM_EcoCompt_X2H20042632_202012010000","type":"TrafficFlowObserved","vehicleType":"bicycle","reversedLane":false}
{"intensity":159,"laneId":97705885,"dateObserved":"2020-12-02T00:00:00/2020-12-03T00:00:00","location":{"coordinates":[3.81324,43.5907],"type":"Point"},"id":"MMM_EcoCompt_X2H20042632_202012020000","type":"TrafficFlowObserved","vehicleType":"bicycle","reversedLane":false}
{"intensity":215,"laneId":97705885,"dateObserved":"2020-12-03T00:00:00/2020-12-04T00:00:00","location":{"coordinates":[3.81324,43.5907],"type":"Point"},"id":"MMM_EcoCompt_X2H20042632_202012030000","type":"TrafficFlowObserved","vehicleType":"bicycle","reversedLane":false}
{"intensity":83,"laneId":97705885,"dateObserved":"2020-12-04T00:00:00/2020-12-05T00:00:00","location":{"coordinates":[3.81324,43.5907],"type":"Point"},"id":"MMM_EcoCompt_X2H20042632_202012040000","type":"TrafficFlowObserved","vehicleType":"bicycle","reversedLane":false}
{"intensity":300,"laneId":97705885,"dateObserved":"2020-12-05T00:00:00/2020-12-06T00:00:00","location":{"coordinates":[3.81324,43.5907],"type":"Point"},"id":"MMM_EcoCompt_X2H20042632_202012050000","type":"TrafficFlowObserved","vehicleType":"bicycle","reversedLane":false}
{"intensity":271,"laneId":97705885,"dateObserved":"2020-12-06T00:00:00/2020-12-07T00:00:00","location":{"coordinates":[3.81324,43.5907],"type":"Point"},"id":"MMM_EcoCompt_X2H20042632_202012060000","type":"TrafficFlowObserved","vehicleType":"bicycle","reversedLane":false}
{"intensity":143,"laneId":97705885,"dateObserved":"2020-12-07T00:00:00/2020-12-08T00:00:00","location":{"coordinates":[3.81324,43.5907],"type":"Point"},"id":"MMM_EcoCompt_X2H20042632_202012070000","type":"TrafficFlowObserved","vehicleType":"bicycle","reversedLane":false}
{"intensity":86,"laneId":97705885,"dateObserved":"2020-12-08T00:00:00/2020-12-09T00:00:00","location":{"coordinates":[3.81324,43.5907],"type":"Point"},"id":"MMM_EcoCompt_X2H20042632_202012080000","type":"TrafficFlowObserved","vehicleType":"bicycle","reversedLane":false}
{"intensity":200,"laneId":97705885,"dateObserved":"2020-12-09T00:00:00/2020-12-10T00:00:00","location":{"coordinates":[3.81324,43.5907],"type":"Point"},"id":"MMM_EcoCompt_X2H20042632_202012090000","type":"TrafficFlowObserved","vehicleType":"bicycle","reversedLane":false}
{"intensity":42,"laneId":97705885,"dateObserved":"2020-12-10T00:00:00/2020-12-11T00:00:00","location":{"coordinates":[3.81324,43.5907],"type":"Point"},"id":"MMM_EcoCompt_X2H20042632_202012100000","type":"TrafficFlowObserved","vehicleType":"bicycle","reversedLane":false}
{"intensity":33,"laneId":97705885,"dateObserved":"2020-12-11T00:00:00/2020-12-12T00:00:00","location":{"coordinates":[3.81324,43.5907],"type":"Point"},"id":"MMM_EcoCompt_X2H20042632_202012110000","type":"TrafficFlowObserved","vehicleType":"bicycle","reversedLane":false}
{"intensity":173,"laneId":97705885,"dateObserved":"2020-12-12T00:00:00/2020-12-13T00:00:00","location":{"coordinates":[3.81324,43.5907],"type":"Point"},"id":"MMM_EcoCompt_X2H20042632_202012120000","type":"TrafficFlowObserved","vehicleType":"bicycle","reversedLane":false}
{"intensity":506,"laneId":97705885,"dateObserved":"2020-12-13T00:00:00/2020-12-14T00:00:00","location":{"coordinates":[3.81324,43.5907],"type":"Point"},"id":"MMM_EcoCompt_X2H20042632_202012130000","type":"TrafficFlowObserved","vehicleType":"bicycle","reversedLane":false}
{"intensity":82,"laneId":97705885,"dateObserved":"2020-12-14T00:00:00/2020-12-15T00:00:00","location":{"coordinates":[3.81324,43.5907],"type":"Point"},"id":"MMM_EcoCompt_X2H20042632_202012140000","type":"TrafficFlowObserved","vehicleType":"bicycle","reversedLane":false}
{"intensity":44,"laneId":97705885,"dateObserved":"2020-12-15T00:00:00/2020-12-16T00:00:00","location":{"coordinates":[3.81324,43.5907],"type":"Point"},"id":"MMM_EcoCompt_X2H20042632_202012150000","type":"TrafficFlowObserved","vehicleType":"bicycle","reversedLane":false}
{"intensity":136,"laneId":97705885,"dateObserved":"2020-12-16T00:00:00/2020-12-17T00:00:00","location":{"coordinates":[3.81324,43.5907],"type":"Point"},"id":"MMM_EcoCompt_X2H20042632_202012160000","type":"TrafficFlowObserved","vehicleType":"bicycle","reversedLane":false}
{"intensity":69,"laneId":97705885,"dateObserved":"2020-12-17T00:00:00/2020-12-18T00:00:00","location":{"coordinates":[3.81324,43.5907],"type":"Point"},"id":"MMM_EcoCompt_X2H20042632_202012170000","type":"TrafficFlowObserved","vehicleType":"bicycle","reversedLane":false}
{"intensity":67,"laneId":97705885,"dateObserved":"2020-12-18T00:00:00/2020-12-19T00:00:00","location":{"coordinates":[3.81324,43.5907],"type":"Point"},"id":"MMM_EcoCompt_X2H20042632_202012180000","type":"TrafficFlowObserved","vehicleType":"bicycle","reversedLane":false}
{"intensity":130,"laneId":97705885,"dateObserved":"2020-12-19T00:00:00/2020-12-20T00:00:00","location":{"coordinates":[3.81324,43.5907],"type":"Point"},"id":"MMM_EcoCompt_X2H20042632_202012190000","type":"TrafficFlowObserved","vehicleType":"bicycle","reversedLane":false}
{"intensity":119,"laneId":97705885,"dateObserved":"2020-12-20T00:00:00/2020-12-21T00:00:00","location":{"coordinates":[3.81324,43.5907],"type":"Point"},"id":"MMM_EcoCompt_X2H20042632_202012200000","type":"TrafficFlowObserved","vehicleType":"bicycle","reversedLane":false}
{"intensity":208,"laneId":97705885,"dateObserved":"2020-12-21T00:00:00/2020-12-22T00:00:00","location":{"coordinates":[3.81324,43.5907],"type":"Point"},"id":"MMM_EcoCompt_X2H20042632_202012210000","type":"TrafficFlowObserved","vehicleType":"bicycle","reversedLane":false}
{"intensity":234,"laneId":97705885,"dateObserved":"2020-12-22T00:00:00/2020-12-23T00:00:00","location":{"coordinates":[3.81324,43.5907],"type":"Point"},"id":"MMM_EcoCompt_X2H20042632_202012220000","type":"TrafficFlowObserved","vehicleType":"bicycle","reversedLane":false}
{"intensity":98,"laneId":97705885,"dateObserved":"2020-12-23T00:00:00/2020-12-24T00:00:00","location":{"coordinates":[3.81324,43.5907],"type":"Point"},"id":"MMM_EcoCompt_X2H20042632_202012230000","type":"TrafficFlowObserved","vehicleType":"bicycle","reversedLane":false}
{"intensity":162,"laneId":97705885,"dateObserved":"2020-12-24T00:00:00/2020-12-25T00:00:00","location":{"coordinates":[3.81324,43.5907],"type":"Point"},"id":"MMM_EcoCompt_X2H20042632_202012240000","type":"TrafficFlowObserved","vehicleType":"bicycle","reversedLane":false}
{"intensity":64,"laneId":97705885,"dateObserved":"2020-12-25T00:00:00/2020-12-26T00:00:00","location":{"coordinates":[3.81324,43.5907],"type":"Point"},"id":"MMM_EcoCompt_X2H20042632_202012250000","type":"TrafficFlowObserved","vehicleType":"bicycle","reversedLane":false}
{"intensity":173,"laneId":97705885,"dateObserved":"2020-12-26T00:00:00/2020-12-27T00:00:00","location":{"coordinates":[3.81324,43.5907],"type":"Point"},"id":"MMM_EcoCompt_X2H20042632_202012260000","type":"TrafficFlowObserved","vehicleType":"bicycle","reversedLane":false}
{"intensity":166,"laneId":97705885,"dateObserved":"2020-12-27T00:00:00/2020-12-28T00:00:00","location":{"coordinates":[3.81324,43.5907],"type":"Point"},"id":"MMM_EcoCompt_X2H20042632_202012270000","type":"TrafficFlowObserved","vehicleType":"bicycle","reversedLane":false}
{"intensity":114,"laneId":97705885,"dateObserved":"2020-12-28T00:00:00/2020-12-29T00:00:00","location":{"coordinates":[3.81324,43.5907],"type":"Point"},"id":"MMM_EcoCompt_X2H20042632_202012280000","type":"TrafficFlowObserved","vehicleType":"bicycle","reversedLane":false}
{"intensity":183,"laneId":97705885,"dateObserved":"2020-12-29T00:00:00/2020-12-30T00:00:00","location":{"coordinates":[3.81324,43.5907],"type":"Point"},"id":"MMM_EcoCompt_X2H20042632_202012290000","type":"TrafficFlowObserved","vehicleType":"bicycle","reversedLane":false}
{"intensity":141,"laneId":97705885,"dateObserved":"2020-12-30T00:00:00/2020-12-31T00:00:00","location":{"coordinates":[3.81324,43.5907],"type":"Point"},"id":"MMM_EcoCompt_X2H20042632_202012300000","type":"TrafficFlowObserved","vehicleType":"bicycle","reversedLane":false}
{"intensity":193,"laneId":97705885,"dateObserved":"2020-12-31T00:00:00/2021-01-01T00:00:00","location":{"coordinates":[3.81324,43.5907],"type":"Point"},"id":"MMM_EcoCompt_X2H20042632_202012310000","type":"TrafficFlowObserved","vehicleType":"bicycle","reversedLane":false}
