{"intensity":1,"laneId":105575465,"dateObserved":"2020-07-07T00:00:00/2020-07-08T00:00:00","location":{"coordinates":[3.8956288,43.6266977],"type":"Point"},"id":"MMM_EcoCompt_X2H20063163_202007070000","type":"TrafficFlowObserved","vehicleType":"bicycle","reversedLane":false}
{"intensity":926,"laneId":105575465,"dateObserved":"2020-07-08T00:00:00/2020-07-09T00:00:00","location":{"coordinates":[3.8956288,43.6266977],"type":"Point"},"id":"MMM_EcoCompt_X2H20063163_202007080000","type":"TrafficFlowObserved","vehicleType":"bicycle","reversedLane":false}
{"intensity":922,"laneId":105575465,"dateObserved":"2020-07-09T00:00:00/2020-07-10T00:00:00","location":{"coordinates":[3.8956288,43.6266977],"type":"Point"},"id":"MMM_EcoCompt_X2H20063163_202007090000","type":"TrafficFlowObserved","vehicleType":"bicycle","reversedLane":false}
{"intensity":834,"laneId":105575465,"dateObserved":"2020-07-10T00:00:00/2020-07-11T00:00:00","location":{"coordinates":[3.8956288,43.6266977],"type":"Point"},"id":"MMM_EcoCompt_X2H20063163_202007100000","type":"TrafficFlowObserved","vehicleType":"bicycle","reversedLane":false}
{"intensity":510,"laneId":105575465,"dateObserved":"2020-07-11T00:00:00/2020-07-12T00:00:00","location":{"coordinates":[3.8956288,43.6266977],"type":"Point"},"id":"MMM_EcoCompt_X2H20063163_202007110000","type":"TrafficFlowObserved","vehicleType":"bicycle","reversedLane":false}
{"intensity":471,"laneId":105575465,"dateObserved":"2020-07-12T00:00:00/2020-07-13T00:00:00","location":{"coordinates":[3.8956288,43.6266977],"type":"Point"},"id":"MMM_EcoCompt_X2H20063163_202007120000","type":"TrafficFlowObserved","vehicleType":"bicycle","reversedLane":false}
{"intensity":632,"laneId":105575465,"dateObserved":"2020-07-13T00:00:00/2020-07-14T00:00:00","location":{"coordinates":[3.8956288,43.6266977],"type":"Point"},"id":"MMM_EcoCompt_X2H20063163_202007130000","type":"TrafficFlowObserved","vehicleType":"bicycle","reversedLane":false}
{"intensity":480,"laneId":105575465,"dateObserved":"2020-07-14T00:00:00/2020-07-15T00:00:00","location":{"coordinates":[3.8956288,43.6266977],"type":"Point"},"id":"MMM_EcoCompt_X2H20063163_202007140000","type":"TrafficFlowObserved","vehicleType":"bicycle","reversedLane":false}
{"intensity":831,"laneId":105575465,"dateObserved":"2020-07-15T00:00:00/2020-07-16T00:00:00","location":{"coordinates":[3.8956288,43.6266977],"type":"Point"},"id":"MMM_EcoCompt_X2H20063163_202007150000","type":"TrafficFlowObserved","vehicleType":"bicycle","reversedLane":false}
{"intensity":865,"laneId":105575465,"dateObserved":"2020-07-16T00:00:00/2020-07-17T00:00:00","location":{"coordinates":[3.8956288,43.6266977],"type":"Point"},"id":"MMM_EcoCompt_X2H20063163_202007160000","type":"TrafficFlowObserved","vehicleType":"bicycle","reversedLane":false}
{"intensity":868,"laneId":105575465,"dateObserved":"2020-07-17T00:00:00/2020-07-18T00:00:00","location":{"coordinates":[3.8956288,43.6266977],"type":"Point"},"id":"MMM_EcoCompt_X2H20063163_202007170000","type":"TrafficFlowObserved","vehicleType":"bicycle","reversedLane":false}
{"intensity":532,"laneId":105575465,"dateObserved":"2020-07-18T00:00:00/2020-07-19T00:00:00","location":{"coordinates":[3.8956288,43.6266977],"type":"Point"},"id":"MMM_EcoCompt_X2H20063163_202007180000","type":"TrafficFlowObserved","vehicleType":"bicycle","reversedLane":false}
{"intensity":502,"laneId":105575465,"dateObserved":"2020-07-19T00:00:00/2020-07-20T00:00:00","location":{"coordinates":[3.8956288,43.6266977],"type":"Point"},"id":"MMM_EcoCompt_X2H20063163_202007190000","type":"TrafficFlowObserved","vehicleType":"bicycle","reversedLane":false}
{"intensity":810,"laneId":105575465,"dateObserved":"2020-07-20T00:00:00/2020-07-21T00:00:00","location":{"coordinates":[3.8956288,43.6266977],"type":"Point"},"id":"MMM_EcoCompt_X2H20063163_202007200000","type":"TrafficFlowObserved","vehicleType":"bicycle","reversedLane":false}
{"intensity":971,"laneId":105575465,"dateObserved":"2020-07-21T00:00:00/2020-07-22T00:00:00","location":{"coordinates":[3.8956288,43.6266977],"type":"Point"},"id":"MMM_EcoCompt_X2H20063163_202007210000","type":"TrafficFlowObserved","vehicleType":"bicycle","reversedLane":false}
{"intensity":943,"laneId":105575465,"dateObserved":"2020-07-22T00:00:00/2020-07-23T00:00:00","location":{"coordinates":[3.8956288,43.6266977],"type":"Point"},"id":"MMM_EcoCompt_X2H20063163_202007220000","type":"TrafficFlowObserved","vehicleType":"bicycle","reversedLane":false}
{"intensity":715,"laneId":105575465,"dateObserved":"2020-07-23T00:00:00/2020-07-24T00:00:00","location":{"coordinates":[3.8956288,43.6266977],"type":"Point"},"id":"MMM_EcoCompt_X2H20063163_202007230000","type":"TrafficFlowObserved","vehicleType":"bicycle","reversedLane":false}
{"intensity":787,"laneId":105575465,"dateObserved":"2020-07-24T00:00:00/2020-07-25T00:00:00","location":{"coordinates":[3.8956288,43.6266977],"type":"Point"},"id":"MMM_EcoCompt_X2H20063163_202007240000","type":"TrafficFlowObserved","vehicleType":"bicycle","reversedLane":false}
{"intensity":447,"laneId":105575465,"dateObserved":"2020-07-25T00:00:00/2020-07-26T00:00:00","location":{"coordinates":[3.8956288,43.6266977],"type":"Point"},"id":"MMM_EcoCompt_X2H20063163_202007250000","type":"TrafficFlowObserved","vehicleType":"bicycle","reversedLane":false}
{"intensity":400,"laneId":105575465,"dateObserved":"2020-07-26T00:00:00/2020-07-27T00:00:00","location":{"coordinates":[3.8956288,43.6266977],"type":"Point"},"id":"MMM_EcoCompt_X2H20063163_202007260000","type":"TrafficFlowObserved","vehicleType":"bicycle","reversedLane":false}
{"intensity":703,"laneId":105575465,"dateObserved":"2020-07-27T00:00:00/2020-07-28T00:00:00","location":{"coordinates":[3.8956288,43.6266977],"type":"Point"},"id":"MMM_EcoCompt_X2H20063163_202007270000","type":"TrafficFlowObserved","vehicleType":"bicycle","reversedLane":false}
{"intensity":787,"laneId":105575465,"dateObserved":"2020-07-28T00:00:00/2020-07-29T00:00:00","location":{"coordinates":[3.8956288,43.6266977],"type":"Point"},"id":"MMM_EcoCompt_X2H20063163_202007280000","type":"TrafficFlowObserved","vehicleType":"bicycle","reversedLane":false}
{"intensity":731,"laneId":105575465,"dateObserved":"2020-07-29T00:00:00/2020-07-30T00:00:00","location":{"coordinates":[3.8956288,43.6266977],"type":"Point"},"id":"MMM_EcoCompt_X2H20063163_202007290000","type":"TrafficFlowObserved","vehicleType":"bicycle","reversedLane":false}
{"intensity":768,"laneId":105575465,"dateObserved":"2020-07-30T00:00:00/2020-07-31T00:00:00","location":{"coordinates":[3.8956288,43.6266977],"type":"Point"},"id":"MMM_EcoCompt_X2H20063163_202007300000","type":"TrafficFlowObserved","vehicleType":"bicycle","reversedLane":false}
{"intensity":692,"laneId":105575465,"dateObserved":"2020-07-31T00:00:00/2020-08-01T00:00:00","location":{"coordinates":[3.8956288,43.6266977],"type":"Point"},"id":"MMM_EcoCompt_X2H20063163_202007310000","type":"TrafficFlowObserved","vehicleType":"bicycle","reversedLane":false}
{"intensity":387,"laneId":105575465,"dateObserved":"2020-08-01T00:00:00/2020-08-02T00:00:00","location":{"coordinates":[3.8956288,43.6266977],"type":"Point"},"id":"MMM_EcoCompt_X2H20063163_202008010000","type":"TrafficFlowObserved","vehicleType":"bicycle","reversedLane":false}
{"intensity":389,"laneId":105575465,"dateObserved":"2020-08-02T00:00:00/2020-08-03T00:00:00","location":{"coordinates":[3.8956288,43.6266977],"type":"Point"},"id":"MMM_EcoCompt_X2H20063163_202008020000","type":"TrafficFlowObserved","vehicleType":"bicycle","reversedLane":false}
{"intensity":700,"laneId":105575465,"dateObserved":"2020-08-03T00:00:00/2020-08-04T00:00:00","location":{"coordinates":[3.8956288,43.6266977],"type":"Point"},"id":"MMM_EcoCompt_X2H20063163_202008030000","type":"TrafficFlowObserved","vehicleType":"bicycle","reversedLane":false}
{"intensity":788,"laneId":105575465,"dateObserved":"2020-08-04T00:00:00/2020-08-05T00:00:00","location":{"coordinates":[3.8956288,43.6266977],"type":"Point"},"id":"MMM_EcoCompt_X2H20063163_202008040000","type":"TrafficFlowObserved","vehicleType":"bicycle","reversedLane":false}
{"intensity":747,"laneId":105575465,"dateObserved":"2020-08-05T00:00:00/2020-08-06T00:00:00","location":{"coordinates":[3.8956288,43.6266977],"type":"Point"},"id":"MMM_EcoCompt_X2H20063163_202008050000","type":"TrafficFlowObserved","vehicleType":"bicycle","reversedLane":false}
{"intensity":736,"laneId":105575465,"dateObserved":"2020-08-06T00:00:00/2020-08-07T00:00:00","location":{"coordinates":[3.8956288,43.6266977],"type":"Point"},"id":"MMM_EcoCompt_X2H20063163_202008060000","type":"TrafficFlowObserved","vehicleType":"bicycle","reversedLane":false}
{"intensity":770,"laneId":105575465,"dateObserved":"2020-08-07T00:00:00/2020-08-08T00:00:00","location":{"coordinates":[3.8956288,43.6266977],"type":"Point"},"id":"MMM_EcoCompt_X2H20063163_202008070000","type":"TrafficFlowObserved","vehicleType":"bicycle","reversedLane":false}
{"intensity":420,"laneId":105575465,"dateObserved":"2020-08-08T00:00:00/2020-08-09T00:00:00","location":{"coordinates":[3.8956288,43.6266977],"type":"Point"},"id":"MMM_EcoCompt_X2H20063163_202008080000","type":"TrafficFlowObserved","vehicleType":"bicycle","reversedLane":false}
{"intensity":391,"laneId":105575465,"dateObserved":"2020-08-09T00:00:00/2020-08-10T00:00:00","location":{"coordinates":[3.8956288,43.6266977],"type":"Point"},"id":"MMM_EcoCompt_X2H20063163_202008090000","type":"TrafficFlowObserved","vehicleType":"bicycle","reversedLane":false}
{"intensity":667,"laneId":105575465,"dateObserved":"2020-08-10T00:00:00/2020-08-11T00:00:00","location":{"coordinates":[3.8956288,43.6266977],"type":"Point"},"id":"MMM_EcoCompt_X2H20063163_202008100000","type":"TrafficFlowObserved","vehicleType":"bicycle","reversedLane":false}
{"intensity":735,"laneId":105575465,"dateObserved":"2020-08-11T00:00:00/2020-08-12T00:00:00","location":{"coordinates":[3.8956288,43.6266977],"type":"Point"},"id":"MMM_EcoCompt_X2H20063163_202008110000","type":"TrafficFlowObserved","vehicleType":"bicycle","reversedLane":false}
{"intensity":700,"laneId":105575465,"dateObserved":"2020-08-12T00:00:00/2020-08-13T00:00:00","location":{"coordinates":[3.8956288,43.6266977],"type":"Point"},"id":"MMM_EcoCompt_X2H20063163_202008120000","type":"TrafficFlowObserved","vehicleType":"bicycle","reversedLane":false}
{"intensity":624,"laneId":105575465,"dateObserved":"2020-08-13T00:00:00/2020-08-14T00:00:00","location":{"coordinates":[3.8956288,43.6266977],"type":"Point"},"id":"MMM_EcoCompt_X2H20063163_202008130000","type":"TrafficFlowObserved","vehicleType":"bicycle","reversedLane":false}
{"intensity":622,"laneId":105575465,"dateObserved":"2020-08-14T00:00:00/2020-08-15T00:00:00","location":{"coordinates":[3.8956288,43.6266977],"type":"Point"},"id":"MMM_EcoCompt_X2H20063163_202008140000","type":"TrafficFlowObserved","vehicleType":"bicycle","reversedLane":false}
{"intensity":466,"laneId":105575465,"dateObserved":"2020-08-15T00:00:00/2020-08-16T00:00:00","location":{"coordinates":[3.8956288,43.6266977],"type":"Point"},"id":"MMM_EcoCompt_X2H20063163_202008150000","type":"TrafficFlowObserved","vehicleType":"bicycle","reversedLane":false}
{"intensity":338,"laneId":105575465,"dateObserved":"2020-08-16T00:00:00/2020-08-17T00:00:00","location":{"coordinates":[3.8956288,43.6266977],"type":"Point"},"id":"MMM_EcoCompt_X2H20063163_202008160000","type":"TrafficFlowObserved","vehicleType":"bicycle","reversedLane":false}
{"intensity":692,"laneId":105575465,"dateObserved":"2020-08-17T00:00:00/2020-08-18T00:00:00","location":{"coordinates":[3.8956288,43.6266977],"type":"Point"},"id":"MMM_EcoCompt_X2H20063163_202008170000","type":"TrafficFlowObserved","vehicleType":"bicycle","reversedLane":false}
{"intensity":728,"laneId":105575465,"dateObserved":"2020-08-18T00:00:00/2020-08-19T00:00:00","location":{"coordinates":[3.8956288,43.6266977],"type":"Point"},"id":"MMM_EcoCompt_X2H20063163_202008180000","type":"TrafficFlowObserved","vehicleType":"bicycle","reversedLane":false}
{"intensity":704,"laneId":105575465,"dateObserved":"2020-08-19T00:00:00/2020-08-20T00:00:00","location":{"coordinates":[3.8956288,43.6266977],"type":"Point"},"id":"MMM_EcoCompt_X2H20063163_202008190000","type":"TrafficFlowObserved","vehicleType":"bicycle","reversedLane":false}
{"intensity":600,"laneId":105575465,"dateObserved":"2020-08-20T00:00:00/2020-08-21T00:00:00","location":{"coordinates":[3.8956288,43.6266977],"type":"Point"},"id":"MMM_EcoCompt_X2H20063163_202008200000","type":"TrafficFlowObserved","vehicleType":"bicycle","reversedLane":false}
{"intensity":556,"laneId":105575465,"dateObserved":"2020-08-21T00:00:00/2020-08-22T00:00:00","location":{"coordinates":[3.8956288,43.6266977],"type":"Point"},"id":"MMM_EcoCompt_X2H20063163_202008210000","type":"TrafficFlowObserved","vehicleType":"bicycle","reversedLane":false}
{"intensity":388,"laneId":105575465,"dateObserved":"2020-08-22T00:00:00/2020-08-23T00:00:00","location":{"coordinates":[3.8956288,43.6266977],"type":"Point"},"id":"MMM_EcoCompt_X2H20063163_202008220000","type":"TrafficFlowObserved","vehicleType":"bicycle","reversedLane":false}
{"intensity":396,"laneId":105575465,"dateObserved":"2020-08-23T00:00:00/2020-08-24T00:00:00","location":{"coordinates":[3.8956288,43.6266977],"type":"Point"},"id":"MMM_EcoCompt_X2H20063163_202008230000","type":"TrafficFlowObserved","vehicleType":"bicycle","reversedLane":false}
{"intensity":682,"laneId":105575465,"dateObserved":"2020-08-24T00:00:00/2020-08-25T00:00:00","location":{"coordinates":[3.8956288,43.6266977],"type":"Point"},"id":"MMM_EcoCompt_X2H20063163_202008240000","type":"TrafficFlowObserved","vehicleType":"bicycle","reversedLane":false}
{"intensity":773,"laneId":105575465,"dateObserved":"2020-08-25T00:00:00/2020-08-26T00:00:00","location":{"coordinates":[3.8956288,43.6266977],"type":"Point"},"id":"MMM_EcoCompt_X2H20063163_202008250000","type":"TrafficFlowObserved","vehicleType":"bicycle","reversedLane":false}
{"intensity":754,"laneId":105575465,"dateObserved":"2020-08-26T00:00:00/2020-08-27T00:00:00","location":{"coordinates":[3.8956288,43.6266977],"type":"Point"},"id":"MMM_EcoCompt_X2H20063163_202008260000","type":"TrafficFlowObserved","vehicleType":"bicycle","reversedLane":false}
{"intensity":808,"laneId":105575465,"dateObserved":"2020-08-27T00:00:00/2020-08-28T00:00:00","location":{"coordinates":[3.8956288,43.6266977],"type":"Point"},"id":"MMM_EcoCompt_X2H20063163_202008270000","type":"TrafficFlowObserved","vehicleType":"bicycle","reversedLane":false}
{"intensity":585,"laneId":105575465,"dateObserved":"2020-08-28T00:00:00/2020-08-29T00:00:00","location":{"coordinates":[3.8956288,43.6266977],"type":"Point"},"id":"MMM_EcoCompt_X2H20063163_202008280000","type":"TrafficFlowObserved","vehicleType":"bicycle","reversedLane":false}
{"intensity":427,"laneId":105575465,"dateObserved":"2020-08-29T00:00:00/2020-08-30T00:00:00","location":{"coordinates":[3.8956288,43.6266977],"type":"Point"},"id":"MMM_EcoCompt_X2H20063163_202008290000","type":"TrafficFlowObserved","vehicleType":"bicycle","reversedLane":false}
{"intensity":449,"laneId":105575465,"dateObserved":"2020-08-30T00:00:00/2020-08-31T00:00:00","location":{"coordinates":[3.8956288,43.6266977],"type":"Point"},"id":"MMM_EcoCompt_X2H20063163_202008300000","type":"TrafficFlowObserved","vehicleType":"bicycle","reversedLane":false}
{"intensity":743,"laneId":105575465,"dateObserved":"2020-08-31T00:00:00/2020-09-01T00:00:00","location":{"coordinates":[3.8956288,43.6266977],"type":"Point"},"id":"MMM_EcoCompt_X2H20063163_202008310000","type":"TrafficFlowObserved","vehicleType":"bicycle","reversedLane":false}
{"intensity":979,"laneId":105575465,"dateObserved":"2020-09-01T00:00:00/2020-09-02T00:00:00","location":{"coordinates":[3.8956288,43.6266977],"type":"Point"},"id":"MMM_EcoCompt_X2H20063163_202009010000","type":"TrafficFlowObserved","vehicleType":"bicycle","reversedLane":false}
{"intensity":909,"laneId":105575465,"dateObserved":"2020-09-02T00:00:00/2020-09-03T00:00:00","location":{"coordinates":[3.8956288,43.6266977],"type":"Point"},"id":"MMM_EcoCompt_X2H20063163_202009020000","type":"TrafficFlowObserved","vehicleType":"bicycle","reversedLane":false}
{"intensity":944,"laneId":105575465,"dateObserved":"2020-09-03T00:00:00/2020-09-04T00:00:00","location":{"coordinates":[3.8956288,43.6266977],"type":"Point"},"id":"MMM_EcoCompt_X2H20063163_202009030000","type":"TrafficFlowObserved","vehicleType":"bicycle","reversedLane":false}
{"intensity":952,"laneId":105575465,"dateObserved":"2020-09-04T00:00:00/2020-09-05T00:00:00","location":{"coordinates":[3.8956288,43.6266977],"type":"Point"},"id":"MMM_EcoCompt_X2H20063163_202009040000","type":"TrafficFlowObserved","vehicleType":"bicycle","reversedLane":false}
{"intensity":506,"laneId":105575465,"dateObserved":"2020-09-05T00:00:00/2020-09-06T00:00:00","location":{"coordinates":[3.8956288,43.6266977],"type":"Point"},"id":"MMM_EcoCompt_X2H20063163_202009050000","type":"TrafficFlowObserved","vehicleType":"bicycle","reversedLane":false}
{"intensity":436,"laneId":105575465,"dateObserved":"2020-09-06T00:00:00/2020-09-07T00:00:00","location":{"coordinates":[3.8956288,43.6266977],"type":"Point"},"id":"MMM_EcoCompt_X2H20063163_202009060000","type":"TrafficFlowObserved","vehicleType":"bicycle","reversedLane":false}
{"intensity":971,"laneId":105575465,"dateObserved":"2020-09-07T00:00:00/2020-09-08T00:00:00","location":{"coordinates":[3.8956288,43.6266977],"type":"Point"},"id":"MMM_EcoCompt_X2H20063163_202009070000","type":"TrafficFlowObserved","vehicleType":"bicycle","reversedLane":false}
{"intensity":1021,"laneId":105575465,"dateObserved":"2020-09-08T00:00:00/2020-09-09T00:00:00","location":{"coordinates":[3.8956288,43.6266977],"type":"Point"},"id":"MMM_EcoCompt_X2H20063163_202009080000","type":"TrafficFlowObserved","vehicleType":"bicycle","reversedLane":false}
{"intensity":721,"laneId":105575465,"dateObserved":"2020-09-09T00:00:00/2020-09-10T00:00:00","location":{"coordinates":[3.8956288,43.6266977],"type":"Point"},"id":"MMM_EcoCompt_X2H20063163_202009090000","type":"TrafficFlowObserved","vehicleType":"bicycle","reversedLane":false}
{"intensity":945,"laneId":105575465,"dateObserved":"2020-09-10T00:00:00/2020-09-11T00:00:00","location":{"coordinates":[3.8956288,43.6266977],"type":"Point"},"id":"MMM_EcoCompt_X2H20063163_202009100000","type":"TrafficFlowObserved","vehicleType":"bicycle","reversedLane":false}
{"intensity":917,"laneId":105575465,"dateObserved":"2020-09-11T00:00:00/2020-09-12T00:00:00","location":{"coordinates":[3.8956288,43.6266977],"type":"Point"},"id":"MMM_EcoCompt_X2H20063163_202009110000","type":"TrafficFlowObserved","vehicleType":"bicycle","reversedLane":false}
{"intensity":535,"laneId":105575465,"dateObserved":"2020-09-12T00:00:00/2020-09-13T00:00:00","location":{"coordinates":[3.8956288,43.6266977],"type":"Point"},"id":"MMM_EcoCompt_X2H20063163_202009120000","type":"TrafficFlowObserved","vehicleType":"bicycle","reversedLane":false}
{"intensity":443,"laneId":105575465,"dateObserved":"2020-09-13T00:00:00/2020-09-14T00:00:00","location":{"coordinates":[3.8956288,43.6266977],"type":"Point"},"id":"MMM_EcoCompt_X2H20063163_202009130000","type":"TrafficFlowObserved","vehicleType":"bicycle","reversedLane":false}
{"intensity":970,"laneId":105575465,"dateObserved":"2020-09-14T00:00:00/2020-09-15T00:00:00","location":{"coordinates":[3.8956288,43.6266977],"type":"Point"},"id":"MMM_EcoCompt_X2H20063163_202009140000","type":"TrafficFlowObserved","vehicleType":"bicycle","reversedLane":false}
{"intensity":1089,"laneId":105575465,"dateObserved":"2020-09-15T00:00:00/2020-09-16T00:00:00","location":{"coordinates":[3.8956288,43.6266977],"type":"Point"},"id":"MMM_EcoCompt_X2H20063163_202009150000","type":"TrafficFlowObserved","vehicleType":"bicycle","reversedLane":false}
{"intensity":983,"laneId":105575465,"dateObserved":"2020-09-16T00:00:00/2020-09-17T00:00:00","location":{"coordinates":[3.8956288,43.6266977],"type":"Point"},"id":"MMM_EcoCompt_X2H20063163_202009160000","type":"TrafficFlowObserved","vehicleType":"bicycle","reversedLane":false}
{"intensity":1025,"laneId":105575465,"dateObserved":"2020-09-17T00:00:00/2020-09-18T00:00:00","location":{"coordinates":[3.8956288,43.6266977],"type":"Point"},"id":"MMM_EcoCompt_X2H20063163_202009170000","type":"TrafficFlowObserved","vehicleType":"bicycle","reversedLane":false}
{"intensity":891,"laneId":105575465,"dateObserved":"2020-09-18T00:00:00/2020-09-19T00:00:00","location":{"coordinates":[3.8956288,43.6266977],"type":"Point"},"id":"MMM_EcoCompt_X2H20063163_202009180000","type":"TrafficFlowObserved","vehicleType":"bicycle","reversedLane":false}
{"intensity":322,"laneId":105575465,"dateObserved":"2020-09-19T00:00:00/2020-09-20T00:00:00","location":{"coordinates":[3.8956288,43.6266977],"type":"Point"},"id":"MMM_EcoCompt_X2H20063163_202009190000","type":"TrafficFlowObserved","vehicleType":"bicycle","reversedLane":false}
{"intensity":480,"laneId":105575465,"dateObserved":"2020-09-20T00:00:00/2020-09-21T00:00:00","location":{"coordinates":[3.8956288,43.6266977],"type":"Point"},"id":"MMM_EcoCompt_X2H20063163_202009200000","type":"TrafficFlowObserved","vehicleType":"bicycle","reversedLane":false}
{"intensity":931,"laneId":105575465,"dateObserved":"2020-09-21T00:00:00/2020-09-22T00:00:00","location":{"coordinates":[3.8956288,43.6266977],"type":"Point"},"id":"MMM_EcoCompt_X2H20063163_202009210000","type":"TrafficFlowObserved","vehicleType":"bicycle","reversedLane":false}
{"intensity":770,"laneId":105575465,"dateObserved":"2020-09-22T00:00:00/2020-09-23T00:00:00","location":{"coordinates":[3.8956288,43.6266977],"type":"Point"},"id":"MMM_EcoCompt_X2H20063163_202009220000","type":"TrafficFlowObserved","vehicleType":"bicycle","reversedLane":false}
{"intensity":915,"laneId":105575465,"dateObserved":"2020-09-23T00:00:00/2020-09-24T00:00:00","location":{"coordinates":[3.8956288,43.6266977],"type":"Point"},"id":"MMM_EcoCompt_X2H20063163_202009230000","type":"TrafficFlowObserved","vehicleType":"bicycle","reversedLane":false}
{"intensity":910,"laneId":105575465,"dateObserved":"2020-09-24T00:00:00/2020-09-25T00:00:00","location":{"coordinates":[3.8956288,43.6266977],"type":"Point"},"id":"MMM_EcoCompt_X2H20063163_202009240000","type":"TrafficFlowObserved","vehicleType":"bicycle","reversedLane":false}
{"intensity":824,"laneId":105575465,"dateObserved":"2020-09-25T00:00:00/2020-09-26T00:00:00","location":{"coordinates":[3.8956288,43.6266977],"type":"Point"},"id":"MMM_EcoCompt_X2H20063163_202009250000","type":"TrafficFlowObserved","vehicleType":"bicycle","reversedLane":false}
{"intensity":445,"laneId":105575465,"dateObserved":"2020-09-26T00:00:00/2020-09-27T00:00:00","location":{"coordinates":[3.8956288,43.6266977],"type":"Point"},"id":"MMM_EcoCompt_X2H20063163_202009260000","type":"TrafficFlowObserved","vehicleType":"bicycle","reversedLane":false}
{"intensity":313,"laneId":105575465,"dateObserved":"2020-09-27T00:00:00/2020-09-28T00:00:00","location":{"coordinates":[3.8956288,43.6266977],"type":"Point"},"id":"MMM_EcoCompt_X2H20063163_202009270000","type":"TrafficFlowObserved","vehicleType":"bicycle","reversedLane":false}
{"intensity":610,"laneId":105575465,"dateObserved":"2020-09-28T00:00:00/2020-09-29T00:00:00","location":{"coordinates":[3.8956288,43.6266977],"type":"Point"},"id":"MMM_EcoCompt_X2H20063163_202009280000","type":"TrafficFlowObserved","vehicleType":"bicycle","reversedLane":false}
{"intensity":896,"laneId":105575465,"dateObserved":"2020-09-29T00:00:00/2020-09-30T00:00:00","location":{"coordinates":[3.8956288,43.6266977],"type":"Point"},"id":"MMM_EcoCompt_X2H20063163_202009290000","type":"TrafficFlowObserved","vehicleType":"bicycle","reversedLane":false}
{"intensity":871,"laneId":105575465,"dateObserved":"2020-09-30T00:00:00/2020-10-01T00:00:00","location":{"coordinates":[3.8956288,43.6266977],"type":"Point"},"id":"MMM_EcoCompt_X2H20063163_202009300000","type":"TrafficFlowObserved","vehicleType":"bicycle","reversedLane":false}
{"intensity":881,"laneId":105575465,"dateObserved":"2020-10-01T00:00:00/2020-10-02T00:00:00","location":{"coordinates":[3.8956288,43.6266977],"type":"Point"},"id":"MMM_EcoCompt_X2H20063163_202010010000","type":"TrafficFlowObserved","vehicleType":"bicycle","reversedLane":false}
{"intensity":470,"laneId":105575465,"dateObserved":"2020-10-02T00:00:00/2020-10-03T00:00:00","location":{"coordinates":[3.8956288,43.6266977],"type":"Point"},"id":"MMM_EcoCompt_X2H20063163_202010020000","type":"TrafficFlowObserved","vehicleType":"bicycle","reversedLane":false}
{"intensity":465,"laneId":105575465,"dateObserved":"2020-10-03T00:00:00/2020-10-04T00:00:00","location":{"coordinates":[3.8956288,43.6266977],"type":"Point"},"id":"MMM_EcoCompt_X2H20063163_202010030000","type":"TrafficFlowObserved","vehicleType":"bicycle","reversedLane":false}
{"intensity":406,"laneId":105575465,"dateObserved":"2020-10-04T00:00:00/2020-10-05T00:00:00","location":{"coordinates":[3.8956288,43.6266977],"type":"Point"},"id":"MMM_EcoCompt_X2H20063163_202010040000","type":"TrafficFlowObserved","vehicleType":"bicycle","reversedLane":false}
{"intensity":835,"laneId":105575465,"dateObserved":"2020-10-05T00:00:00/2020-10-06T00:00:00","location":{"coordinates":[3.8956288,43.6266977],"type":"Point"},"id":"MMM_EcoCompt_X2H20063163_202010050000","type":"TrafficFlowObserved","vehicleType":"bicycle","reversedLane":false}
{"intensity":763,"laneId":105575465,"dateObserved":"2020-10-06T00:00:00/2020-10-07T00:00:00","location":{"coordinates":[3.8956288,43.6266977],"type":"Point"},"id":"MMM_EcoCompt_X2H20063163_202010060000","type":"TrafficFlowObserved","vehicleType":"bicycle","reversedLane":false}
{"intensity":837,"laneId":105575465,"dateObserved":"2020-10-07T00:00:00/2020-10-08T00:00:00","location":{"coordinates":[3.8956288,43.6266977],"type":"Point"},"id":"MMM_EcoCompt_X2H20063163_202010070000","type":"TrafficFlowObserved","vehicleType":"bicycle","reversedLane":false}
{"intensity":942,"laneId":105575465,"dateObserved":"2020-10-08T00:00:00/2020-10-09T00:00:00","location":{"coordinates":[3.8956288,43.6266977],"type":"Point"},"id":"MMM_EcoCompt_X2H20063163_202010080000","type":"TrafficFlowObserved","vehicleType":"bicycle","reversedLane":false}
{"intensity":872,"laneId":105575465,"dateObserved":"2020-10-09T00:00:00/2020-10-10T00:00:00","location":{"coordinates":[3.8956288,43.6266977],"type":"Point"},"id":"MMM_EcoCompt_X2H20063163_202010090000","type":"TrafficFlowObserved","vehicleType":"bicycle","reversedLane":false}
{"intensity":552,"laneId":105575465,"dateObserved":"2020-10-10T00:00:00/2020-10-11T00:00:00","location":{"coordinates":[3.8956288,43.6266977],"type":"Point"},"id":"MMM_EcoCompt_X2H20063163_202010100000","type":"TrafficFlowObserved","vehicleType":"bicycle","reversedLane":false}
{"intensity":394,"laneId":105575465,"dateObserved":"2020-10-11T00:00:00/2020-10-12T00:00:00","location":{"coordinates":[3.8956288,43.6266977],"type":"Point"},"id":"MMM_EcoCompt_X2H20063163_202010110000","type":"TrafficFlowObserved","vehicleType":"bicycle","reversedLane":false}
{"intensity":806,"laneId":105575465,"dateObserved":"2020-10-12T00:00:00/2020-10-13T00:00:00","location":{"coordinates":[3.8956288,43.6266977],"type":"Point"},"id":"MMM_EcoCompt_X2H20063163_202010120000","type":"TrafficFlowObserved","vehicleType":"bicycle","reversedLane":false}
{"intensity":842,"laneId":105575465,"dateObserved":"2020-10-13T00:00:00/2020-10-14T00:00:00","location":{"coordinates":[3.8956288,43.6266977],"type":"Point"},"id":"MMM_EcoCompt_X2H20063163_202010130000","type":"TrafficFlowObserved","vehicleType":"bicycle","reversedLane":false}
{"intensity":804,"laneId":105575465,"dateObserved":"2020-10-14T00:00:00/2020-10-15T00:00:00","location":{"coordinates":[3.8956288,43.6266977],"type":"Point"},"id":"MMM_EcoCompt_X2H20063163_202010140000","type":"TrafficFlowObserved","vehicleType":"bicycle","reversedLane":false}
{"intensity":864,"laneId":105575465,"dateObserved":"2020-10-15T00:00:00/2020-10-16T00:00:00","location":{"coordinates":[3.8956288,43.6266977],"type":"Point"},"id":"MMM_EcoCompt_X2H20063163_202010150000","type":"TrafficFlowObserved","vehicleType":"bicycle","reversedLane":false}
{"intensity":802,"laneId":105575465,"dateObserved":"2020-10-16T00:00:00/2020-10-17T00:00:00","location":{"coordinates":[3.8956288,43.6266977],"type":"Point"},"id":"MMM_EcoCompt_X2H20063163_202010160000","type":"TrafficFlowObserved","vehicleType":"bicycle","reversedLane":false}
{"intensity":457,"laneId":105575465,"dateObserved":"2020-10-17T00:00:00/2020-10-18T00:00:00","location":{"coordinates":[3.8956288,43.6266977],"type":"Point"},"id":"MMM_EcoCompt_X2H20063163_202010170000","type":"TrafficFlowObserved","vehicleType":"bicycle","reversedLane":false}
{"intensity":458,"laneId":105575465,"dateObserved":"2020-10-18T00:00:00/2020-10-19T00:00:00","location":{"coordinates":[3.8956288,43.6266977],"type":"Point"},"id":"MMM_EcoCompt_X2H20063163_202010180000","type":"TrafficFlowObserved","vehicleType":"bicycle","reversedLane":false}
{"intensity":615,"laneId":105575465,"dateObserved":"2020-10-19T00:00:00/2020-10-20T00:00:00","location":{"coordinates":[3.8956288,43.6266977],"type":"Point"},"id":"MMM_EcoCompt_X2H20063163_202010190000","type":"TrafficFlowObserved","vehicleType":"bicycle","reversedLane":false}
{"intensity":534,"laneId":105575465,"dateObserved":"2020-10-20T00:00:00/2020-10-21T00:00:00","location":{"coordinates":[3.8956288,43.6266977],"type":"Point"},"id":"MMM_EcoCompt_X2H20063163_202010200000","type":"TrafficFlowObserved","vehicleType":"bicycle","reversedLane":false}
{"intensity":483,"laneId":105575465,"dateObserved":"2020-10-21T00:00:00/2020-10-22T00:00:00","location":{"coordinates":[3.8956288,43.6266977],"type":"Point"},"id":"MMM_EcoCompt_X2H20063163_202010210000","type":"TrafficFlowObserved","vehicleType":"bicycle","reversedLane":false}
{"intensity":329,"laneId":105575465,"dateObserved":"2020-10-22T00:00:00/2020-10-23T00:00:00","location":{"coordinates":[3.8956288,43.6266977],"type":"Point"},"id":"MMM_EcoCompt_X2H20063163_202010220000","type":"TrafficFlowObserved","vehicleType":"bicycle","reversedLane":false}
{"intensity":428,"laneId":105575465,"dateObserved":"2020-10-23T00:00:00/2020-10-24T00:00:00","location":{"coordinates":[3.8956288,43.6266977],"type":"Point"},"id":"MMM_EcoCompt_X2H20063163_202010230000","type":"TrafficFlowObserved","vehicleType":"bicycle","reversedLane":false}
{"intensity":458,"laneId":105575465,"dateObserved":"2020-10-24T00:00:00/2020-10-25T00:00:00","location":{"coordinates":[3.8956288,43.6266977],"type":"Point"},"id":"MMM_EcoCompt_X2H20063163_202010240000","type":"TrafficFlowObserved","vehicleType":"bicycle","reversedLane":false}
{"intensity":412,"laneId":105575465,"dateObserved":"2020-10-25T00:00:00/2020-10-25T00:00:00","location":{"coordinates":[3.8956288,43.6266977],"type":"Point"},"id":"MMM_EcoCompt_X2H20063163_202010250000","type":"TrafficFlowObserved","vehicleType":"bicycle","reversedLane":false}
{"intensity":339,"laneId":105575465,"dateObserved":"2020-10-26T00:00:00/2020-10-27T00:00:00","location":{"coordinates":[3.8956288,43.6266977],"type":"Point"},"id":"MMM_EcoCompt_X2H20063163_202010260000","type":"TrafficFlowObserved","vehicleType":"bicycle","reversedLane":false}
{"intensity":647,"laneId":105575465,"dateObserved":"2020-10-27T00:00:00/2020-10-28T00:00:00","location":{"coordinates":[3.8956288,43.6266977],"type":"Point"},"id":"MMM_EcoCompt_X2H20063163_202010270000","type":"TrafficFlowObserved","vehicleType":"bicycle","reversedLane":false}
{"intensity":632,"laneId":105575465,"dateObserved":"2020-10-28T00:00:00/2020-10-29T00:00:00","location":{"coordinates":[3.8956288,43.6266977],"type":"Point"},"id":"MMM_EcoCompt_X2H20063163_202010280000","type":"TrafficFlowObserved","vehicleType":"bicycle","reversedLane":false}
{"intensity":688,"laneId":105575465,"dateObserved":"2020-10-29T00:00:00/2020-10-30T00:00:00","location":{"coordinates":[3.8956288,43.6266977],"type":"Point"},"id":"MMM_EcoCompt_X2H20063163_202010290000","type":"TrafficFlowObserved","vehicleType":"bicycle","reversedLane":false}
{"intensity":467,"laneId":105575465,"dateObserved":"2020-10-30T00:00:00/2020-10-31T00:00:00","location":{"coordinates":[3.8956288,43.6266977],"type":"Point"},"id":"MMM_EcoCompt_X2H20063163_202010300000","type":"TrafficFlowObserved","vehicleType":"bicycle","reversedLane":false}
{"intensity":237,"laneId":105575465,"dateObserved":"2020-10-31T00:00:00/2020-11-01T00:00:00","location":{"coordinates":[3.8956288,43.6266977],"type":"Point"},"id":"MMM_EcoCompt_X2H20063163_202010310000","type":"TrafficFlowObserved","vehicleType":"bicycle","reversedLane":false}
{"intensity":237,"laneId":105575465,"dateObserved":"2020-11-01T00:00:00/2020-11-02T00:00:00","location":{"coordinates":[3.8956288,43.6266977],"type":"Point"},"id":"MMM_EcoCompt_X2H20063163_202011010000","type":"TrafficFlowObserved","vehicleType":"bicycle","reversedLane":false}
{"intensity":557,"laneId":105575465,"dateObserved":"2020-11-02T00:00:00/2020-11-03T00:00:00","location":{"coordinates":[3.8956288,43.6266977],"type":"Point"},"id":"MMM_EcoCompt_X2H20063163_202011020000","type":"TrafficFlowObserved","vehicleType":"bicycle","reversedLane":false}
{"intensity":602,"laneId":105575465,"dateObserved":"2020-11-03T00:00:00/2020-11-04T00:00:00","location":{"coordinates":[3.8956288,43.6266977],"type":"Point"},"id":"MMM_EcoCompt_X2H20063163_202011030000","type":"TrafficFlowObserved","vehicleType":"bicycle","reversedLane":false}
{"intensity":541,"laneId":105575465,"dateObserved":"2020-11-04T00:00:00/2020-11-05T00:00:00","location":{"coordinates":[3.8956288,43.6266977],"type":"Point"},"id":"MMM_EcoCompt_X2H20063163_202011040000","type":"TrafficFlowObserved","vehicleType":"bicycle","reversedLane":false}
{"intensity":593,"laneId":105575465,"dateObserved":"2020-11-05T00:00:00/2020-11-06T00:00:00","location":{"coordinates":[3.8956288,43.6266977],"type":"Point"},"id":"MMM_EcoCompt_X2H20063163_202011050000","type":"TrafficFlowObserved","vehicleType":"bicycle","reversedLane":false}
{"intensity":552,"laneId":105575465,"dateObserved":"2020-11-06T00:00:00/2020-11-07T00:00:00","location":{"coordinates":[3.8956288,43.6266977],"type":"Point"},"id":"MMM_EcoCompt_X2H20063163_202011060000","type":"TrafficFlowObserved","vehicleType":"bicycle","reversedLane":false}
{"intensity":256,"laneId":105575465,"dateObserved":"2020-11-07T00:00:00/2020-11-08T00:00:00","location":{"coordinates":[3.8956288,43.6266977],"type":"Point"},"id":"MMM_EcoCompt_X2H20063163_202011070000","type":"TrafficFlowObserved","vehicleType":"bicycle","reversedLane":false}
{"intensity":260,"laneId":105575465,"dateObserved":"2020-11-08T00:00:00/2020-11-09T00:00:00","location":{"coordinates":[3.8956288,43.6266977],"type":"Point"},"id":"MMM_EcoCompt_X2H20063163_202011080000","type":"TrafficFlowObserved","vehicleType":"bicycle","reversedLane":false}
{"intensity":504,"laneId":105575465,"dateObserved":"2020-11-09T00:00:00/2020-11-10T00:00:00","location":{"coordinates":[3.8956288,43.6266977],"type":"Point"},"id":"MMM_EcoCompt_X2H20063163_202011090000","type":"TrafficFlowObserved","vehicleType":"bicycle","reversedLane":false}
{"intensity":640,"laneId":105575465,"dateObserved":"2020-11-10T00:00:00/2020-11-11T00:00:00","location":{"coordinates":[3.8956288,43.6266977],"type":"Point"},"id":"MMM_EcoCompt_X2H20063163_202011100000","type":"TrafficFlowObserved","vehicleType":"bicycle","reversedLane":false}
{"intensity":425,"laneId":105575465,"dateObserved":"2020-11-11T00:00:00/2020-11-12T00:00:00","location":{"coordinates":[3.8956288,43.6266977],"type":"Point"},"id":"MMM_EcoCompt_X2H20063163_202011110000","type":"TrafficFlowObserved","vehicleType":"bicycle","reversedLane":false}
{"intensity":640,"laneId":105575465,"dateObserved":"2020-11-12T00:00:00/2020-11-13T00:00:00","location":{"coordinates":[3.8956288,43.6266977],"type":"Point"},"id":"MMM_EcoCompt_X2H20063163_202011120000","type":"TrafficFlowObserved","vehicleType":"bicycle","reversedLane":false}
{"intensity":590,"laneId":105575465,"dateObserved":"2020-11-13T00:00:00/2020-11-14T00:00:00","location":{"coordinates":[3.8956288,43.6266977],"type":"Point"},"id":"MMM_EcoCompt_X2H20063163_202011130000","type":"TrafficFlowObserved","vehicleType":"bicycle","reversedLane":false}
{"intensity":265,"laneId":105575465,"dateObserved":"2020-11-14T00:00:00/2020-11-15T00:00:00","location":{"coordinates":[3.8956288,43.6266977],"type":"Point"},"id":"MMM_EcoCompt_X2H20063163_202011140000","type":"TrafficFlowObserved","vehicleType":"bicycle","reversedLane":false}
{"intensity":143,"laneId":105575465,"dateObserved":"2020-11-15T00:00:00/2020-11-16T00:00:00","location":{"coordinates":[3.8956288,43.6266977],"type":"Point"},"id":"MMM_EcoCompt_X2H20063163_202011150000","type":"TrafficFlowObserved","vehicleType":"bicycle","reversedLane":false}
{"intensity":606,"laneId":105575465,"dateObserved":"2020-11-16T00:00:00/2020-11-17T00:00:00","location":{"coordinates":[3.8956288,43.6266977],"type":"Point"},"id":"MMM_EcoCompt_X2H20063163_202011160000","type":"TrafficFlowObserved","vehicleType":"bicycle","reversedLane":false}
{"intensity":678,"laneId":105575465,"dateObserved":"2020-11-17T00:00:00/2020-11-18T00:00:00","location":{"coordinates":[3.8956288,43.6266977],"type":"Point"},"id":"MMM_EcoCompt_X2H20063163_202011170000","type":"TrafficFlowObserved","vehicleType":"bicycle","reversedLane":false}
{"intensity":648,"laneId":105575465,"dateObserved":"2020-11-18T00:00:00/2020-11-19T00:00:00","location":{"coordinates":[3.8956288,43.6266977],"type":"Point"},"id":"MMM_EcoCompt_X2H20063163_202011180000","type":"TrafficFlowObserved","vehicleType":"bicycle","reversedLane":false}
{"intensity":612,"laneId":105575465,"dateObserved":"2020-11-19T00:00:00/2020-11-20T00:00:00","location":{"coordinates":[3.8956288,43.6266977],"type":"Point"},"id":"MMM_EcoCompt_X2H20063163_202011190000","type":"TrafficFlowObserved","vehicleType":"bicycle","reversedLane":false}
{"intensity":635,"laneId":105575465,"dateObserved":"2020-11-20T00:00:00/2020-11-21T00:00:00","location":{"coordinates":[3.8956288,43.6266977],"type":"Point"},"id":"MMM_EcoCompt_X2H20063163_202011200000","type":"TrafficFlowObserved","vehicleType":"bicycle","reversedLane":false}
{"intensity":434,"laneId":105575465,"dateObserved":"2020-11-21T00:00:00/2020-11-22T00:00:00","location":{"coordinates":[3.8956288,43.6266977],"type":"Point"},"id":"MMM_EcoCompt_X2H20063163_202011210000","type":"TrafficFlowObserved","vehicleType":"bicycle","reversedLane":false}
{"intensity":346,"laneId":105575465,"dateObserved":"2020-11-22T00:00:00/2020-11-23T00:00:00","location":{"coordinates":[3.8956288,43.6266977],"type":"Point"},"id":"MMM_EcoCompt_X2H20063163_202011220000","type":"TrafficFlowObserved","vehicleType":"bicycle","reversedLane":false}
{"intensity":582,"laneId":105575465,"dateObserved":"2020-11-23T00:00:00/2020-11-24T00:00:00","location":{"coordinates":[3.8956288,43.6266977],"type":"Point"},"id":"MMM_EcoCompt_X2H20063163_202011230000","type":"TrafficFlowObserved","vehicleType":"bicycle","reversedLane":false}
{"intensity":626,"laneId":105575465,"dateObserved":"2020-11-24T00:00:00/2020-11-25T00:00:00","location":{"coordinates":[3.8956288,43.6266977],"type":"Point"},"id":"MMM_EcoCompt_X2H20063163_202011240000","type":"TrafficFlowObserved","vehicleType":"bicycle","reversedLane":false}
{"intensity":436,"laneId":105575465,"dateObserved":"2020-11-25T00:00:00/2020-11-26T00:00:00","location":{"coordinates":[3.8956288,43.6266977],"type":"Point"},"id":"MMM_EcoCompt_X2H20063163_202011250000","type":"TrafficFlowObserved","vehicleType":"bicycle","reversedLane":false}
{"intensity":504,"laneId":105575465,"dateObserved":"2020-11-26T00:00:00/2020-11-27T00:00:00","location":{"coordinates":[3.8956288,43.6266977],"type":"Point"},"id":"MMM_EcoCompt_X2H20063163_202011260000","type":"TrafficFlowObserved","vehicleType":"bicycle","reversedLane":false}
{"intensity":511,"laneId":105575465,"dateObserved":"2020-11-27T00:00:00/2020-11-28T00:00:00","location":{"coordinates":[3.8956288,43.6266977],"type":"Point"},"id":"MMM_EcoCompt_X2H20063163_202011270000","type":"TrafficFlowObserved","vehicleType":"bicycle","reversedLane":false}
{"intensity":397,"laneId":105575465,"dateObserved":"2020-11-28T00:00:00/2020-11-29T00:00:00","location":{"coordinates":[3.8956288,43.6266977],"type":"Point"},"id":"MMM_EcoCompt_X2H20063163_202011280000","type":"TrafficFlowObserved","vehicleType":"bicycle","reversedLane":false}
{"intensity":436,"laneId":105575465,"dateObserved":"2020-11-29T00:00:00/2020-11-30T00:00:00","location":{"coordinates":[3.8956288,43.6266977],"type":"Point"},"id":"MMM_EcoCompt_X2H20063163_202011290000","type":"TrafficFlowObserved","vehicleType":"bicycle","reversedLane":false}
{"intensity":576,"laneId":105575465,"dateObserved":"2020-11-30T00:00:00/2020-12-01T00:00:00","location":{"coordinates":[3.8956288,43.6266977],"type":"Point"},"id":"MMM_EcoCompt_X2H20063163_202011300000","type":"TrafficFlowObserved","vehicleType":"bicycle","reversedLane":false}
{"intensity":486,"laneId":105575465,"dateObserved":"2020-12-01T00:00:00/2020-12-02T00:00:00","location":{"coordinates":[3.8956288,43.6266977],"type":"Point"},"id":"MMM_EcoCompt_X2H20063163_202012010000","type":"TrafficFlowObserved","vehicleType":"bicycle","reversedLane":false}
{"intensity":575,"laneId":105575465,"dateObserved":"2020-12-02T00:00:00/2020-12-03T00:00:00","location":{"coordinates":[3.8956288,43.6266977],"type":"Point"},"id":"MMM_EcoCompt_X2H20063163_202012020000","type":"TrafficFlowObserved","vehicleType":"bicycle","reversedLane":false}
{"intensity":617,"laneId":105575465,"dateObserved":"2020-12-03T00:00:00/2020-12-04T00:00:00","location":{"coordinates":[3.8956288,43.6266977],"type":"Point"},"id":"MMM_EcoCompt_X2H20063163_202012030000","type":"TrafficFlowObserved","vehicleType":"bicycle","reversedLane":false}
{"intensity":475,"laneId":105575465,"dateObserved":"2020-12-04T00:00:00/2020-12-05T00:00:00","location":{"coordinates":[3.8956288,43.6266977],"type":"Point"},"id":"MMM_EcoCompt_X2H20063163_202012040000","type":"TrafficFlowObserved","vehicleType":"bicycle","reversedLane":false}
{"intensity":470,"laneId":105575465,"dateObserved":"2020-12-05T00:00:00/2020-12-06T00:00:00","location":{"coordinates":[3.8956288,43.6266977],"type":"Point"},"id":"MMM_EcoCompt_X2H20063163_202012050000","type":"TrafficFlowObserved","vehicleType":"bicycle","reversedLane":false}
{"intensity":333,"laneId":105575465,"dateObserved":"2020-12-06T00:00:00/2020-12-07T00:00:00","location":{"coordinates":[3.8956288,43.6266977],"type":"Point"},"id":"MMM_EcoCompt_X2H20063163_202012060000","type":"TrafficFlowObserved","vehicleType":"bicycle","reversedLane":false}
{"intensity":463,"laneId":105575465,"dateObserved":"2020-12-07T00:00:00/2020-12-08T00:00:00","location":{"coordinates":[3.8956288,43.6266977],"type":"Point"},"id":"MMM_EcoCompt_X2H20063163_202012070000","type":"TrafficFlowObserved","vehicleType":"bicycle","reversedLane":false}
{"intensity":477,"laneId":105575465,"dateObserved":"2020-12-08T00:00:00/2020-12-09T00:00:00","location":{"coordinates":[3.8956288,43.6266977],"type":"Point"},"id":"MMM_EcoCompt_X2H20063163_202012080000","type":"TrafficFlowObserved","vehicleType":"bicycle","reversedLane":false}
{"intensity":542,"laneId":105575465,"dateObserved":"2020-12-09T00:00:00/2020-12-10T00:00:00","location":{"coordinates":[3.8956288,43.6266977],"type":"Point"},"id":"MMM_EcoCompt_X2H20063163_202012090000","type":"TrafficFlowObserved","vehicleType":"bicycle","reversedLane":false}
{"intensity":319,"laneId":105575465,"dateObserved":"2020-12-10T00:00:00/2020-12-11T00:00:00","location":{"coordinates":[3.8956288,43.6266977],"type":"Point"},"id":"MMM_EcoCompt_X2H20063163_202012100000","type":"TrafficFlowObserved","vehicleType":"bicycle","reversedLane":false}
{"intensity":283,"laneId":105575465,"dateObserved":"2020-12-11T00:00:00/2020-12-12T00:00:00","location":{"coordinates":[3.8956288,43.6266977],"type":"Point"},"id":"MMM_EcoCompt_X2H20063163_202012110000","type":"TrafficFlowObserved","vehicleType":"bicycle","reversedLane":false}
{"intensity":372,"laneId":105575465,"dateObserved":"2020-12-12T00:00:00/2020-12-13T00:00:00","location":{"coordinates":[3.8956288,43.6266977],"type":"Point"},"id":"MMM_EcoCompt_X2H20063163_202012120000","type":"TrafficFlowObserved","vehicleType":"bicycle","reversedLane":false}
{"intensity":392,"laneId":105575465,"dateObserved":"2020-12-13T00:00:00/2020-12-14T00:00:00","location":{"coordinates":[3.8956288,43.6266977],"type":"Point"},"id":"MMM_EcoCompt_X2H20063163_202012130000","type":"TrafficFlowObserved","vehicleType":"bicycle","reversedLane":false}
{"intensity":430,"laneId":105575465,"dateObserved":"2020-12-14T00:00:00/2020-12-15T00:00:00","location":{"coordinates":[3.8956288,43.6266977],"type":"Point"},"id":"MMM_EcoCompt_X2H20063163_202012140000","type":"TrafficFlowObserved","vehicleType":"bicycle","reversedLane":false}
{"intensity":336,"laneId":105575465,"dateObserved":"2020-12-15T00:00:00/2020-12-16T00:00:00","location":{"coordinates":[3.8956288,43.6266977],"type":"Point"},"id":"MMM_EcoCompt_X2H20063163_202012150000","type":"TrafficFlowObserved","vehicleType":"bicycle","reversedLane":false}
{"intensity":439,"laneId":105575465,"dateObserved":"2020-12-16T00:00:00/2020-12-17T00:00:00","location":{"coordinates":[3.8956288,43.6266977],"type":"Point"},"id":"MMM_EcoCompt_X2H20063163_202012160000","type":"TrafficFlowObserved","vehicleType":"bicycle","reversedLane":false}
{"intensity":355,"laneId":105575465,"dateObserved":"2020-12-17T00:00:00/2020-12-18T00:00:00","location":{"coordinates":[3.8956288,43.6266977],"type":"Point"},"id":"MMM_EcoCompt_X2H20063163_202012170000","type":"TrafficFlowObserved","vehicleType":"bicycle","reversedLane":false}
{"intensity":0,"laneId":105575465,"dateObserved":"2020-12-18T00:00:00/2020-12-19T00:00:00","location":{"coordinates":[3.8956288,43.6266977],"type":"Point"},"id":"MMM_EcoCompt_X2H20063163_202012180000","type":"TrafficFlowObserved","vehicleType":"bicycle","reversedLane":false}
{"intensity":317,"laneId":105575465,"dateObserved":"2020-12-19T00:00:00/2020-12-20T00:00:00","location":{"coordinates":[3.8956288,43.6266977],"type":"Point"},"id":"MMM_EcoCompt_X2H20063163_202012190000","type":"TrafficFlowObserved","vehicleType":"bicycle","reversedLane":false}
{"intensity":207,"laneId":105575465,"dateObserved":"2020-12-20T00:00:00/2020-12-21T00:00:00","location":{"coordinates":[3.8956288,43.6266977],"type":"Point"},"id":"MMM_EcoCompt_X2H20063163_202012200000","type":"TrafficFlowObserved","vehicleType":"bicycle","reversedLane":false}
{"intensity":418,"laneId":105575465,"dateObserved":"2020-12-21T00:00:00/2020-12-22T00:00:00","location":{"coordinates":[3.8956288,43.6266977],"type":"Point"},"id":"MMM_EcoCompt_X2H20063163_202012210000","type":"TrafficFlowObserved","vehicleType":"bicycle","reversedLane":false}
{"intensity":436,"laneId":105575465,"dateObserved":"2020-12-22T00:00:00/2020-12-23T00:00:00","location":{"coordinates":[3.8956288,43.6266977],"type":"Point"},"id":"MMM_EcoCompt_X2H20063163_202012220000","type":"TrafficFlowObserved","vehicleType":"bicycle","reversedLane":false}
{"intensity":310,"laneId":105575465,"dateObserved":"2020-12-23T00:00:00/2020-12-24T00:00:00","location":{"coordinates":[3.8956288,43.6266977],"type":"Point"},"id":"MMM_EcoCompt_X2H20063163_202012230000","type":"TrafficFlowObserved","vehicleType":"bicycle","reversedLane":false}
{"intensity":279,"laneId":105575465,"dateObserved":"2020-12-24T00:00:00/2020-12-25T00:00:00","location":{"coordinates":[3.8956288,43.6266977],"type":"Point"},"id":"MMM_EcoCompt_X2H20063163_202012240000","type":"TrafficFlowObserved","vehicleType":"bicycle","reversedLane":false}
{"intensity":93,"laneId":105575465,"dateObserved":"2020-12-25T00:00:00/2020-12-26T00:00:00","location":{"coordinates":[3.8956288,43.6266977],"type":"Point"},"id":"MMM_EcoCompt_X2H20063163_202012250000","type":"TrafficFlowObserved","vehicleType":"bicycle","reversedLane":false}
{"intensity":244,"laneId":105575465,"dateObserved":"2020-12-26T00:00:00/2020-12-27T00:00:00","location":{"coordinates":[3.8956288,43.6266977],"type":"Point"},"id":"MMM_EcoCompt_X2H20063163_202012260000","type":"TrafficFlowObserved","vehicleType":"bicycle","reversedLane":false}
{"intensity":194,"laneId":105575465,"dateObserved":"2020-12-27T00:00:00/2020-12-28T00:00:00","location":{"coordinates":[3.8956288,43.6266977],"type":"Point"},"id":"MMM_EcoCompt_X2H20063163_202012270000","type":"TrafficFlowObserved","vehicleType":"bicycle","reversedLane":false}
{"intensity":275,"laneId":105575465,"dateObserved":"2020-12-28T00:00:00/2020-12-29T00:00:00","location":{"coordinates":[3.8956288,43.6266977],"type":"Point"},"id":"MMM_EcoCompt_X2H20063163_202012280000","type":"TrafficFlowObserved","vehicleType":"bicycle","reversedLane":false}
{"intensity":324,"laneId":105575465,"dateObserved":"2020-12-29T00:00:00/2020-12-30T00:00:00","location":{"coordinates":[3.8956288,43.6266977],"type":"Point"},"id":"MMM_EcoCompt_X2H20063163_202012290000","type":"TrafficFlowObserved","vehicleType":"bicycle","reversedLane":false}
{"intensity":305,"laneId":105575465,"dateObserved":"2020-12-30T00:00:00/2020-12-31T00:00:00","location":{"coordinates":[3.8956288,43.6266977],"type":"Point"},"id":"MMM_EcoCompt_X2H20063163_202012300000","type":"TrafficFlowObserved","vehicleType":"bicycle","reversedLane":false}
{"intensity":229,"laneId":105575465,"dateObserved":"2020-12-31T00:00:00/2021-01-01T00:00:00","location":{"coordinates":[3.8956288,43.6266977],"type":"Point"},"id":"MMM_EcoCompt_X2H20063163_202012310000","type":"TrafficFlowObserved","vehicleType":"bicycle","reversedLane":false}
