{"intensity":662,"laneId":137058167,"dateObserved":"2020-06-19T00:00:00/2020-06-20T00:00:00","location":{"coordinates":[3.93324,43.57883],"type":"Point"},"id":"MMM_EcoCompt_X2H20042635_202006190000","type":"TrafficFlowObserved","vehicleType":"bicycle","reversedLane":false}
{"intensity":1000,"laneId":137058167,"dateObserved":"2020-06-20T00:00:00/2020-06-21T00:00:00","location":{"coordinates":[3.93324,43.57883],"type":"Point"},"id":"MMM_EcoCompt_X2H20042635_202006200000","type":"TrafficFlowObserved","vehicleType":"bicycle","reversedLane":false}
{"intensity":716,"laneId":137058167,"dateObserved":"2020-06-21T00:00:00/2020-06-22T00:00:00","location":{"coordinates":[3.93324,43.57883],"type":"Point"},"id":"MMM_EcoCompt_X2H20042635_202006210000","type":"TrafficFlowObserved","vehicleType":"bicycle","reversedLane":false}
{"intensity":571,"laneId":137058167,"dateObserved":"2020-06-22T00:00:00/2020-06-23T00:00:00","location":{"coordinates":[3.93324,43.57883],"type":"Point"},"id":"MMM_EcoCompt_X2H20042635_202006220000","type":"TrafficFlowObserved","vehicleType":"bicycle","reversedLane":false}
{"intensity":699,"laneId":137058167,"dateObserved":"2020-06-23T00:00:00/2020-06-24T00:00:00","location":{"coordinates":[3.93324,43.57883],"type":"Point"},"id":"MMM_EcoCompt_X2H20042635_202006230000","type":"TrafficFlowObserved","vehicleType":"bicycle","reversedLane":false}
{"intensity":763,"laneId":137058167,"dateObserved":"2020-06-24T00:00:00/2020-06-25T00:00:00","location":{"coordinates":[3.93324,43.57883],"type":"Point"},"id":"MMM_EcoCompt_X2H20042635_202006240000","type":"TrafficFlowObserved","vehicleType":"bicycle","reversedLane":false}
{"intensity":748,"laneId":137058167,"dateObserved":"2020-06-25T00:00:00/2020-06-26T00:00:00","location":{"coordinates":[3.93324,43.57883],"type":"Point"},"id":"MMM_EcoCompt_X2H20042635_202006250000","type":"TrafficFlowObserved","vehicleType":"bicycle","reversedLane":false}
{"intensity":668,"laneId":137058167,"dateObserved":"2020-06-26T00:00:00/2020-06-27T00:00:00","location":{"coordinates":[3.93324,43.57883],"type":"Point"},"id":"MMM_EcoCompt_X2H20042635_202006260000","type":"TrafficFlowObserved","vehicleType":"bicycle","reversedLane":false}
{"intensity":636,"laneId":137058167,"dateObserved":"2020-06-27T00:00:00/2020-06-28T00:00:00","location":{"coordinates":[3.93324,43.57883],"type":"Point"},"id":"MMM_EcoCompt_X2H20042635_202006270000","type":"TrafficFlowObserved","vehicleType":"bicycle","reversedLane":false}
{"intensity":752,"laneId":137058167,"dateObserved":"2020-06-28T00:00:00/2020-06-29T00:00:00","location":{"coordinates":[3.93324,43.57883],"type":"Point"},"id":"MMM_EcoCompt_X2H20042635_202006280000","type":"TrafficFlowObserved","vehicleType":"bicycle","reversedLane":false}
{"intensity":591,"laneId":137058167,"dateObserved":"2020-06-29T00:00:00/2020-06-30T00:00:00","location":{"coordinates":[3.93324,43.57883],"type":"Point"},"id":"MMM_EcoCompt_X2H20042635_202006290000","type":"TrafficFlowObserved","vehicleType":"bicycle","reversedLane":false}
{"intensity":709,"laneId":137058167,"dateObserved":"2020-06-30T00:00:00/2020-07-01T00:00:00","location":{"coordinates":[3.93324,43.57883],"type":"Point"},"id":"MMM_EcoCompt_X2H20042635_202006300000","type":"TrafficFlowObserved","vehicleType":"bicycle","reversedLane":false}
{"intensity":603,"laneId":137058167,"dateObserved":"2020-07-01T00:00:00/2020-07-02T00:00:00","location":{"coordinates":[3.93324,43.57883],"type":"Point"},"id":"MMM_EcoCompt_X2H20042635_202007010000","type":"TrafficFlowObserved","vehicleType":"bicycle","reversedLane":false}
{"intensity":607,"laneId":137058167,"dateObserved":"2020-07-02T00:00:00/2020-07-03T00:00:00","location":{"coordinates":[3.93324,43.57883],"type":"Point"},"id":"MMM_EcoCompt_X2H20042635_202007020000","type":"TrafficFlowObserved","vehicleType":"bicycle","reversedLane":false}
{"intensity":549,"laneId":137058167,"dateObserved":"2020-07-03T00:00:00/2020-07-04T00:00:00","location":{"coordinates":[3.93324,43.57883],"type":"Point"},"id":"MMM_EcoCompt_X2H20042635_202007030000","type":"TrafficFlowObserved","vehicleType":"bicycle","reversedLane":false}
{"intensity":688,"laneId":137058167,"dateObserved":"2020-07-04T00:00:00/2020-07-05T00:00:00","location":{"coordinates":[3.93324,43.57883],"type":"Point"},"id":"MMM_EcoCompt_X2H20042635_202007040000","type":"TrafficFlowObserved","vehicleType":"bicycle","reversedLane":false}
{"intensity":686,"laneId":137058167,"dateObserved":"2020-07-05T00:00:00/2020-07-06T00:00:00","location":{"coordinates":[3.93324,43.57883],"type":"Point"},"id":"MMM_EcoCompt_X2H20042635_202007050000","type":"TrafficFlowObserved","vehicleType":"bicycle","reversedLane":false}
{"intensity":629,"laneId":137058167,"dateObserved":"2020-07-06T00:00:00/2020-07-07T00:00:00","location":{"coordinates":[3.93324,43.57883],"type":"Point"},"id":"MMM_EcoCompt_X2H20042635_202007060000","type":"TrafficFlowObserved","vehicleType":"bicycle","reversedLane":false}
{"intensity":685,"laneId":137058167,"dateObserved":"2020-07-07T00:00:00/2020-07-08T00:00:00","location":{"coordinates":[3.93324,43.57883],"type":"Point"},"id":"MMM_EcoCompt_X2H20042635_202007070000","type":"TrafficFlowObserved","vehicleType":"bicycle","reversedLane":false}
{"intensity":633,"laneId":137058167,"dateObserved":"2020-07-08T00:00:00/2020-07-09T00:00:00","location":{"coordinates":[3.93324,43.57883],"type":"Point"},"id":"MMM_EcoCompt_X2H20042635_202007080000","type":"TrafficFlowObserved","vehicleType":"bicycle","reversedLane":false}
{"intensity":652,"laneId":137058167,"dateObserved":"2020-07-09T00:00:00/2020-07-10T00:00:00","location":{"coordinates":[3.93324,43.57883],"type":"Point"},"id":"MMM_EcoCompt_X2H20042635_202007090000","type":"TrafficFlowObserved","vehicleType":"bicycle","reversedLane":false}
{"intensity":574,"laneId":137058167,"dateObserved":"2020-07-10T00:00:00/2020-07-11T00:00:00","location":{"coordinates":[3.93324,43.57883],"type":"Point"},"id":"MMM_EcoCompt_X2H20042635_202007100000","type":"TrafficFlowObserved","vehicleType":"bicycle","reversedLane":false}
{"intensity":651,"laneId":137058167,"dateObserved":"2020-07-11T00:00:00/2020-07-12T00:00:00","location":{"coordinates":[3.93324,43.57883],"type":"Point"},"id":"MMM_EcoCompt_X2H20042635_202007110000","type":"TrafficFlowObserved","vehicleType":"bicycle","reversedLane":false}
{"intensity":695,"laneId":137058167,"dateObserved":"2020-07-12T00:00:00/2020-07-13T00:00:00","location":{"coordinates":[3.93324,43.57883],"type":"Point"},"id":"MMM_EcoCompt_X2H20042635_202007120000","type":"TrafficFlowObserved","vehicleType":"bicycle","reversedLane":false}
{"intensity":630,"laneId":137058167,"dateObserved":"2020-07-13T00:00:00/2020-07-14T00:00:00","location":{"coordinates":[3.93324,43.57883],"type":"Point"},"id":"MMM_EcoCompt_X2H20042635_202007130000","type":"TrafficFlowObserved","vehicleType":"bicycle","reversedLane":false}
{"intensity":849,"laneId":137058167,"dateObserved":"2020-07-14T00:00:00/2020-07-15T00:00:00","location":{"coordinates":[3.93324,43.57883],"type":"Point"},"id":"MMM_EcoCompt_X2H20042635_202007140000","type":"TrafficFlowObserved","vehicleType":"bicycle","reversedLane":false}
{"intensity":539,"laneId":137058167,"dateObserved":"2020-07-15T00:00:00/2020-07-16T00:00:00","location":{"coordinates":[3.93324,43.57883],"type":"Point"},"id":"MMM_EcoCompt_X2H20042635_202007150000","type":"TrafficFlowObserved","vehicleType":"bicycle","reversedLane":false}
{"intensity":677,"laneId":137058167,"dateObserved":"2020-07-16T00:00:00/2020-07-17T00:00:00","location":{"coordinates":[3.93324,43.57883],"type":"Point"},"id":"MMM_EcoCompt_X2H20042635_202007160000","type":"TrafficFlowObserved","vehicleType":"bicycle","reversedLane":false}
{"intensity":626,"laneId":137058167,"dateObserved":"2020-07-17T00:00:00/2020-07-18T00:00:00","location":{"coordinates":[3.93324,43.57883],"type":"Point"},"id":"MMM_EcoCompt_X2H20042635_202007170000","type":"TrafficFlowObserved","vehicleType":"bicycle","reversedLane":false}
{"intensity":603,"laneId":137058167,"dateObserved":"2020-07-18T00:00:00/2020-07-19T00:00:00","location":{"coordinates":[3.93324,43.57883],"type":"Point"},"id":"MMM_EcoCompt_X2H20042635_202007180000","type":"TrafficFlowObserved","vehicleType":"bicycle","reversedLane":false}
{"intensity":787,"laneId":137058167,"dateObserved":"2020-07-19T00:00:00/2020-07-20T00:00:00","location":{"coordinates":[3.93324,43.57883],"type":"Point"},"id":"MMM_EcoCompt_X2H20042635_202007190000","type":"TrafficFlowObserved","vehicleType":"bicycle","reversedLane":false}
{"intensity":703,"laneId":137058167,"dateObserved":"2020-07-20T00:00:00/2020-07-21T00:00:00","location":{"coordinates":[3.93324,43.57883],"type":"Point"},"id":"MMM_EcoCompt_X2H20042635_202007200000","type":"TrafficFlowObserved","vehicleType":"bicycle","reversedLane":false}
{"intensity":633,"laneId":137058167,"dateObserved":"2020-07-21T00:00:00/2020-07-22T00:00:00","location":{"coordinates":[3.93324,43.57883],"type":"Point"},"id":"MMM_EcoCompt_X2H20042635_202007210000","type":"TrafficFlowObserved","vehicleType":"bicycle","reversedLane":false}
{"intensity":686,"laneId":137058167,"dateObserved":"2020-07-22T00:00:00/2020-07-23T00:00:00","location":{"coordinates":[3.93324,43.57883],"type":"Point"},"id":"MMM_EcoCompt_X2H20042635_202007220000","type":"TrafficFlowObserved","vehicleType":"bicycle","reversedLane":false}
{"intensity":468,"laneId":137058167,"dateObserved":"2020-07-23T00:00:00/2020-07-24T00:00:00","location":{"coordinates":[3.93324,43.57883],"type":"Point"},"id":"MMM_EcoCompt_X2H20042635_202007230000","type":"TrafficFlowObserved","vehicleType":"bicycle","reversedLane":false}
{"intensity":579,"laneId":137058167,"dateObserved":"2020-07-24T00:00:00/2020-07-25T00:00:00","location":{"coordinates":[3.93324,43.57883],"type":"Point"},"id":"MMM_EcoCompt_X2H20042635_202007240000","type":"TrafficFlowObserved","vehicleType":"bicycle","reversedLane":false}
{"intensity":713,"laneId":137058167,"dateObserved":"2020-07-25T00:00:00/2020-07-26T00:00:00","location":{"coordinates":[3.93324,43.57883],"type":"Point"},"id":"MMM_EcoCompt_X2H20042635_202007250000","type":"TrafficFlowObserved","vehicleType":"bicycle","reversedLane":false}
{"intensity":756,"laneId":137058167,"dateObserved":"2020-07-26T00:00:00/2020-07-27T00:00:00","location":{"coordinates":[3.93324,43.57883],"type":"Point"},"id":"MMM_EcoCompt_X2H20042635_202007260000","type":"TrafficFlowObserved","vehicleType":"bicycle","reversedLane":false}
{"intensity":626,"laneId":137058167,"dateObserved":"2020-07-27T00:00:00/2020-07-28T00:00:00","location":{"coordinates":[3.93324,43.57883],"type":"Point"},"id":"MMM_EcoCompt_X2H20042635_202007270000","type":"TrafficFlowObserved","vehicleType":"bicycle","reversedLane":false}
{"intensity":620,"laneId":137058167,"dateObserved":"2020-07-28T00:00:00/2020-07-29T00:00:00","location":{"coordinates":[3.93324,43.57883],"type":"Point"},"id":"MMM_EcoCompt_X2H20042635_202007280000","type":"TrafficFlowObserved","vehicleType":"bicycle","reversedLane":false}
{"intensity":725,"laneId":137058167,"dateObserved":"2020-07-29T00:00:00/2020-07-30T00:00:00","location":{"coordinates":[3.93324,43.57883],"type":"Point"},"id":"MMM_EcoCompt_X2H20042635_202007290000","type":"TrafficFlowObserved","vehicleType":"bicycle","reversedLane":false}
{"intensity":651,"laneId":137058167,"dateObserved":"2020-07-30T00:00:00/2020-07-31T00:00:00","location":{"coordinates":[3.93324,43.57883],"type":"Point"},"id":"MMM_EcoCompt_X2H20042635_202007300000","type":"TrafficFlowObserved","vehicleType":"bicycle","reversedLane":false}
{"intensity":484,"laneId":137058167,"dateObserved":"2020-07-31T00:00:00/2020-08-01T00:00:00","location":{"coordinates":[3.93324,43.57883],"type":"Point"},"id":"MMM_EcoCompt_X2H20042635_202007310000","type":"TrafficFlowObserved","vehicleType":"bicycle","reversedLane":false}
{"intensity":671,"laneId":137058167,"dateObserved":"2020-08-01T00:00:00/2020-08-02T00:00:00","location":{"coordinates":[3.93324,43.57883],"type":"Point"},"id":"MMM_EcoCompt_X2H20042635_202008010000","type":"TrafficFlowObserved","vehicleType":"bicycle","reversedLane":false}
{"intensity":657,"laneId":137058167,"dateObserved":"2020-08-02T00:00:00/2020-08-03T00:00:00","location":{"coordinates":[3.93324,43.57883],"type":"Point"},"id":"MMM_EcoCompt_X2H20042635_202008020000","type":"TrafficFlowObserved","vehicleType":"bicycle","reversedLane":false}
{"intensity":553,"laneId":137058167,"dateObserved":"2020-08-03T00:00:00/2020-08-04T00:00:00","location":{"coordinates":[3.93324,43.57883],"type":"Point"},"id":"MMM_EcoCompt_X2H20042635_202008030000","type":"TrafficFlowObserved","vehicleType":"bicycle","reversedLane":false}
{"intensity":580,"laneId":137058167,"dateObserved":"2020-08-04T00:00:00/2020-08-05T00:00:00","location":{"coordinates":[3.93324,43.57883],"type":"Point"},"id":"MMM_EcoCompt_X2H20042635_202008040000","type":"TrafficFlowObserved","vehicleType":"bicycle","reversedLane":false}
{"intensity":612,"laneId":137058167,"dateObserved":"2020-08-05T00:00:00/2020-08-06T00:00:00","location":{"coordinates":[3.93324,43.57883],"type":"Point"},"id":"MMM_EcoCompt_X2H20042635_202008050000","type":"TrafficFlowObserved","vehicleType":"bicycle","reversedLane":false}
{"intensity":682,"laneId":137058167,"dateObserved":"2020-08-06T00:00:00/2020-08-07T00:00:00","location":{"coordinates":[3.93324,43.57883],"type":"Point"},"id":"MMM_EcoCompt_X2H20042635_202008060000","type":"TrafficFlowObserved","vehicleType":"bicycle","reversedLane":false}
{"intensity":616,"laneId":137058167,"dateObserved":"2020-08-07T00:00:00/2020-08-08T00:00:00","location":{"coordinates":[3.93324,43.57883],"type":"Point"},"id":"MMM_EcoCompt_X2H20042635_202008070000","type":"TrafficFlowObserved","vehicleType":"bicycle","reversedLane":false}
{"intensity":688,"laneId":137058167,"dateObserved":"2020-08-08T00:00:00/2020-08-09T00:00:00","location":{"coordinates":[3.93324,43.57883],"type":"Point"},"id":"MMM_EcoCompt_X2H20042635_202008080000","type":"TrafficFlowObserved","vehicleType":"bicycle","reversedLane":false}
{"intensity":647,"laneId":137058167,"dateObserved":"2020-08-09T00:00:00/2020-08-10T00:00:00","location":{"coordinates":[3.93324,43.57883],"type":"Point"},"id":"MMM_EcoCompt_X2H20042635_202008090000","type":"TrafficFlowObserved","vehicleType":"bicycle","reversedLane":false}
{"intensity":548,"laneId":137058167,"dateObserved":"2020-08-10T00:00:00/2020-08-11T00:00:00","location":{"coordinates":[3.93324,43.57883],"type":"Point"},"id":"MMM_EcoCompt_X2H20042635_202008100000","type":"TrafficFlowObserved","vehicleType":"bicycle","reversedLane":false}
{"intensity":667,"laneId":137058167,"dateObserved":"2020-08-11T00:00:00/2020-08-12T00:00:00","location":{"coordinates":[3.93324,43.57883],"type":"Point"},"id":"MMM_EcoCompt_X2H20042635_202008110000","type":"TrafficFlowObserved","vehicleType":"bicycle","reversedLane":false}
{"intensity":596,"laneId":137058167,"dateObserved":"2020-08-12T00:00:00/2020-08-13T00:00:00","location":{"coordinates":[3.93324,43.57883],"type":"Point"},"id":"MMM_EcoCompt_X2H20042635_202008120000","type":"TrafficFlowObserved","vehicleType":"bicycle","reversedLane":false}
{"intensity":639,"laneId":137058167,"dateObserved":"2020-08-13T00:00:00/2020-08-14T00:00:00","location":{"coordinates":[3.93324,43.57883],"type":"Point"},"id":"MMM_EcoCompt_X2H20042635_202008130000","type":"TrafficFlowObserved","vehicleType":"bicycle","reversedLane":false}
{"intensity":676,"laneId":137058167,"dateObserved":"2020-08-14T00:00:00/2020-08-15T00:00:00","location":{"coordinates":[3.93324,43.57883],"type":"Point"},"id":"MMM_EcoCompt_X2H20042635_202008140000","type":"TrafficFlowObserved","vehicleType":"bicycle","reversedLane":false}
{"intensity":790,"laneId":137058167,"dateObserved":"2020-08-15T00:00:00/2020-08-16T00:00:00","location":{"coordinates":[3.93324,43.57883],"type":"Point"},"id":"MMM_EcoCompt_X2H20042635_202008150000","type":"TrafficFlowObserved","vehicleType":"bicycle","reversedLane":false}
{"intensity":549,"laneId":137058167,"dateObserved":"2020-08-16T00:00:00/2020-08-17T00:00:00","location":{"coordinates":[3.93324,43.57883],"type":"Point"},"id":"MMM_EcoCompt_X2H20042635_202008160000","type":"TrafficFlowObserved","vehicleType":"bicycle","reversedLane":false}
{"intensity":676,"laneId":137058167,"dateObserved":"2020-08-17T00:00:00/2020-08-18T00:00:00","location":{"coordinates":[3.93324,43.57883],"type":"Point"},"id":"MMM_EcoCompt_X2H20042635_202008170000","type":"TrafficFlowObserved","vehicleType":"bicycle","reversedLane":false}
{"intensity":735,"laneId":137058167,"dateObserved":"2020-08-18T00:00:00/2020-08-19T00:00:00","location":{"coordinates":[3.93324,43.57883],"type":"Point"},"id":"MMM_EcoCompt_X2H20042635_202008180000","type":"TrafficFlowObserved","vehicleType":"bicycle","reversedLane":false}
{"intensity":643,"laneId":137058167,"dateObserved":"2020-08-19T00:00:00/2020-08-20T00:00:00","location":{"coordinates":[3.93324,43.57883],"type":"Point"},"id":"MMM_EcoCompt_X2H20042635_202008190000","type":"TrafficFlowObserved","vehicleType":"bicycle","reversedLane":false}
{"intensity":584,"laneId":137058167,"dateObserved":"2020-08-20T00:00:00/2020-08-21T00:00:00","location":{"coordinates":[3.93324,43.57883],"type":"Point"},"id":"MMM_EcoCompt_X2H20042635_202008200000","type":"TrafficFlowObserved","vehicleType":"bicycle","reversedLane":false}
{"intensity":714,"laneId":137058167,"dateObserved":"2020-08-21T00:00:00/2020-08-22T00:00:00","location":{"coordinates":[3.93324,43.57883],"type":"Point"},"id":"MMM_EcoCompt_X2H20042635_202008210000","type":"TrafficFlowObserved","vehicleType":"bicycle","reversedLane":false}
{"intensity":638,"laneId":137058167,"dateObserved":"2020-08-22T00:00:00/2020-08-23T00:00:00","location":{"coordinates":[3.93324,43.57883],"type":"Point"},"id":"MMM_EcoCompt_X2H20042635_202008220000","type":"TrafficFlowObserved","vehicleType":"bicycle","reversedLane":false}
{"intensity":645,"laneId":137058167,"dateObserved":"2020-08-23T00:00:00/2020-08-24T00:00:00","location":{"coordinates":[3.93324,43.57883],"type":"Point"},"id":"MMM_EcoCompt_X2H20042635_202008230000","type":"TrafficFlowObserved","vehicleType":"bicycle","reversedLane":false}
{"intensity":675,"laneId":137058167,"dateObserved":"2020-08-24T00:00:00/2020-08-25T00:00:00","location":{"coordinates":[3.93324,43.57883],"type":"Point"},"id":"MMM_EcoCompt_X2H20042635_202008240000","type":"TrafficFlowObserved","vehicleType":"bicycle","reversedLane":false}
{"intensity":662,"laneId":137058167,"dateObserved":"2020-08-25T00:00:00/2020-08-26T00:00:00","location":{"coordinates":[3.93324,43.57883],"type":"Point"},"id":"MMM_EcoCompt_X2H20042635_202008250000","type":"TrafficFlowObserved","vehicleType":"bicycle","reversedLane":false}
{"intensity":769,"laneId":137058167,"dateObserved":"2020-08-26T00:00:00/2020-08-27T00:00:00","location":{"coordinates":[3.93324,43.57883],"type":"Point"},"id":"MMM_EcoCompt_X2H20042635_202008260000","type":"TrafficFlowObserved","vehicleType":"bicycle","reversedLane":false}
{"intensity":735,"laneId":137058167,"dateObserved":"2020-08-27T00:00:00/2020-08-28T00:00:00","location":{"coordinates":[3.93324,43.57883],"type":"Point"},"id":"MMM_EcoCompt_X2H20042635_202008270000","type":"TrafficFlowObserved","vehicleType":"bicycle","reversedLane":false}
{"intensity":426,"laneId":137058167,"dateObserved":"2020-08-28T00:00:00/2020-08-29T00:00:00","location":{"coordinates":[3.93324,43.57883],"type":"Point"},"id":"MMM_EcoCompt_X2H20042635_202008280000","type":"TrafficFlowObserved","vehicleType":"bicycle","reversedLane":false}
{"intensity":352,"laneId":137058167,"dateObserved":"2020-08-29T00:00:00/2020-08-30T00:00:00","location":{"coordinates":[3.93324,43.57883],"type":"Point"},"id":"MMM_EcoCompt_X2H20042635_202008290000","type":"TrafficFlowObserved","vehicleType":"bicycle","reversedLane":false}
{"intensity":690,"laneId":137058167,"dateObserved":"2020-08-30T00:00:00/2020-08-31T00:00:00","location":{"coordinates":[3.93324,43.57883],"type":"Point"},"id":"MMM_EcoCompt_X2H20042635_202008300000","type":"TrafficFlowObserved","vehicleType":"bicycle","reversedLane":false}
{"intensity":575,"laneId":137058167,"dateObserved":"2020-08-31T00:00:00/2020-09-01T00:00:00","location":{"coordinates":[3.93324,43.57883],"type":"Point"},"id":"MMM_EcoCompt_X2H20042635_202008310000","type":"TrafficFlowObserved","vehicleType":"bicycle","reversedLane":false}
{"intensity":594,"laneId":137058167,"dateObserved":"2020-09-01T00:00:00/2020-09-02T00:00:00","location":{"coordinates":[3.93324,43.57883],"type":"Point"},"id":"MMM_EcoCompt_X2H20042635_202009010000","type":"TrafficFlowObserved","vehicleType":"bicycle","reversedLane":false}
{"intensity":681,"laneId":137058167,"dateObserved":"2020-09-02T00:00:00/2020-09-03T00:00:00","location":{"coordinates":[3.93324,43.57883],"type":"Point"},"id":"MMM_EcoCompt_X2H20042635_202009020000","type":"TrafficFlowObserved","vehicleType":"bicycle","reversedLane":false}
{"intensity":608,"laneId":137058167,"dateObserved":"2020-09-03T00:00:00/2020-09-04T00:00:00","location":{"coordinates":[3.93324,43.57883],"type":"Point"},"id":"MMM_EcoCompt_X2H20042635_202009030000","type":"TrafficFlowObserved","vehicleType":"bicycle","reversedLane":false}
{"intensity":611,"laneId":137058167,"dateObserved":"2020-09-04T00:00:00/2020-09-05T00:00:00","location":{"coordinates":[3.93324,43.57883],"type":"Point"},"id":"MMM_EcoCompt_X2H20042635_202009040000","type":"TrafficFlowObserved","vehicleType":"bicycle","reversedLane":false}
{"intensity":681,"laneId":137058167,"dateObserved":"2020-09-05T00:00:00/2020-09-06T00:00:00","location":{"coordinates":[3.93324,43.57883],"type":"Point"},"id":"MMM_EcoCompt_X2H20042635_202009050000","type":"TrafficFlowObserved","vehicleType":"bicycle","reversedLane":false}
{"intensity":805,"laneId":137058167,"dateObserved":"2020-09-06T00:00:00/2020-09-07T00:00:00","location":{"coordinates":[3.93324,43.57883],"type":"Point"},"id":"MMM_EcoCompt_X2H20042635_202009060000","type":"TrafficFlowObserved","vehicleType":"bicycle","reversedLane":false}
{"intensity":612,"laneId":137058167,"dateObserved":"2020-09-07T00:00:00/2020-09-08T00:00:00","location":{"coordinates":[3.93324,43.57883],"type":"Point"},"id":"MMM_EcoCompt_X2H20042635_202009070000","type":"TrafficFlowObserved","vehicleType":"bicycle","reversedLane":false}
{"intensity":629,"laneId":137058167,"dateObserved":"2020-09-08T00:00:00/2020-09-09T00:00:00","location":{"coordinates":[3.93324,43.57883],"type":"Point"},"id":"MMM_EcoCompt_X2H20042635_202009080000","type":"TrafficFlowObserved","vehicleType":"bicycle","reversedLane":false}
{"intensity":364,"laneId":137058167,"dateObserved":"2020-09-09T00:00:00/2020-09-10T00:00:00","location":{"coordinates":[3.93324,43.57883],"type":"Point"},"id":"MMM_EcoCompt_X2H20042635_202009090000","type":"TrafficFlowObserved","vehicleType":"bicycle","reversedLane":false}
{"intensity":529,"laneId":137058167,"dateObserved":"2020-09-10T00:00:00/2020-09-11T00:00:00","location":{"coordinates":[3.93324,43.57883],"type":"Point"},"id":"MMM_EcoCompt_X2H20042635_202009100000","type":"TrafficFlowObserved","vehicleType":"bicycle","reversedLane":false}
{"intensity":572,"laneId":137058167,"dateObserved":"2020-09-11T00:00:00/2020-09-12T00:00:00","location":{"coordinates":[3.93324,43.57883],"type":"Point"},"id":"MMM_EcoCompt_X2H20042635_202009110000","type":"TrafficFlowObserved","vehicleType":"bicycle","reversedLane":false}
{"intensity":603,"laneId":137058167,"dateObserved":"2020-09-12T00:00:00/2020-09-13T00:00:00","location":{"coordinates":[3.93324,43.57883],"type":"Point"},"id":"MMM_EcoCompt_X2H20042635_202009120000","type":"TrafficFlowObserved","vehicleType":"bicycle","reversedLane":false}
{"intensity":825,"laneId":137058167,"dateObserved":"2020-09-13T00:00:00/2020-09-14T00:00:00","location":{"coordinates":[3.93324,43.57883],"type":"Point"},"id":"MMM_EcoCompt_X2H20042635_202009130000","type":"TrafficFlowObserved","vehicleType":"bicycle","reversedLane":false}
{"intensity":657,"laneId":137058167,"dateObserved":"2020-09-14T00:00:00/2020-09-15T00:00:00","location":{"coordinates":[3.93324,43.57883],"type":"Point"},"id":"MMM_EcoCompt_X2H20042635_202009140000","type":"TrafficFlowObserved","vehicleType":"bicycle","reversedLane":false}
{"intensity":664,"laneId":137058167,"dateObserved":"2020-09-15T00:00:00/2020-09-16T00:00:00","location":{"coordinates":[3.93324,43.57883],"type":"Point"},"id":"MMM_EcoCompt_X2H20042635_202009150000","type":"TrafficFlowObserved","vehicleType":"bicycle","reversedLane":false}
{"intensity":654,"laneId":137058167,"dateObserved":"2020-09-16T00:00:00/2020-09-17T00:00:00","location":{"coordinates":[3.93324,43.57883],"type":"Point"},"id":"MMM_EcoCompt_X2H20042635_202009160000","type":"TrafficFlowObserved","vehicleType":"bicycle","reversedLane":false}
{"intensity":634,"laneId":137058167,"dateObserved":"2020-09-17T00:00:00/2020-09-18T00:00:00","location":{"coordinates":[3.93324,43.57883],"type":"Point"},"id":"MMM_EcoCompt_X2H20042635_202009170000","type":"TrafficFlowObserved","vehicleType":"bicycle","reversedLane":false}
{"intensity":491,"laneId":137058167,"dateObserved":"2020-09-18T00:00:00/2020-09-19T00:00:00","location":{"coordinates":[3.93324,43.57883],"type":"Point"},"id":"MMM_EcoCompt_X2H20042635_202009180000","type":"TrafficFlowObserved","vehicleType":"bicycle","reversedLane":false}
{"intensity":181,"laneId":137058167,"dateObserved":"2020-09-19T00:00:00/2020-09-20T00:00:00","location":{"coordinates":[3.93324,43.57883],"type":"Point"},"id":"MMM_EcoCompt_X2H20042635_202009190000","type":"TrafficFlowObserved","vehicleType":"bicycle","reversedLane":false}
{"intensity":619,"laneId":137058167,"dateObserved":"2020-09-20T00:00:00/2020-09-21T00:00:00","location":{"coordinates":[3.93324,43.57883],"type":"Point"},"id":"MMM_EcoCompt_X2H20042635_202009200000","type":"TrafficFlowObserved","vehicleType":"bicycle","reversedLane":false}
{"intensity":609,"laneId":137058167,"dateObserved":"2020-09-21T00:00:00/2020-09-22T00:00:00","location":{"coordinates":[3.93324,43.57883],"type":"Point"},"id":"MMM_EcoCompt_X2H20042635_202009210000","type":"TrafficFlowObserved","vehicleType":"bicycle","reversedLane":false}
{"intensity":342,"laneId":137058167,"dateObserved":"2020-09-22T00:00:00/2020-09-23T00:00:00","location":{"coordinates":[3.93324,43.57883],"type":"Point"},"id":"MMM_EcoCompt_X2H20042635_202009220000","type":"TrafficFlowObserved","vehicleType":"bicycle","reversedLane":false}
{"intensity":604,"laneId":137058167,"dateObserved":"2020-09-23T00:00:00/2020-09-24T00:00:00","location":{"coordinates":[3.93324,43.57883],"type":"Point"},"id":"MMM_EcoCompt_X2H20042635_202009230000","type":"TrafficFlowObserved","vehicleType":"bicycle","reversedLane":false}
{"intensity":567,"laneId":137058167,"dateObserved":"2020-09-24T00:00:00/2020-09-25T00:00:00","location":{"coordinates":[3.93324,43.57883],"type":"Point"},"id":"MMM_EcoCompt_X2H20042635_202009240000","type":"TrafficFlowObserved","vehicleType":"bicycle","reversedLane":false}
{"intensity":322,"laneId":137058167,"dateObserved":"2020-09-25T00:00:00/2020-09-26T00:00:00","location":{"coordinates":[3.93324,43.57883],"type":"Point"},"id":"MMM_EcoCompt_X2H20042635_202009250000","type":"TrafficFlowObserved","vehicleType":"bicycle","reversedLane":false}
{"intensity":271,"laneId":137058167,"dateObserved":"2020-09-26T00:00:00/2020-09-27T00:00:00","location":{"coordinates":[3.93324,43.57883],"type":"Point"},"id":"MMM_EcoCompt_X2H20042635_202009260000","type":"TrafficFlowObserved","vehicleType":"bicycle","reversedLane":false}
{"intensity":207,"laneId":137058167,"dateObserved":"2020-09-27T00:00:00/2020-09-28T00:00:00","location":{"coordinates":[3.93324,43.57883],"type":"Point"},"id":"MMM_EcoCompt_X2H20042635_202009270000","type":"TrafficFlowObserved","vehicleType":"bicycle","reversedLane":false}
{"intensity":325,"laneId":137058167,"dateObserved":"2020-09-28T00:00:00/2020-09-29T00:00:00","location":{"coordinates":[3.93324,43.57883],"type":"Point"},"id":"MMM_EcoCompt_X2H20042635_202009280000","type":"TrafficFlowObserved","vehicleType":"bicycle","reversedLane":false}
{"intensity":563,"laneId":137058167,"dateObserved":"2020-09-29T00:00:00/2020-09-30T00:00:00","location":{"coordinates":[3.93324,43.57883],"type":"Point"},"id":"MMM_EcoCompt_X2H20042635_202009290000","type":"TrafficFlowObserved","vehicleType":"bicycle","reversedLane":false}
{"intensity":596,"laneId":137058167,"dateObserved":"2020-09-30T00:00:00/2020-10-01T00:00:00","location":{"coordinates":[3.93324,43.57883],"type":"Point"},"id":"MMM_EcoCompt_X2H20042635_202009300000","type":"TrafficFlowObserved","vehicleType":"bicycle","reversedLane":false}
{"intensity":455,"laneId":137058167,"dateObserved":"2020-10-01T00:00:00/2020-10-02T00:00:00","location":{"coordinates":[3.93324,43.57883],"type":"Point"},"id":"MMM_EcoCompt_X2H20042635_202010010000","type":"TrafficFlowObserved","vehicleType":"bicycle","reversedLane":false}
{"intensity":177,"laneId":137058167,"dateObserved":"2020-10-02T00:00:00/2020-10-03T00:00:00","location":{"coordinates":[3.93324,43.57883],"type":"Point"},"id":"MMM_EcoCompt_X2H20042635_202010020000","type":"TrafficFlowObserved","vehicleType":"bicycle","reversedLane":false}
{"intensity":341,"laneId":137058167,"dateObserved":"2020-10-03T00:00:00/2020-10-04T00:00:00","location":{"coordinates":[3.93324,43.57883],"type":"Point"},"id":"MMM_EcoCompt_X2H20042635_202010030000","type":"TrafficFlowObserved","vehicleType":"bicycle","reversedLane":false}
{"intensity":410,"laneId":137058167,"dateObserved":"2020-10-04T00:00:00/2020-10-05T00:00:00","location":{"coordinates":[3.93324,43.57883],"type":"Point"},"id":"MMM_EcoCompt_X2H20042635_202010040000","type":"TrafficFlowObserved","vehicleType":"bicycle","reversedLane":false}
{"intensity":455,"laneId":137058167,"dateObserved":"2020-10-05T00:00:00/2020-10-06T00:00:00","location":{"coordinates":[3.93324,43.57883],"type":"Point"},"id":"MMM_EcoCompt_X2H20042635_202010050000","type":"TrafficFlowObserved","vehicleType":"bicycle","reversedLane":false}
{"intensity":345,"laneId":137058167,"dateObserved":"2020-10-06T00:00:00/2020-10-07T00:00:00","location":{"coordinates":[3.93324,43.57883],"type":"Point"},"id":"MMM_EcoCompt_X2H20042635_202010060000","type":"TrafficFlowObserved","vehicleType":"bicycle","reversedLane":false}
{"intensity":466,"laneId":137058167,"dateObserved":"2020-10-07T00:00:00/2020-10-08T00:00:00","location":{"coordinates":[3.93324,43.57883],"type":"Point"},"id":"MMM_EcoCompt_X2H20042635_202010070000","type":"TrafficFlowObserved","vehicleType":"bicycle","reversedLane":false}
{"intensity":580,"laneId":137058167,"dateObserved":"2020-10-08T00:00:00/2020-10-09T00:00:00","location":{"coordinates":[3.93324,43.57883],"type":"Point"},"id":"MMM_EcoCompt_X2H20042635_202010080000","type":"TrafficFlowObserved","vehicleType":"bicycle","reversedLane":false}
{"intensity":448,"laneId":137058167,"dateObserved":"2020-10-09T00:00:00/2020-10-10T00:00:00","location":{"coordinates":[3.93324,43.57883],"type":"Point"},"id":"MMM_EcoCompt_X2H20042635_202010090000","type":"TrafficFlowObserved","vehicleType":"bicycle","reversedLane":false}
{"intensity":513,"laneId":137058167,"dateObserved":"2020-10-10T00:00:00/2020-10-11T00:00:00","location":{"coordinates":[3.93324,43.57883],"type":"Point"},"id":"MMM_EcoCompt_X2H20042635_202010100000","type":"TrafficFlowObserved","vehicleType":"bicycle","reversedLane":false}
{"intensity":443,"laneId":137058167,"dateObserved":"2020-10-11T00:00:00/2020-10-12T00:00:00","location":{"coordinates":[3.93324,43.57883],"type":"Point"},"id":"MMM_EcoCompt_X2H20042635_202010110000","type":"TrafficFlowObserved","vehicleType":"bicycle","reversedLane":false}
{"intensity":409,"laneId":137058167,"dateObserved":"2020-10-12T00:00:00/2020-10-13T00:00:00","location":{"coordinates":[3.93324,43.57883],"type":"Point"},"id":"MMM_EcoCompt_X2H20042635_202010120000","type":"TrafficFlowObserved","vehicleType":"bicycle","reversedLane":false}
{"intensity":422,"laneId":137058167,"dateObserved":"2020-10-13T00:00:00/2020-10-14T00:00:00","location":{"coordinates":[3.93324,43.57883],"type":"Point"},"id":"MMM_EcoCompt_X2H20042635_202010130000","type":"TrafficFlowObserved","vehicleType":"bicycle","reversedLane":false}
{"intensity":493,"laneId":137058167,"dateObserved":"2020-10-14T00:00:00/2020-10-15T00:00:00","location":{"coordinates":[3.93324,43.57883],"type":"Point"},"id":"MMM_EcoCompt_X2H20042635_202010140000","type":"TrafficFlowObserved","vehicleType":"bicycle","reversedLane":false}
{"intensity":440,"laneId":137058167,"dateObserved":"2020-10-15T00:00:00/2020-10-16T00:00:00","location":{"coordinates":[3.93324,43.57883],"type":"Point"},"id":"MMM_EcoCompt_X2H20042635_202010150000","type":"TrafficFlowObserved","vehicleType":"bicycle","reversedLane":false}
{"intensity":346,"laneId":137058167,"dateObserved":"2020-10-16T00:00:00/2020-10-17T00:00:00","location":{"coordinates":[3.93324,43.57883],"type":"Point"},"id":"MMM_EcoCompt_X2H20042635_202010160000","type":"TrafficFlowObserved","vehicleType":"bicycle","reversedLane":false}
{"intensity":484,"laneId":137058167,"dateObserved":"2020-10-17T00:00:00/2020-10-18T00:00:00","location":{"coordinates":[3.93324,43.57883],"type":"Point"},"id":"MMM_EcoCompt_X2H20042635_202010170000","type":"TrafficFlowObserved","vehicleType":"bicycle","reversedLane":false}
{"intensity":638,"laneId":137058167,"dateObserved":"2020-10-18T00:00:00/2020-10-19T00:00:00","location":{"coordinates":[3.93324,43.57883],"type":"Point"},"id":"MMM_EcoCompt_X2H20042635_202010180000","type":"TrafficFlowObserved","vehicleType":"bicycle","reversedLane":false}
{"intensity":362,"laneId":137058167,"dateObserved":"2020-10-19T00:00:00/2020-10-20T00:00:00","location":{"coordinates":[3.93324,43.57883],"type":"Point"},"id":"MMM_EcoCompt_X2H20042635_202010190000","type":"TrafficFlowObserved","vehicleType":"bicycle","reversedLane":false}
{"intensity":238,"laneId":137058167,"dateObserved":"2020-10-20T00:00:00/2020-10-21T00:00:00","location":{"coordinates":[3.93324,43.57883],"type":"Point"},"id":"MMM_EcoCompt_X2H20042635_202010200000","type":"TrafficFlowObserved","vehicleType":"bicycle","reversedLane":false}
{"intensity":200,"laneId":137058167,"dateObserved":"2020-10-21T00:00:00/2020-10-22T00:00:00","location":{"coordinates":[3.93324,43.57883],"type":"Point"},"id":"MMM_EcoCompt_X2H20042635_202010210000","type":"TrafficFlowObserved","vehicleType":"bicycle","reversedLane":false}
{"intensity":156,"laneId":137058167,"dateObserved":"2020-10-22T00:00:00/2020-10-23T00:00:00","location":{"coordinates":[3.93324,43.57883],"type":"Point"},"id":"MMM_EcoCompt_X2H20042635_202010220000","type":"TrafficFlowObserved","vehicleType":"bicycle","reversedLane":false}
{"intensity":275,"laneId":137058167,"dateObserved":"2020-10-23T00:00:00/2020-10-24T00:00:00","location":{"coordinates":[3.93324,43.57883],"type":"Point"},"id":"MMM_EcoCompt_X2H20042635_202010230000","type":"TrafficFlowObserved","vehicleType":"bicycle","reversedLane":false}
{"intensity":679,"laneId":137058167,"dateObserved":"2020-10-24T00:00:00/2020-10-25T00:00:00","location":{"coordinates":[3.93324,43.57883],"type":"Point"},"id":"MMM_EcoCompt_X2H20042635_202010240000","type":"TrafficFlowObserved","vehicleType":"bicycle","reversedLane":false}
{"intensity":498,"laneId":137058167,"dateObserved":"2020-10-25T00:00:00/2020-10-25T00:00:00","location":{"coordinates":[3.93324,43.57883],"type":"Point"},"id":"MMM_EcoCompt_X2H20042635_202010250000","type":"TrafficFlowObserved","vehicleType":"bicycle","reversedLane":false}
{"intensity":337,"laneId":137058167,"dateObserved":"2020-10-26T00:00:00/2020-10-27T00:00:00","location":{"coordinates":[3.93324,43.57883],"type":"Point"},"id":"MMM_EcoCompt_X2H20042635_202010260000","type":"TrafficFlowObserved","vehicleType":"bicycle","reversedLane":false}
{"intensity":464,"laneId":137058167,"dateObserved":"2020-10-27T00:00:00/2020-10-28T00:00:00","location":{"coordinates":[3.93324,43.57883],"type":"Point"},"id":"MMM_EcoCompt_X2H20042635_202010270000","type":"TrafficFlowObserved","vehicleType":"bicycle","reversedLane":false}
{"intensity":423,"laneId":137058167,"dateObserved":"2020-10-28T00:00:00/2020-10-29T00:00:00","location":{"coordinates":[3.93324,43.57883],"type":"Point"},"id":"MMM_EcoCompt_X2H20042635_202010280000","type":"TrafficFlowObserved","vehicleType":"bicycle","reversedLane":false}
{"intensity":446,"laneId":137058167,"dateObserved":"2020-10-29T00:00:00/2020-10-30T00:00:00","location":{"coordinates":[3.93324,43.57883],"type":"Point"},"id":"MMM_EcoCompt_X2H20042635_202010290000","type":"TrafficFlowObserved","vehicleType":"bicycle","reversedLane":false}
{"intensity":231,"laneId":137058167,"dateObserved":"2020-10-30T00:00:00/2020-10-31T00:00:00","location":{"coordinates":[3.93324,43.57883],"type":"Point"},"id":"MMM_EcoCompt_X2H20042635_202010300000","type":"TrafficFlowObserved","vehicleType":"bicycle","reversedLane":false}
{"intensity":169,"laneId":137058167,"dateObserved":"2020-10-31T00:00:00/2020-11-01T00:00:00","location":{"coordinates":[3.93324,43.57883],"type":"Point"},"id":"MMM_EcoCompt_X2H20042635_202010310000","type":"TrafficFlowObserved","vehicleType":"bicycle","reversedLane":false}
{"intensity":133,"laneId":137058167,"dateObserved":"2020-11-01T00:00:00/2020-11-02T00:00:00","location":{"coordinates":[3.93324,43.57883],"type":"Point"},"id":"MMM_EcoCompt_X2H20042635_202011010000","type":"TrafficFlowObserved","vehicleType":"bicycle","reversedLane":false}
{"intensity":256,"laneId":137058167,"dateObserved":"2020-11-02T00:00:00/2020-11-03T00:00:00","location":{"coordinates":[3.93324,43.57883],"type":"Point"},"id":"MMM_EcoCompt_X2H20042635_202011020000","type":"TrafficFlowObserved","vehicleType":"bicycle","reversedLane":false}
{"intensity":277,"laneId":137058167,"dateObserved":"2020-11-03T00:00:00/2020-11-04T00:00:00","location":{"coordinates":[3.93324,43.57883],"type":"Point"},"id":"MMM_EcoCompt_X2H20042635_202011030000","type":"TrafficFlowObserved","vehicleType":"bicycle","reversedLane":false}
{"intensity":258,"laneId":137058167,"dateObserved":"2020-11-04T00:00:00/2020-11-05T00:00:00","location":{"coordinates":[3.93324,43.57883],"type":"Point"},"id":"MMM_EcoCompt_X2H20042635_202011040000","type":"TrafficFlowObserved","vehicleType":"bicycle","reversedLane":false}
{"intensity":302,"laneId":137058167,"dateObserved":"2020-11-05T00:00:00/2020-11-06T00:00:00","location":{"coordinates":[3.93324,43.57883],"type":"Point"},"id":"MMM_EcoCompt_X2H20042635_202011050000","type":"TrafficFlowObserved","vehicleType":"bicycle","reversedLane":false}
{"intensity":309,"laneId":137058167,"dateObserved":"2020-11-06T00:00:00/2020-11-07T00:00:00","location":{"coordinates":[3.93324,43.57883],"type":"Point"},"id":"MMM_EcoCompt_X2H20042635_202011060000","type":"TrafficFlowObserved","vehicleType":"bicycle","reversedLane":false}
{"intensity":163,"laneId":137058167,"dateObserved":"2020-11-07T00:00:00/2020-11-08T00:00:00","location":{"coordinates":[3.93324,43.57883],"type":"Point"},"id":"MMM_EcoCompt_X2H20042635_202011070000","type":"TrafficFlowObserved","vehicleType":"bicycle","reversedLane":false}
{"intensity":169,"laneId":137058167,"dateObserved":"2020-11-08T00:00:00/2020-11-09T00:00:00","location":{"coordinates":[3.93324,43.57883],"type":"Point"},"id":"MMM_EcoCompt_X2H20042635_202011080000","type":"TrafficFlowObserved","vehicleType":"bicycle","reversedLane":false}
{"intensity":291,"laneId":137058167,"dateObserved":"2020-11-09T00:00:00/2020-11-10T00:00:00","location":{"coordinates":[3.93324,43.57883],"type":"Point"},"id":"MMM_EcoCompt_X2H20042635_202011090000","type":"TrafficFlowObserved","vehicleType":"bicycle","reversedLane":false}
{"intensity":350,"laneId":137058167,"dateObserved":"2020-11-10T00:00:00/2020-11-11T00:00:00","location":{"coordinates":[3.93324,43.57883],"type":"Point"},"id":"MMM_EcoCompt_X2H20042635_202011100000","type":"TrafficFlowObserved","vehicleType":"bicycle","reversedLane":false}
{"intensity":319,"laneId":137058167,"dateObserved":"2020-11-11T00:00:00/2020-11-12T00:00:00","location":{"coordinates":[3.93324,43.57883],"type":"Point"},"id":"MMM_EcoCompt_X2H20042635_202011110000","type":"TrafficFlowObserved","vehicleType":"bicycle","reversedLane":false}
{"intensity":316,"laneId":137058167,"dateObserved":"2020-11-12T00:00:00/2020-11-13T00:00:00","location":{"coordinates":[3.93324,43.57883],"type":"Point"},"id":"MMM_EcoCompt_X2H20042635_202011120000","type":"TrafficFlowObserved","vehicleType":"bicycle","reversedLane":false}
{"intensity":324,"laneId":137058167,"dateObserved":"2020-11-13T00:00:00/2020-11-14T00:00:00","location":{"coordinates":[3.93324,43.57883],"type":"Point"},"id":"MMM_EcoCompt_X2H20042635_202011130000","type":"TrafficFlowObserved","vehicleType":"bicycle","reversedLane":false}
{"intensity":148,"laneId":137058167,"dateObserved":"2020-11-14T00:00:00/2020-11-15T00:00:00","location":{"coordinates":[3.93324,43.57883],"type":"Point"},"id":"MMM_EcoCompt_X2H20042635_202011140000","type":"TrafficFlowObserved","vehicleType":"bicycle","reversedLane":false}
{"intensity":101,"laneId":137058167,"dateObserved":"2020-11-15T00:00:00/2020-11-16T00:00:00","location":{"coordinates":[3.93324,43.57883],"type":"Point"},"id":"MMM_EcoCompt_X2H20042635_202011150000","type":"TrafficFlowObserved","vehicleType":"bicycle","reversedLane":false}
{"intensity":311,"laneId":137058167,"dateObserved":"2020-11-16T00:00:00/2020-11-17T00:00:00","location":{"coordinates":[3.93324,43.57883],"type":"Point"},"id":"MMM_EcoCompt_X2H20042635_202011160000","type":"TrafficFlowObserved","vehicleType":"bicycle","reversedLane":false}
{"intensity":353,"laneId":137058167,"dateObserved":"2020-11-17T00:00:00/2020-11-18T00:00:00","location":{"coordinates":[3.93324,43.57883],"type":"Point"},"id":"MMM_EcoCompt_X2H20042635_202011170000","type":"TrafficFlowObserved","vehicleType":"bicycle","reversedLane":false}
{"intensity":309,"laneId":137058167,"dateObserved":"2020-11-18T00:00:00/2020-11-19T00:00:00","location":{"coordinates":[3.93324,43.57883],"type":"Point"},"id":"MMM_EcoCompt_X2H20042635_202011180000","type":"TrafficFlowObserved","vehicleType":"bicycle","reversedLane":false}
{"intensity":306,"laneId":137058167,"dateObserved":"2020-11-19T00:00:00/2020-11-20T00:00:00","location":{"coordinates":[3.93324,43.57883],"type":"Point"},"id":"MMM_EcoCompt_X2H20042635_202011190000","type":"TrafficFlowObserved","vehicleType":"bicycle","reversedLane":false}
{"intensity":292,"laneId":137058167,"dateObserved":"2020-11-20T00:00:00/2020-11-21T00:00:00","location":{"coordinates":[3.93324,43.57883],"type":"Point"},"id":"MMM_EcoCompt_X2H20042635_202011200000","type":"TrafficFlowObserved","vehicleType":"bicycle","reversedLane":false}
{"intensity":271,"laneId":137058167,"dateObserved":"2020-11-21T00:00:00/2020-11-22T00:00:00","location":{"coordinates":[3.93324,43.57883],"type":"Point"},"id":"MMM_EcoCompt_X2H20042635_202011210000","type":"TrafficFlowObserved","vehicleType":"bicycle","reversedLane":false}
{"intensity":198,"laneId":137058167,"dateObserved":"2020-11-22T00:00:00/2020-11-23T00:00:00","location":{"coordinates":[3.93324,43.57883],"type":"Point"},"id":"MMM_EcoCompt_X2H20042635_202011220000","type":"TrafficFlowObserved","vehicleType":"bicycle","reversedLane":false}
{"intensity":287,"laneId":137058167,"dateObserved":"2020-11-23T00:00:00/2020-11-24T00:00:00","location":{"coordinates":[3.93324,43.57883],"type":"Point"},"id":"MMM_EcoCompt_X2H20042635_202011230000","type":"TrafficFlowObserved","vehicleType":"bicycle","reversedLane":false}
{"intensity":317,"laneId":137058167,"dateObserved":"2020-11-24T00:00:00/2020-11-25T00:00:00","location":{"coordinates":[3.93324,43.57883],"type":"Point"},"id":"MMM_EcoCompt_X2H20042635_202011240000","type":"TrafficFlowObserved","vehicleType":"bicycle","reversedLane":false}
{"intensity":176,"laneId":137058167,"dateObserved":"2020-11-25T00:00:00/2020-11-26T00:00:00","location":{"coordinates":[3.93324,43.57883],"type":"Point"},"id":"MMM_EcoCompt_X2H20042635_202011250000","type":"TrafficFlowObserved","vehicleType":"bicycle","reversedLane":false}
{"intensity":211,"laneId":137058167,"dateObserved":"2020-11-26T00:00:00/2020-11-27T00:00:00","location":{"coordinates":[3.93324,43.57883],"type":"Point"},"id":"MMM_EcoCompt_X2H20042635_202011260000","type":"TrafficFlowObserved","vehicleType":"bicycle","reversedLane":false}
{"intensity":259,"laneId":137058167,"dateObserved":"2020-11-27T00:00:00/2020-11-28T00:00:00","location":{"coordinates":[3.93324,43.57883],"type":"Point"},"id":"MMM_EcoCompt_X2H20042635_202011270000","type":"TrafficFlowObserved","vehicleType":"bicycle","reversedLane":false}
{"intensity":361,"laneId":137058167,"dateObserved":"2020-11-28T00:00:00/2020-11-29T00:00:00","location":{"coordinates":[3.93324,43.57883],"type":"Point"},"id":"MMM_EcoCompt_X2H20042635_202011280000","type":"TrafficFlowObserved","vehicleType":"bicycle","reversedLane":false}
{"intensity":1023,"laneId":137058167,"dateObserved":"2020-11-29T00:00:00/2020-11-30T00:00:00","location":{"coordinates":[3.93324,43.57883],"type":"Point"},"id":"MMM_EcoCompt_X2H20042635_202011290000","type":"TrafficFlowObserved","vehicleType":"bicycle","reversedLane":false}
{"intensity":362,"laneId":137058167,"dateObserved":"2020-11-30T00:00:00/2020-12-01T00:00:00","location":{"coordinates":[3.93324,43.57883],"type":"Point"},"id":"MMM_EcoCompt_X2H20042635_202011300000","type":"TrafficFlowObserved","vehicleType":"bicycle","reversedLane":false}
{"intensity":229,"laneId":137058167,"dateObserved":"2020-12-01T00:00:00/2020-12-02T00:00:00","location":{"coordinates":[3.93324,43.57883],"type":"Point"},"id":"MMM_EcoCompt_X2H20042635_202012010000","type":"TrafficFlowObserved","vehicleType":"bicycle","reversedLane":false}
{"intensity":3,"laneId":137058167,"dateObserved":"2020-12-02T00:00:00/2020-12-03T00:00:00","location":{"coordinates":[3.93324,43.57883],"type":"Point"},"id":"MMM_EcoCompt_X2H20042635_202012020000","type":"TrafficFlowObserved","vehicleType":"bicycle","reversedLane":false}
{"intensity":368,"laneId":137058167,"dateObserved":"2020-12-03T00:00:00/2020-12-04T00:00:00","location":{"coordinates":[3.93324,43.57883],"type":"Point"},"id":"MMM_EcoCompt_X2H20042635_202012030000","type":"TrafficFlowObserved","vehicleType":"bicycle","reversedLane":false}
{"intensity":189,"laneId":137058167,"dateObserved":"2020-12-04T00:00:00/2020-12-05T00:00:00","location":{"coordinates":[3.93324,43.57883],"type":"Point"},"id":"MMM_EcoCompt_X2H20042635_202012040000","type":"TrafficFlowObserved","vehicleType":"bicycle","reversedLane":false}
{"intensity":408,"laneId":137058167,"dateObserved":"2020-12-05T00:00:00/2020-12-06T00:00:00","location":{"coordinates":[3.93324,43.57883],"type":"Point"},"id":"MMM_EcoCompt_X2H20042635_202012050000","type":"TrafficFlowObserved","vehicleType":"bicycle","reversedLane":false}
{"intensity":385,"laneId":137058167,"dateObserved":"2020-12-06T00:00:00/2020-12-07T00:00:00","location":{"coordinates":[3.93324,43.57883],"type":"Point"},"id":"MMM_EcoCompt_X2H20042635_202012060000","type":"TrafficFlowObserved","vehicleType":"bicycle","reversedLane":false}
{"intensity":222,"laneId":137058167,"dateObserved":"2020-12-07T00:00:00/2020-12-08T00:00:00","location":{"coordinates":[3.93324,43.57883],"type":"Point"},"id":"MMM_EcoCompt_X2H20042635_202012070000","type":"TrafficFlowObserved","vehicleType":"bicycle","reversedLane":false}
{"intensity":198,"laneId":137058167,"dateObserved":"2020-12-08T00:00:00/2020-12-09T00:00:00","location":{"coordinates":[3.93324,43.57883],"type":"Point"},"id":"MMM_EcoCompt_X2H20042635_202012080000","type":"TrafficFlowObserved","vehicleType":"bicycle","reversedLane":false}
{"intensity":345,"laneId":137058167,"dateObserved":"2020-12-09T00:00:00/2020-12-10T00:00:00","location":{"coordinates":[3.93324,43.57883],"type":"Point"},"id":"MMM_EcoCompt_X2H20042635_202012090000","type":"TrafficFlowObserved","vehicleType":"bicycle","reversedLane":false}
{"intensity":116,"laneId":137058167,"dateObserved":"2020-12-10T00:00:00/2020-12-11T00:00:00","location":{"coordinates":[3.93324,43.57883],"type":"Point"},"id":"MMM_EcoCompt_X2H20042635_202012100000","type":"TrafficFlowObserved","vehicleType":"bicycle","reversedLane":false}
{"intensity":102,"laneId":137058167,"dateObserved":"2020-12-11T00:00:00/2020-12-12T00:00:00","location":{"coordinates":[3.93324,43.57883],"type":"Point"},"id":"MMM_EcoCompt_X2H20042635_202012110000","type":"TrafficFlowObserved","vehicleType":"bicycle","reversedLane":false}
{"intensity":270,"laneId":137058167,"dateObserved":"2020-12-12T00:00:00/2020-12-13T00:00:00","location":{"coordinates":[3.93324,43.57883],"type":"Point"},"id":"MMM_EcoCompt_X2H20042635_202012120000","type":"TrafficFlowObserved","vehicleType":"bicycle","reversedLane":false}
{"intensity":603,"laneId":137058167,"dateObserved":"2020-12-13T00:00:00/2020-12-14T00:00:00","location":{"coordinates":[3.93324,43.57883],"type":"Point"},"id":"MMM_EcoCompt_X2H20042635_202012130000","type":"TrafficFlowObserved","vehicleType":"bicycle","reversedLane":false}
{"intensity":166,"laneId":137058167,"dateObserved":"2020-12-14T00:00:00/2020-12-15T00:00:00","location":{"coordinates":[3.93324,43.57883],"type":"Point"},"id":"MMM_EcoCompt_X2H20042635_202012140000","type":"TrafficFlowObserved","vehicleType":"bicycle","reversedLane":false}
{"intensity":115,"laneId":137058167,"dateObserved":"2020-12-15T00:00:00/2020-12-16T00:00:00","location":{"coordinates":[3.93324,43.57883],"type":"Point"},"id":"MMM_EcoCompt_X2H20042635_202012150000","type":"TrafficFlowObserved","vehicleType":"bicycle","reversedLane":false}
{"intensity":210,"laneId":137058167,"dateObserved":"2020-12-16T00:00:00/2020-12-17T00:00:00","location":{"coordinates":[3.93324,43.57883],"type":"Point"},"id":"MMM_EcoCompt_X2H20042635_202012160000","type":"TrafficFlowObserved","vehicleType":"bicycle","reversedLane":false}
{"intensity":158,"laneId":137058167,"dateObserved":"2020-12-17T00:00:00/2020-12-18T00:00:00","location":{"coordinates":[3.93324,43.57883],"type":"Point"},"id":"MMM_EcoCompt_X2H20042635_202012170000","type":"TrafficFlowObserved","vehicleType":"bicycle","reversedLane":false}
{"intensity":167,"laneId":137058167,"dateObserved":"2020-12-18T00:00:00/2020-12-19T00:00:00","location":{"coordinates":[3.93324,43.57883],"type":"Point"},"id":"MMM_EcoCompt_X2H20042635_202012180000","type":"TrafficFlowObserved","vehicleType":"bicycle","reversedLane":false}
{"intensity":235,"laneId":137058167,"dateObserved":"2020-12-19T00:00:00/2020-12-20T00:00:00","location":{"coordinates":[3.93324,43.57883],"type":"Point"},"id":"MMM_EcoCompt_X2H20042635_202012190000","type":"TrafficFlowObserved","vehicleType":"bicycle","reversedLane":false}
{"intensity":152,"laneId":137058167,"dateObserved":"2020-12-20T00:00:00/2020-12-21T00:00:00","location":{"coordinates":[3.93324,43.57883],"type":"Point"},"id":"MMM_EcoCompt_X2H20042635_202012200000","type":"TrafficFlowObserved","vehicleType":"bicycle","reversedLane":false}
{"intensity":314,"laneId":137058167,"dateObserved":"2020-12-21T00:00:00/2020-12-22T00:00:00","location":{"coordinates":[3.93324,43.57883],"type":"Point"},"id":"MMM_EcoCompt_X2H20042635_202012210000","type":"TrafficFlowObserved","vehicleType":"bicycle","reversedLane":false}
{"intensity":320,"laneId":137058167,"dateObserved":"2020-12-22T00:00:00/2020-12-23T00:00:00","location":{"coordinates":[3.93324,43.57883],"type":"Point"},"id":"MMM_EcoCompt_X2H20042635_202012220000","type":"TrafficFlowObserved","vehicleType":"bicycle","reversedLane":false}
{"intensity":204,"laneId":137058167,"dateObserved":"2020-12-23T00:00:00/2020-12-24T00:00:00","location":{"coordinates":[3.93324,43.57883],"type":"Point"},"id":"MMM_EcoCompt_X2H20042635_202012230000","type":"TrafficFlowObserved","vehicleType":"bicycle","reversedLane":false}
{"intensity":261,"laneId":137058167,"dateObserved":"2020-12-24T00:00:00/2020-12-25T00:00:00","location":{"coordinates":[3.93324,43.57883],"type":"Point"},"id":"MMM_EcoCompt_X2H20042635_202012240000","type":"TrafficFlowObserved","vehicleType":"bicycle","reversedLane":false}
{"intensity":116,"laneId":137058167,"dateObserved":"2020-12-25T00:00:00/2020-12-26T00:00:00","location":{"coordinates":[3.93324,43.57883],"type":"Point"},"id":"MMM_EcoCompt_X2H20042635_202012250000","type":"TrafficFlowObserved","vehicleType":"bicycle","reversedLane":false}
{"intensity":216,"laneId":137058167,"dateObserved":"2020-12-26T00:00:00/2020-12-27T00:00:00","location":{"coordinates":[3.93324,43.57883],"type":"Point"},"id":"MMM_EcoCompt_X2H20042635_202012260000","type":"TrafficFlowObserved","vehicleType":"bicycle","reversedLane":false}
{"intensity":177,"laneId":137058167,"dateObserved":"2020-12-27T00:00:00/2020-12-28T00:00:00","location":{"coordinates":[3.93324,43.57883],"type":"Point"},"id":"MMM_EcoCompt_X2H20042635_202012270000","type":"TrafficFlowObserved","vehicleType":"bicycle","reversedLane":false}
{"intensity":197,"laneId":137058167,"dateObserved":"2020-12-28T00:00:00/2020-12-29T00:00:00","location":{"coordinates":[3.93324,43.57883],"type":"Point"},"id":"MMM_EcoCompt_X2H20042635_202012280000","type":"TrafficFlowObserved","vehicleType":"bicycle","reversedLane":false}
{"intensity":295,"laneId":137058167,"dateObserved":"2020-12-29T00:00:00/2020-12-30T00:00:00","location":{"coordinates":[3.93324,43.57883],"type":"Point"},"id":"MMM_EcoCompt_X2H20042635_202012290000","type":"TrafficFlowObserved","vehicleType":"bicycle","reversedLane":false}
{"intensity":305,"laneId":137058167,"dateObserved":"2020-12-30T00:00:00/2020-12-31T00:00:00","location":{"coordinates":[3.93324,43.57883],"type":"Point"},"id":"MMM_EcoCompt_X2H20042635_202012300000","type":"TrafficFlowObserved","vehicleType":"bicycle","reversedLane":false}
{"intensity":205,"laneId":137058167,"dateObserved":"2020-12-31T00:00:00/2021-01-01T00:00:00","location":{"coordinates":[3.93324,43.57883],"type":"Point"},"id":"MMM_EcoCompt_X2H20042635_202012310000","type":"TrafficFlowObserved","vehicleType":"bicycle","reversedLane":false}
